ISO-10303-21;
HEADER;
/* Generated by software containing ST-Developer
 * from STEP Tools, Inc. (www.steptools.com) 
 */

FILE_DESCRIPTION(
/* description */ ('KiCad electronic assembly'),
/* implementation_level */ '2;1');

FILE_NAME(
/* name */ 'AnishPad Keycap.step',
/* time_stamp */ '2026-07-27T10:21:02-07:00',
/* author */ (''),
/* organization */ (''),
/* preprocessor_version */ 'ST-DEVELOPER v20.1',
/* originating_system */ 'Autodesk Translation Framework v15.8.0.0',
/* authorisation */ '');

FILE_SCHEMA (('AUTOMOTIVE_DESIGN { 1 0 10303 214 3 1 1 }'));
ENDSEC;

DATA;
#10=MECHANICAL_DESIGN_GEOMETRIC_PRESENTATION_REPRESENTATION('',(#13),#11340);
#11=SHAPE_REPRESENTATION_RELATIONSHIP('SRR','None',#11346,#12);
#12=ADVANCED_BREP_SHAPE_REPRESENTATION('',(#14),#11339);
#13=STYLED_ITEM('',(#11383),#14);
#14=MANIFOLD_SOLID_BREP('KeyCap4',#6985);
#15=CYLINDRICAL_SURFACE('',#7000,5.);
#16=CYLINDRICAL_SURFACE('',#7007,5.);
#17=CYLINDRICAL_SURFACE('',#7009,5.);
#18=CYLINDRICAL_SURFACE('',#7011,5.);
#19=FACE_BOUND('',#2869,.T.);
#20=FACE_BOUND('',#2875,.T.);
#21=LINE('',#9572,#894);
#22=LINE('',#9576,#895);
#23=LINE('',#9580,#896);
#24=LINE('',#9583,#897);
#25=LINE('',#9591,#898);
#26=LINE('',#9594,#899);
#27=LINE('',#9597,#900);
#28=LINE('',#9598,#901);
#29=LINE('',#9601,#902);
#30=LINE('',#9605,#903);
#31=LINE('',#9609,#904);
#32=LINE('',#9613,#905);
#33=LINE('',#9615,#906);
#34=LINE('',#9617,#907);
#35=LINE('',#9618,#908);
#36=LINE('',#9620,#909);
#37=LINE('',#9622,#910);
#38=LINE('',#9624,#911);
#39=LINE('',#9626,#912);
#40=LINE('',#9628,#913);
#41=LINE('',#9632,#914);
#42=LINE('',#9634,#915);
#43=LINE('',#9636,#916);
#44=LINE('',#9638,#917);
#45=LINE('',#9639,#918);
#46=LINE('',#9642,#919);
#47=LINE('',#9644,#920);
#48=LINE('',#9646,#921);
#49=LINE('',#9648,#922);
#50=LINE('',#9650,#923);
#51=LINE('',#9652,#924);
#52=LINE('',#9654,#925);
#53=LINE('',#9656,#926);
#54=LINE('',#9658,#927);
#55=LINE('',#9660,#928);
#56=LINE('',#9662,#929);
#57=LINE('',#9664,#930);
#58=LINE('',#9666,#931);
#59=LINE('',#9667,#932);
#60=LINE('',#9670,#933);
#61=LINE('',#9672,#934);
#62=LINE('',#9674,#935);
#63=LINE('',#9676,#936);
#64=LINE('',#9678,#937);
#65=LINE('',#9680,#938);
#66=LINE('',#9681,#939);
#67=LINE('',#9684,#940);
#68=LINE('',#9686,#941);
#69=LINE('',#9688,#942);
#70=LINE('',#9690,#943);
#71=LINE('',#9692,#944);
#72=LINE('',#9694,#945);
#73=LINE('',#9696,#946);
#74=LINE('',#9697,#947);
#75=LINE('',#9700,#948);
#76=LINE('',#9702,#949);
#77=LINE('',#9704,#950);
#78=LINE('',#9706,#951);
#79=LINE('',#9708,#952);
#80=LINE('',#9710,#953);
#81=LINE('',#9712,#954);
#82=LINE('',#9714,#955);
#83=LINE('',#9716,#956);
#84=LINE('',#9718,#957);
#85=LINE('',#9720,#958);
#86=LINE('',#9722,#959);
#87=LINE('',#9724,#960);
#88=LINE('',#9726,#961);
#89=LINE('',#9728,#962);
#90=LINE('',#9730,#963);
#91=LINE('',#9732,#964);
#92=LINE('',#9734,#965);
#93=LINE('',#9735,#966);
#94=LINE('',#9738,#967);
#95=LINE('',#9739,#968);
#96=LINE('',#9742,#969);
#97=LINE('',#9743,#970);
#98=LINE('',#9746,#971);
#99=LINE('',#9747,#972);
#100=LINE('',#9750,#973);
#101=LINE('',#9751,#974);
#102=LINE('',#9754,#975);
#103=LINE('',#9755,#976);
#104=LINE('',#9758,#977);
#105=LINE('',#9759,#978);
#106=LINE('',#9762,#979);
#107=LINE('',#9763,#980);
#108=LINE('',#9766,#981);
#109=LINE('',#9767,#982);
#110=LINE('',#9770,#983);
#111=LINE('',#9771,#984);
#112=LINE('',#9774,#985);
#113=LINE('',#9775,#986);
#114=LINE('',#9777,#987);
#115=LINE('',#9779,#988);
#116=LINE('',#9782,#989);
#117=LINE('',#9783,#990);
#118=LINE('',#9786,#991);
#119=LINE('',#9787,#992);
#120=LINE('',#9790,#993);
#121=LINE('',#9791,#994);
#122=LINE('',#9793,#995);
#123=LINE('',#9796,#996);
#124=LINE('',#9797,#997);
#125=LINE('',#9799,#998);
#126=LINE('',#9802,#999);
#127=LINE('',#9803,#1000);
#128=LINE('',#9806,#1001);
#129=LINE('',#9807,#1002);
#130=LINE('',#9810,#1003);
#131=LINE('',#9811,#1004);
#132=LINE('',#9814,#1005);
#133=LINE('',#9815,#1006);
#134=LINE('',#9818,#1007);
#135=LINE('',#9819,#1008);
#136=LINE('',#9822,#1009);
#137=LINE('',#9823,#1010);
#138=LINE('',#9826,#1011);
#139=LINE('',#9827,#1012);
#140=LINE('',#9830,#1013);
#141=LINE('',#9831,#1014);
#142=LINE('',#9834,#1015);
#143=LINE('',#9835,#1016);
#144=LINE('',#9837,#1017);
#145=LINE('',#9840,#1018);
#146=LINE('',#9841,#1019);
#147=LINE('',#9844,#1020);
#148=LINE('',#9845,#1021);
#149=LINE('',#9848,#1022);
#150=LINE('',#9850,#1023);
#151=LINE('',#9851,#1024);
#152=LINE('',#9854,#1025);
#153=LINE('',#9855,#1026);
#154=LINE('',#9858,#1027);
#155=LINE('',#9860,#1028);
#156=LINE('',#9861,#1029);
#157=LINE('',#9865,#1030);
#158=LINE('',#9866,#1031);
#159=LINE('',#9867,#1032);
#160=LINE('',#9870,#1033);
#161=LINE('',#9871,#1034);
#162=LINE('',#9872,#1035);
#163=LINE('',#9875,#1036);
#164=LINE('',#9876,#1037);
#165=LINE('',#9879,#1038);
#166=LINE('',#9881,#1039);
#167=LINE('',#9882,#1040);
#168=LINE('',#9885,#1041);
#169=LINE('',#9886,#1042);
#170=LINE('',#9889,#1043);
#171=LINE('',#9891,#1044);
#172=LINE('',#9892,#1045);
#173=LINE('',#9895,#1046);
#174=LINE('',#9897,#1047);
#175=LINE('',#9898,#1048);
#176=LINE('',#9901,#1049);
#177=LINE('',#9903,#1050);
#178=LINE('',#9904,#1051);
#179=LINE('',#9907,#1052);
#180=LINE('',#9909,#1053);
#181=LINE('',#9910,#1054);
#182=LINE('',#9913,#1055);
#183=LINE('',#9914,#1056);
#184=LINE('',#9917,#1057);
#185=LINE('',#9919,#1058);
#186=LINE('',#9920,#1059);
#187=LINE('',#9923,#1060);
#188=LINE('',#9925,#1061);
#189=LINE('',#9926,#1062);
#190=LINE('',#9928,#1063);
#191=LINE('',#9929,#1064);
#192=LINE('',#9932,#1065);
#193=LINE('',#9933,#1066);
#194=LINE('',#9936,#1067);
#195=LINE('',#9938,#1068);
#196=LINE('',#9939,#1069);
#197=LINE('',#9942,#1070);
#198=LINE('',#9944,#1071);
#199=LINE('',#9945,#1072);
#200=LINE('',#9948,#1073);
#201=LINE('',#9950,#1074);
#202=LINE('',#9951,#1075);
#203=LINE('',#9954,#1076);
#204=LINE('',#9956,#1077);
#205=LINE('',#9957,#1078);
#206=LINE('',#9959,#1079);
#207=LINE('',#9961,#1080);
#208=LINE('',#9962,#1081);
#209=LINE('',#9965,#1082);
#210=LINE('',#9967,#1083);
#211=LINE('',#9968,#1084);
#212=LINE('',#9971,#1085);
#213=LINE('',#9973,#1086);
#214=LINE('',#9974,#1087);
#215=LINE('',#9976,#1088);
#216=LINE('',#9977,#1089);
#217=LINE('',#9980,#1090);
#218=LINE('',#9982,#1091);
#219=LINE('',#9983,#1092);
#220=LINE('',#9986,#1093);
#221=LINE('',#9988,#1094);
#222=LINE('',#9989,#1095);
#223=LINE('',#9992,#1096);
#224=LINE('',#9993,#1097);
#225=LINE('',#9997,#1098);
#226=LINE('',#9998,#1099);
#227=LINE('',#9999,#1100);
#228=LINE('',#10002,#1101);
#229=LINE('',#10004,#1102);
#230=LINE('',#10005,#1103);
#231=LINE('',#10008,#1104);
#232=LINE('',#10010,#1105);
#233=LINE('',#10011,#1106);
#234=LINE('',#10013,#1107);
#235=LINE('',#10016,#1108);
#236=LINE('',#10018,#1109);
#237=LINE('',#10019,#1110);
#238=LINE('',#10022,#1111);
#239=LINE('',#10024,#1112);
#240=LINE('',#10025,#1113);
#241=LINE('',#10028,#1114);
#242=LINE('',#10030,#1115);
#243=LINE('',#10031,#1116);
#244=LINE('',#10034,#1117);
#245=LINE('',#10036,#1118);
#246=LINE('',#10037,#1119);
#247=LINE('',#10040,#1120);
#248=LINE('',#10042,#1121);
#249=LINE('',#10043,#1122);
#250=LINE('',#10046,#1123);
#251=LINE('',#10048,#1124);
#252=LINE('',#10049,#1125);
#253=LINE('',#10053,#1126);
#254=LINE('',#10054,#1127);
#255=LINE('',#10055,#1128);
#256=LINE('',#10058,#1129);
#257=LINE('',#10060,#1130);
#258=LINE('',#10061,#1131);
#259=LINE('',#10065,#1132);
#260=LINE('',#10066,#1133);
#261=LINE('',#10067,#1134);
#262=LINE('',#10071,#1135);
#263=LINE('',#10072,#1136);
#264=LINE('',#10073,#1137);
#265=LINE('',#10076,#1138);
#266=LINE('',#10078,#1139);
#267=LINE('',#10079,#1140);
#268=LINE('',#10082,#1141);
#269=LINE('',#10084,#1142);
#270=LINE('',#10085,#1143);
#271=LINE('',#10088,#1144);
#272=LINE('',#10090,#1145);
#273=LINE('',#10091,#1146);
#274=LINE('',#10094,#1147);
#275=LINE('',#10096,#1148);
#276=LINE('',#10097,#1149);
#277=LINE('',#10100,#1150);
#278=LINE('',#10102,#1151);
#279=LINE('',#10103,#1152);
#280=LINE('',#10106,#1153);
#281=LINE('',#10107,#1154);
#282=LINE('',#10108,#1155);
#283=LINE('',#10111,#1156);
#284=LINE('',#10113,#1157);
#285=LINE('',#10114,#1158);
#286=LINE('',#10117,#1159);
#287=LINE('',#10118,#1160);
#288=LINE('',#10122,#1161);
#289=LINE('',#10123,#1162);
#290=LINE('',#10124,#1163);
#291=LINE('',#10127,#1164);
#292=LINE('',#10129,#1165);
#293=LINE('',#10130,#1166);
#294=LINE('',#10133,#1167);
#295=LINE('',#10134,#1168);
#296=LINE('',#10137,#1169);
#297=LINE('',#10139,#1170);
#298=LINE('',#10140,#1171);
#299=LINE('',#10143,#1172);
#300=LINE('',#10145,#1173);
#301=LINE('',#10146,#1174);
#302=LINE('',#10149,#1175);
#303=LINE('',#10150,#1176);
#304=LINE('',#10154,#1177);
#305=LINE('',#10155,#1178);
#306=LINE('',#10156,#1179);
#307=LINE('',#10159,#1180);
#308=LINE('',#10161,#1181);
#309=LINE('',#10162,#1182);
#310=LINE('',#10165,#1183);
#311=LINE('',#10167,#1184);
#312=LINE('',#10168,#1185);
#313=LINE('',#10171,#1186);
#314=LINE('',#10173,#1187);
#315=LINE('',#10174,#1188);
#316=LINE('',#10178,#1189);
#317=LINE('',#10179,#1190);
#318=LINE('',#10180,#1191);
#319=LINE('',#10183,#1192);
#320=LINE('',#10185,#1193);
#321=LINE('',#10186,#1194);
#322=LINE('',#10188,#1195);
#323=LINE('',#10190,#1196);
#324=LINE('',#10192,#1197);
#325=LINE('',#10194,#1198);
#326=LINE('',#10198,#1199);
#327=LINE('',#10199,#1200);
#328=LINE('',#10200,#1201);
#329=LINE('',#10203,#1202);
#330=LINE('',#10204,#1203);
#331=LINE('',#10207,#1204);
#332=LINE('',#10208,#1205);
#333=LINE('',#10211,#1206);
#334=LINE('',#10212,#1207);
#335=LINE('',#10216,#1208);
#336=LINE('',#10217,#1209);
#337=LINE('',#10218,#1210);
#338=LINE('',#10221,#1211);
#339=LINE('',#10223,#1212);
#340=LINE('',#10224,#1213);
#341=LINE('',#10227,#1214);
#342=LINE('',#10228,#1215);
#343=LINE('',#10231,#1216);
#344=LINE('',#10232,#1217);
#345=LINE('',#10234,#1218);
#346=LINE('',#10236,#1219);
#347=LINE('',#10238,#1220);
#348=LINE('',#10241,#1221);
#349=LINE('',#10242,#1222);
#350=LINE('',#10245,#1223);
#351=LINE('',#10246,#1224);
#352=LINE('',#10249,#1225);
#353=LINE('',#10250,#1226);
#354=LINE('',#10253,#1227);
#355=LINE('',#10254,#1228);
#356=LINE('',#10258,#1229);
#357=LINE('',#10259,#1230);
#358=LINE('',#10260,#1231);
#359=LINE('',#10263,#1232);
#360=LINE('',#10265,#1233);
#361=LINE('',#10266,#1234);
#362=LINE('',#10269,#1235);
#363=LINE('',#10271,#1236);
#364=LINE('',#10272,#1237);
#365=LINE('',#10274,#1238);
#366=LINE('',#10275,#1239);
#367=LINE('',#10278,#1240);
#368=LINE('',#10280,#1241);
#369=LINE('',#10281,#1242);
#370=LINE('',#10284,#1243);
#371=LINE('',#10286,#1244);
#372=LINE('',#10287,#1245);
#373=LINE('',#10290,#1246);
#374=LINE('',#10291,#1247);
#375=LINE('',#10294,#1248);
#376=LINE('',#10295,#1249);
#377=LINE('',#10298,#1250);
#378=LINE('',#10300,#1251);
#379=LINE('',#10301,#1252);
#380=LINE('',#10305,#1253);
#381=LINE('',#10306,#1254);
#382=LINE('',#10307,#1255);
#383=LINE('',#10310,#1256);
#384=LINE('',#10311,#1257);
#385=LINE('',#10314,#1258);
#386=LINE('',#10316,#1259);
#387=LINE('',#10317,#1260);
#388=LINE('',#10320,#1261);
#389=LINE('',#10322,#1262);
#390=LINE('',#10323,#1263);
#391=LINE('',#10325,#1264);
#392=LINE('',#10326,#1265);
#393=LINE('',#10328,#1266);
#394=LINE('',#10330,#1267);
#395=LINE('',#10332,#1268);
#396=LINE('',#10334,#1269);
#397=LINE('',#10336,#1270);
#398=LINE('',#10338,#1271);
#399=LINE('',#10342,#1272);
#400=LINE('',#10343,#1273);
#401=LINE('',#10346,#1274);
#402=LINE('',#10348,#1275);
#403=LINE('',#10349,#1276);
#404=LINE('',#10352,#1277);
#405=LINE('',#10353,#1278);
#406=LINE('',#10356,#1279);
#407=LINE('',#10357,#1280);
#408=LINE('',#10359,#1281);
#409=LINE('',#10361,#1282);
#410=LINE('',#10363,#1283);
#411=LINE('',#10365,#1284);
#412=LINE('',#10367,#1285);
#413=LINE('',#10369,#1286);
#414=LINE('',#10371,#1287);
#415=LINE('',#10374,#1288);
#416=LINE('',#10376,#1289);
#417=LINE('',#10377,#1290);
#418=LINE('',#10380,#1291);
#419=LINE('',#10381,#1292);
#420=LINE('',#10384,#1293);
#421=LINE('',#10385,#1294);
#422=LINE('',#10387,#1295);
#423=LINE('',#10390,#1296);
#424=LINE('',#10391,#1297);
#425=LINE('',#10394,#1298);
#426=LINE('',#10395,#1299);
#427=LINE('',#10397,#1300);
#428=LINE('',#10400,#1301);
#429=LINE('',#10401,#1302);
#430=LINE('',#10404,#1303);
#431=LINE('',#10405,#1304);
#432=LINE('',#10408,#1305);
#433=LINE('',#10409,#1306);
#434=LINE('',#10412,#1307);
#435=LINE('',#10413,#1308);
#436=LINE('',#10416,#1309);
#437=LINE('',#10417,#1310);
#438=LINE('',#10420,#1311);
#439=LINE('',#10422,#1312);
#440=LINE('',#10423,#1313);
#441=LINE('',#10426,#1314);
#442=LINE('',#10428,#1315);
#443=LINE('',#10429,#1316);
#444=LINE('',#10431,#1317);
#445=LINE('',#10432,#1318);
#446=LINE('',#10435,#1319);
#447=LINE('',#10436,#1320);
#448=LINE('',#10438,#1321);
#449=LINE('',#10440,#1322);
#450=LINE('',#10442,#1323);
#451=LINE('',#10444,#1324);
#452=LINE('',#10446,#1325);
#453=LINE('',#10449,#1326);
#454=LINE('',#10450,#1327);
#455=LINE('',#10453,#1328);
#456=LINE('',#10454,#1329);
#457=LINE('',#10457,#1330);
#458=LINE('',#10458,#1331);
#459=LINE('',#10461,#1332);
#460=LINE('',#10462,#1333);
#461=LINE('',#10465,#1334);
#462=LINE('',#10466,#1335);
#463=LINE('',#10469,#1336);
#464=LINE('',#10470,#1337);
#465=LINE('',#10474,#1338);
#466=LINE('',#10476,#1339);
#467=LINE('',#10477,#1340);
#468=LINE('',#10479,#1341);
#469=LINE('',#10481,#1342);
#470=LINE('',#10484,#1343);
#471=LINE('',#10486,#1344);
#472=LINE('',#10487,#1345);
#473=LINE('',#10490,#1346);
#474=LINE('',#10491,#1347);
#475=LINE('',#10494,#1348);
#476=LINE('',#10495,#1349);
#477=LINE('',#10498,#1350);
#478=LINE('',#10499,#1351);
#479=LINE('',#10502,#1352);
#480=LINE('',#10503,#1353);
#481=LINE('',#10506,#1354);
#482=LINE('',#10507,#1355);
#483=LINE('',#10510,#1356);
#484=LINE('',#10511,#1357);
#485=LINE('',#10514,#1358);
#486=LINE('',#10516,#1359);
#487=LINE('',#10517,#1360);
#488=LINE('',#10520,#1361);
#489=LINE('',#10521,#1362);
#490=LINE('',#10524,#1363);
#491=LINE('',#10526,#1364);
#492=LINE('',#10527,#1365);
#493=LINE('',#10530,#1366);
#494=LINE('',#10531,#1367);
#495=LINE('',#10534,#1368);
#496=LINE('',#10535,#1369);
#497=LINE('',#10538,#1370);
#498=LINE('',#10539,#1371);
#499=LINE('',#10542,#1372);
#500=LINE('',#10543,#1373);
#501=LINE('',#10546,#1374);
#502=LINE('',#10547,#1375);
#503=LINE('',#10550,#1376);
#504=LINE('',#10551,#1377);
#505=LINE('',#10553,#1378);
#506=LINE('',#10554,#1379);
#507=LINE('',#10557,#1380);
#508=LINE('',#10558,#1381);
#509=LINE('',#10562,#1382);
#510=LINE('',#10563,#1383);
#511=LINE('',#10564,#1384);
#512=LINE('',#10568,#1385);
#513=LINE('',#10569,#1386);
#514=LINE('',#10570,#1387);
#515=LINE('',#10573,#1388);
#516=LINE('',#10575,#1389);
#517=LINE('',#10576,#1390);
#518=LINE('',#10579,#1391);
#519=LINE('',#10580,#1392);
#520=LINE('',#10583,#1393);
#521=LINE('',#10585,#1394);
#522=LINE('',#10586,#1395);
#523=LINE('',#10590,#1396);
#524=LINE('',#10591,#1397);
#525=LINE('',#10592,#1398);
#526=LINE('',#10594,#1399);
#527=LINE('',#10596,#1400);
#528=LINE('',#10598,#1401);
#529=LINE('',#10601,#1402);
#530=LINE('',#10602,#1403);
#531=LINE('',#10605,#1404);
#532=LINE('',#10606,#1405);
#533=LINE('',#10610,#1406);
#534=LINE('',#10611,#1407);
#535=LINE('',#10612,#1408);
#536=LINE('',#10615,#1409);
#537=LINE('',#10616,#1410);
#538=LINE('',#10620,#1411);
#539=LINE('',#10621,#1412);
#540=LINE('',#10622,#1413);
#541=LINE('',#10625,#1414);
#542=LINE('',#10626,#1415);
#543=LINE('',#10630,#1416);
#544=LINE('',#10631,#1417);
#545=LINE('',#10632,#1418);
#546=LINE('',#10635,#1419);
#547=LINE('',#10636,#1420);
#548=LINE('',#10640,#1421);
#549=LINE('',#10641,#1422);
#550=LINE('',#10642,#1423);
#551=LINE('',#10645,#1424);
#552=LINE('',#10646,#1425);
#553=LINE('',#10649,#1426);
#554=LINE('',#10650,#1427);
#555=LINE('',#10653,#1428);
#556=LINE('',#10655,#1429);
#557=LINE('',#10656,#1430);
#558=LINE('',#10660,#1431);
#559=LINE('',#10661,#1432);
#560=LINE('',#10662,#1433);
#561=LINE('',#10664,#1434);
#562=LINE('',#10666,#1435);
#563=LINE('',#10668,#1436);
#564=LINE('',#10671,#1437);
#565=LINE('',#10672,#1438);
#566=LINE('',#10674,#1439);
#567=LINE('',#10676,#1440);
#568=LINE('',#10678,#1441);
#569=LINE('',#10681,#1442);
#570=LINE('',#10682,#1443);
#571=LINE('',#10686,#1444);
#572=LINE('',#10687,#1445);
#573=LINE('',#10688,#1446);
#574=LINE('',#10691,#1447);
#575=LINE('',#10693,#1448);
#576=LINE('',#10694,#1449);
#577=LINE('',#10697,#1450);
#578=LINE('',#10699,#1451);
#579=LINE('',#10700,#1452);
#580=LINE('',#10703,#1453);
#581=LINE('',#10705,#1454);
#582=LINE('',#10706,#1455);
#583=LINE('',#10709,#1456);
#584=LINE('',#10711,#1457);
#585=LINE('',#10712,#1458);
#586=LINE('',#10715,#1459);
#587=LINE('',#10716,#1460);
#588=LINE('',#10718,#1461);
#589=LINE('',#10720,#1462);
#590=LINE('',#10722,#1463);
#591=LINE('',#10724,#1464);
#592=LINE('',#10726,#1465);
#593=LINE('',#10728,#1466);
#594=LINE('',#10730,#1467);
#595=LINE('',#10732,#1468);
#596=LINE('',#10734,#1469);
#597=LINE('',#10736,#1470);
#598=LINE('',#10739,#1471);
#599=LINE('',#10740,#1472);
#600=LINE('',#10742,#1473);
#601=LINE('',#10744,#1474);
#602=LINE('',#10746,#1475);
#603=LINE('',#10748,#1476);
#604=LINE('',#10750,#1477);
#605=LINE('',#10753,#1478);
#606=LINE('',#10754,#1479);
#607=LINE('',#10757,#1480);
#608=LINE('',#10758,#1481);
#609=LINE('',#10760,#1482);
#610=LINE('',#10762,#1483);
#611=LINE('',#10764,#1484);
#612=LINE('',#10766,#1485);
#613=LINE('',#10768,#1486);
#614=LINE('',#10770,#1487);
#615=LINE('',#10772,#1488);
#616=LINE('',#10774,#1489);
#617=LINE('',#10776,#1490);
#618=LINE('',#10778,#1491);
#619=LINE('',#10780,#1492);
#620=LINE('',#10782,#1493);
#621=LINE('',#10784,#1494);
#622=LINE('',#10786,#1495);
#623=LINE('',#10788,#1496);
#624=LINE('',#10790,#1497);
#625=LINE('',#10793,#1498);
#626=LINE('',#10794,#1499);
#627=LINE('',#10796,#1500);
#628=LINE('',#10798,#1501);
#629=LINE('',#10800,#1502);
#630=LINE('',#10802,#1503);
#631=LINE('',#10804,#1504);
#632=LINE('',#10806,#1505);
#633=LINE('',#10808,#1506);
#634=LINE('',#10810,#1507);
#635=LINE('',#10812,#1508);
#636=LINE('',#10814,#1509);
#637=LINE('',#10816,#1510);
#638=LINE('',#10818,#1511);
#639=LINE('',#10820,#1512);
#640=LINE('',#10822,#1513);
#641=LINE('',#10824,#1514);
#642=LINE('',#10826,#1515);
#643=LINE('',#10828,#1516);
#644=LINE('',#10830,#1517);
#645=LINE('',#10832,#1518);
#646=LINE('',#10834,#1519);
#647=LINE('',#10836,#1520);
#648=LINE('',#10838,#1521);
#649=LINE('',#10840,#1522);
#650=LINE('',#10842,#1523);
#651=LINE('',#10844,#1524);
#652=LINE('',#10846,#1525);
#653=LINE('',#10848,#1526);
#654=LINE('',#10850,#1527);
#655=LINE('',#10852,#1528);
#656=LINE('',#10854,#1529);
#657=LINE('',#10856,#1530);
#658=LINE('',#10858,#1531);
#659=LINE('',#10860,#1532);
#660=LINE('',#10862,#1533);
#661=LINE('',#10864,#1534);
#662=LINE('',#10866,#1535);
#663=LINE('',#10868,#1536);
#664=LINE('',#10870,#1537);
#665=LINE('',#10872,#1538);
#666=LINE('',#10874,#1539);
#667=LINE('',#10876,#1540);
#668=LINE('',#10878,#1541);
#669=LINE('',#10880,#1542);
#670=LINE('',#10882,#1543);
#671=LINE('',#10884,#1544);
#672=LINE('',#10886,#1545);
#673=LINE('',#10888,#1546);
#674=LINE('',#10890,#1547);
#675=LINE('',#10892,#1548);
#676=LINE('',#10894,#1549);
#677=LINE('',#10896,#1550);
#678=LINE('',#10898,#1551);
#679=LINE('',#10900,#1552);
#680=LINE('',#10902,#1553);
#681=LINE('',#10904,#1554);
#682=LINE('',#10906,#1555);
#683=LINE('',#10908,#1556);
#684=LINE('',#10910,#1557);
#685=LINE('',#10912,#1558);
#686=LINE('',#10914,#1559);
#687=LINE('',#10916,#1560);
#688=LINE('',#10918,#1561);
#689=LINE('',#10920,#1562);
#690=LINE('',#10922,#1563);
#691=LINE('',#10924,#1564);
#692=LINE('',#10926,#1565);
#693=LINE('',#10928,#1566);
#694=LINE('',#10931,#1567);
#695=LINE('',#10933,#1568);
#696=LINE('',#10935,#1569);
#697=LINE('',#10937,#1570);
#698=LINE('',#10939,#1571);
#699=LINE('',#10941,#1572);
#700=LINE('',#10943,#1573);
#701=LINE('',#10945,#1574);
#702=LINE('',#10947,#1575);
#703=LINE('',#10949,#1576);
#704=LINE('',#10951,#1577);
#705=LINE('',#10953,#1578);
#706=LINE('',#10955,#1579);
#707=LINE('',#10957,#1580);
#708=LINE('',#10959,#1581);
#709=LINE('',#10961,#1582);
#710=LINE('',#10963,#1583);
#711=LINE('',#10966,#1584);
#712=LINE('',#10967,#1585);
#713=LINE('',#10969,#1586);
#714=LINE('',#10971,#1587);
#715=LINE('',#10973,#1588);
#716=LINE('',#10975,#1589);
#717=LINE('',#10977,#1590);
#718=LINE('',#10979,#1591);
#719=LINE('',#10981,#1592);
#720=LINE('',#10983,#1593);
#721=LINE('',#10985,#1594);
#722=LINE('',#10987,#1595);
#723=LINE('',#10989,#1596);
#724=LINE('',#10992,#1597);
#725=LINE('',#10994,#1598);
#726=LINE('',#10996,#1599);
#727=LINE('',#10998,#1600);
#728=LINE('',#11000,#1601);
#729=LINE('',#11002,#1602);
#730=LINE('',#11004,#1603);
#731=LINE('',#11006,#1604);
#732=LINE('',#11008,#1605);
#733=LINE('',#11010,#1606);
#734=LINE('',#11012,#1607);
#735=LINE('',#11014,#1608);
#736=LINE('',#11016,#1609);
#737=LINE('',#11018,#1610);
#738=LINE('',#11020,#1611);
#739=LINE('',#11022,#1612);
#740=LINE('',#11024,#1613);
#741=LINE('',#11026,#1614);
#742=LINE('',#11028,#1615);
#743=LINE('',#11030,#1616);
#744=LINE('',#11032,#1617);
#745=LINE('',#11034,#1618);
#746=LINE('',#11036,#1619);
#747=LINE('',#11038,#1620);
#748=LINE('',#11040,#1621);
#749=LINE('',#11042,#1622);
#750=LINE('',#11044,#1623);
#751=LINE('',#11046,#1624);
#752=LINE('',#11049,#1625);
#753=LINE('',#11051,#1626);
#754=LINE('',#11053,#1627);
#755=LINE('',#11055,#1628);
#756=LINE('',#11057,#1629);
#757=LINE('',#11059,#1630);
#758=LINE('',#11061,#1631);
#759=LINE('',#11063,#1632);
#760=LINE('',#11065,#1633);
#761=LINE('',#11067,#1634);
#762=LINE('',#11069,#1635);
#763=LINE('',#11071,#1636);
#764=LINE('',#11073,#1637);
#765=LINE('',#11075,#1638);
#766=LINE('',#11077,#1639);
#767=LINE('',#11079,#1640);
#768=LINE('',#11081,#1641);
#769=LINE('',#11083,#1642);
#770=LINE('',#11085,#1643);
#771=LINE('',#11087,#1644);
#772=LINE('',#11089,#1645);
#773=LINE('',#11091,#1646);
#774=LINE('',#11093,#1647);
#775=LINE('',#11095,#1648);
#776=LINE('',#11097,#1649);
#777=LINE('',#11099,#1650);
#778=LINE('',#11101,#1651);
#779=LINE('',#11103,#1652);
#780=LINE('',#11105,#1653);
#781=LINE('',#11107,#1654);
#782=LINE('',#11109,#1655);
#783=LINE('',#11111,#1656);
#784=LINE('',#11113,#1657);
#785=LINE('',#11115,#1658);
#786=LINE('',#11117,#1659);
#787=LINE('',#11119,#1660);
#788=LINE('',#11121,#1661);
#789=LINE('',#11123,#1662);
#790=LINE('',#11125,#1663);
#791=LINE('',#11127,#1664);
#792=LINE('',#11129,#1665);
#793=LINE('',#11131,#1666);
#794=LINE('',#11133,#1667);
#795=LINE('',#11135,#1668);
#796=LINE('',#11137,#1669);
#797=LINE('',#11139,#1670);
#798=LINE('',#11141,#1671);
#799=LINE('',#11143,#1672);
#800=LINE('',#11145,#1673);
#801=LINE('',#11147,#1674);
#802=LINE('',#11149,#1675);
#803=LINE('',#11151,#1676);
#804=LINE('',#11153,#1677);
#805=LINE('',#11155,#1678);
#806=LINE('',#11157,#1679);
#807=LINE('',#11159,#1680);
#808=LINE('',#11161,#1681);
#809=LINE('',#11163,#1682);
#810=LINE('',#11165,#1683);
#811=LINE('',#11167,#1684);
#812=LINE('',#11169,#1685);
#813=LINE('',#11171,#1686);
#814=LINE('',#11173,#1687);
#815=LINE('',#11175,#1688);
#816=LINE('',#11177,#1689);
#817=LINE('',#11179,#1690);
#818=LINE('',#11181,#1691);
#819=LINE('',#11183,#1692);
#820=LINE('',#11185,#1693);
#821=LINE('',#11187,#1694);
#822=LINE('',#11189,#1695);
#823=LINE('',#11191,#1696);
#824=LINE('',#11193,#1697);
#825=LINE('',#11195,#1698);
#826=LINE('',#11197,#1699);
#827=LINE('',#11199,#1700);
#828=LINE('',#11201,#1701);
#829=LINE('',#11203,#1702);
#830=LINE('',#11206,#1703);
#831=LINE('',#11207,#1704);
#832=LINE('',#11209,#1705);
#833=LINE('',#11211,#1706);
#834=LINE('',#11213,#1707);
#835=LINE('',#11215,#1708);
#836=LINE('',#11217,#1709);
#837=LINE('',#11219,#1710);
#838=LINE('',#11221,#1711);
#839=LINE('',#11223,#1712);
#840=LINE('',#11225,#1713);
#841=LINE('',#11227,#1714);
#842=LINE('',#11229,#1715);
#843=LINE('',#11231,#1716);
#844=LINE('',#11233,#1717);
#845=LINE('',#11235,#1718);
#846=LINE('',#11238,#1719);
#847=LINE('',#11240,#1720);
#848=LINE('',#11242,#1721);
#849=LINE('',#11244,#1722);
#850=LINE('',#11246,#1723);
#851=LINE('',#11248,#1724);
#852=LINE('',#11250,#1725);
#853=LINE('',#11252,#1726);
#854=LINE('',#11255,#1727);
#855=LINE('',#11257,#1728);
#856=LINE('',#11259,#1729);
#857=LINE('',#11261,#1730);
#858=LINE('',#11263,#1731);
#859=LINE('',#11265,#1732);
#860=LINE('',#11267,#1733);
#861=LINE('',#11269,#1734);
#862=LINE('',#11271,#1735);
#863=LINE('',#11273,#1736);
#864=LINE('',#11275,#1737);
#865=LINE('',#11277,#1738);
#866=LINE('',#11279,#1739);
#867=LINE('',#11281,#1740);
#868=LINE('',#11284,#1741);
#869=LINE('',#11286,#1742);
#870=LINE('',#11288,#1743);
#871=LINE('',#11290,#1744);
#872=LINE('',#11292,#1745);
#873=LINE('',#11294,#1746);
#874=LINE('',#11296,#1747);
#875=LINE('',#11298,#1748);
#876=LINE('',#11300,#1749);
#877=LINE('',#11302,#1750);
#878=LINE('',#11304,#1751);
#879=LINE('',#11306,#1752);
#880=LINE('',#11308,#1753);
#881=LINE('',#11310,#1754);
#882=LINE('',#11312,#1755);
#883=LINE('',#11314,#1756);
#884=LINE('',#11316,#1757);
#885=LINE('',#11318,#1758);
#886=LINE('',#11320,#1759);
#887=LINE('',#11322,#1760);
#888=LINE('',#11324,#1761);
#889=LINE('',#11326,#1762);
#890=LINE('',#11329,#1763);
#891=LINE('',#11331,#1764);
#892=LINE('',#11333,#1765);
#893=LINE('',#11335,#1766);
#894=VECTOR('',#7567,10.);
#895=VECTOR('',#7570,10.);
#896=VECTOR('',#7573,10.);
#897=VECTOR('',#7576,10.);
#898=VECTOR('',#7587,10.);
#899=VECTOR('',#7590,10.);
#900=VECTOR('',#7593,10.);
#901=VECTOR('',#7594,10.);
#902=VECTOR('',#7597,10.);
#903=VECTOR('',#7600,10.);
#904=VECTOR('',#7603,10.);
#905=VECTOR('',#7606,10.);
#906=VECTOR('',#7607,10.);
#907=VECTOR('',#7608,10.);
#908=VECTOR('',#7609,10.);
#909=VECTOR('',#7612,10.);
#910=VECTOR('',#7615,10.);
#911=VECTOR('',#7618,10.);
#912=VECTOR('',#7621,10.);
#913=VECTOR('',#7624,10.);
#914=VECTOR('',#7629,10.);
#915=VECTOR('',#7630,10.);
#916=VECTOR('',#7631,10.);
#917=VECTOR('',#7632,10.);
#918=VECTOR('',#7633,10.);
#919=VECTOR('',#7636,10.);
#920=VECTOR('',#7637,10.);
#921=VECTOR('',#7638,10.);
#922=VECTOR('',#7639,10.);
#923=VECTOR('',#7640,10.);
#924=VECTOR('',#7641,10.);
#925=VECTOR('',#7642,10.);
#926=VECTOR('',#7643,10.);
#927=VECTOR('',#7644,10.);
#928=VECTOR('',#7645,10.);
#929=VECTOR('',#7646,10.);
#930=VECTOR('',#7647,10.);
#931=VECTOR('',#7648,10.);
#932=VECTOR('',#7649,10.);
#933=VECTOR('',#7652,10.);
#934=VECTOR('',#7653,10.);
#935=VECTOR('',#7654,10.);
#936=VECTOR('',#7655,10.);
#937=VECTOR('',#7656,10.);
#938=VECTOR('',#7657,10.);
#939=VECTOR('',#7658,10.);
#940=VECTOR('',#7661,10.);
#941=VECTOR('',#7662,10.);
#942=VECTOR('',#7663,10.);
#943=VECTOR('',#7664,10.);
#944=VECTOR('',#7665,10.);
#945=VECTOR('',#7666,10.);
#946=VECTOR('',#7667,10.);
#947=VECTOR('',#7668,10.);
#948=VECTOR('',#7671,10.);
#949=VECTOR('',#7672,10.);
#950=VECTOR('',#7673,10.);
#951=VECTOR('',#7674,10.);
#952=VECTOR('',#7675,10.);
#953=VECTOR('',#7676,10.);
#954=VECTOR('',#7677,10.);
#955=VECTOR('',#7678,10.);
#956=VECTOR('',#7679,10.);
#957=VECTOR('',#7680,10.);
#958=VECTOR('',#7681,10.);
#959=VECTOR('',#7682,10.);
#960=VECTOR('',#7683,10.);
#961=VECTOR('',#7684,10.);
#962=VECTOR('',#7685,10.);
#963=VECTOR('',#7686,10.);
#964=VECTOR('',#7687,10.);
#965=VECTOR('',#7688,10.);
#966=VECTOR('',#7689,10.);
#967=VECTOR('',#7692,10.);
#968=VECTOR('',#7693,10.);
#969=VECTOR('',#7696,10.);
#970=VECTOR('',#7697,10.);
#971=VECTOR('',#7700,10.);
#972=VECTOR('',#7701,10.);
#973=VECTOR('',#7704,10.);
#974=VECTOR('',#7705,10.);
#975=VECTOR('',#7708,10.);
#976=VECTOR('',#7709,10.);
#977=VECTOR('',#7712,10.);
#978=VECTOR('',#7713,10.);
#979=VECTOR('',#7716,10.);
#980=VECTOR('',#7717,10.);
#981=VECTOR('',#7720,10.);
#982=VECTOR('',#7721,10.);
#983=VECTOR('',#7724,10.);
#984=VECTOR('',#7725,10.);
#985=VECTOR('',#7728,10.);
#986=VECTOR('',#7729,10.);
#987=VECTOR('',#7732,10.);
#988=VECTOR('',#7735,10.);
#989=VECTOR('',#7738,10.);
#990=VECTOR('',#7739,10.);
#991=VECTOR('',#7742,10.);
#992=VECTOR('',#7743,10.);
#993=VECTOR('',#7746,10.);
#994=VECTOR('',#7747,10.);
#995=VECTOR('',#7750,10.);
#996=VECTOR('',#7753,10.);
#997=VECTOR('',#7754,10.);
#998=VECTOR('',#7757,10.);
#999=VECTOR('',#7760,10.);
#1000=VECTOR('',#7761,10.);
#1001=VECTOR('',#7764,10.);
#1002=VECTOR('',#7765,10.);
#1003=VECTOR('',#7768,10.);
#1004=VECTOR('',#7769,10.);
#1005=VECTOR('',#7772,10.);
#1006=VECTOR('',#7773,10.);
#1007=VECTOR('',#7776,10.);
#1008=VECTOR('',#7777,10.);
#1009=VECTOR('',#7780,10.);
#1010=VECTOR('',#7781,10.);
#1011=VECTOR('',#7784,10.);
#1012=VECTOR('',#7785,10.);
#1013=VECTOR('',#7788,10.);
#1014=VECTOR('',#7789,10.);
#1015=VECTOR('',#7792,10.);
#1016=VECTOR('',#7793,10.);
#1017=VECTOR('',#7796,10.);
#1018=VECTOR('',#7799,10.);
#1019=VECTOR('',#7800,10.);
#1020=VECTOR('',#7803,10.);
#1021=VECTOR('',#7804,10.);
#1022=VECTOR('',#7807,10.);
#1023=VECTOR('',#7808,10.);
#1024=VECTOR('',#7809,10.);
#1025=VECTOR('',#7812,10.);
#1026=VECTOR('',#7813,10.);
#1027=VECTOR('',#7816,10.);
#1028=VECTOR('',#7817,10.);
#1029=VECTOR('',#7818,10.);
#1030=VECTOR('',#7821,10.);
#1031=VECTOR('',#7822,10.);
#1032=VECTOR('',#7823,10.);
#1033=VECTOR('',#7826,10.);
#1034=VECTOR('',#7827,10.);
#1035=VECTOR('',#7828,10.);
#1036=VECTOR('',#7831,10.);
#1037=VECTOR('',#7832,10.);
#1038=VECTOR('',#7835,10.);
#1039=VECTOR('',#7836,10.);
#1040=VECTOR('',#7837,10.);
#1041=VECTOR('',#7840,10.);
#1042=VECTOR('',#7841,10.);
#1043=VECTOR('',#7844,10.);
#1044=VECTOR('',#7845,10.);
#1045=VECTOR('',#7846,10.);
#1046=VECTOR('',#7849,10.);
#1047=VECTOR('',#7850,10.);
#1048=VECTOR('',#7851,10.);
#1049=VECTOR('',#7854,10.);
#1050=VECTOR('',#7855,10.);
#1051=VECTOR('',#7856,10.);
#1052=VECTOR('',#7859,10.);
#1053=VECTOR('',#7860,10.);
#1054=VECTOR('',#7861,10.);
#1055=VECTOR('',#7864,10.);
#1056=VECTOR('',#7865,10.);
#1057=VECTOR('',#7868,10.);
#1058=VECTOR('',#7869,10.);
#1059=VECTOR('',#7870,10.);
#1060=VECTOR('',#7873,10.);
#1061=VECTOR('',#7874,10.);
#1062=VECTOR('',#7875,10.);
#1063=VECTOR('',#7878,10.);
#1064=VECTOR('',#7879,10.);
#1065=VECTOR('',#7882,10.);
#1066=VECTOR('',#7883,10.);
#1067=VECTOR('',#7886,10.);
#1068=VECTOR('',#7887,10.);
#1069=VECTOR('',#7888,10.);
#1070=VECTOR('',#7891,10.);
#1071=VECTOR('',#7892,10.);
#1072=VECTOR('',#7893,10.);
#1073=VECTOR('',#7896,10.);
#1074=VECTOR('',#7897,10.);
#1075=VECTOR('',#7898,10.);
#1076=VECTOR('',#7901,10.);
#1077=VECTOR('',#7902,10.);
#1078=VECTOR('',#7903,10.);
#1079=VECTOR('',#7906,10.);
#1080=VECTOR('',#7907,10.);
#1081=VECTOR('',#7908,10.);
#1082=VECTOR('',#7911,10.);
#1083=VECTOR('',#7912,10.);
#1084=VECTOR('',#7913,10.);
#1085=VECTOR('',#7916,10.);
#1086=VECTOR('',#7917,10.);
#1087=VECTOR('',#7918,10.);
#1088=VECTOR('',#7921,10.);
#1089=VECTOR('',#7922,10.);
#1090=VECTOR('',#7925,10.);
#1091=VECTOR('',#7926,10.);
#1092=VECTOR('',#7927,10.);
#1093=VECTOR('',#7930,10.);
#1094=VECTOR('',#7931,10.);
#1095=VECTOR('',#7932,10.);
#1096=VECTOR('',#7935,10.);
#1097=VECTOR('',#7936,10.);
#1098=VECTOR('',#7939,10.);
#1099=VECTOR('',#7940,10.);
#1100=VECTOR('',#7941,10.);
#1101=VECTOR('',#7944,10.);
#1102=VECTOR('',#7945,10.);
#1103=VECTOR('',#7946,10.);
#1104=VECTOR('',#7949,10.);
#1105=VECTOR('',#7950,10.);
#1106=VECTOR('',#7951,10.);
#1107=VECTOR('',#7954,10.);
#1108=VECTOR('',#7957,10.);
#1109=VECTOR('',#7958,10.);
#1110=VECTOR('',#7959,10.);
#1111=VECTOR('',#7962,10.);
#1112=VECTOR('',#7963,10.);
#1113=VECTOR('',#7964,10.);
#1114=VECTOR('',#7967,10.);
#1115=VECTOR('',#7968,10.);
#1116=VECTOR('',#7969,10.);
#1117=VECTOR('',#7972,10.);
#1118=VECTOR('',#7973,10.);
#1119=VECTOR('',#7974,10.);
#1120=VECTOR('',#7977,10.);
#1121=VECTOR('',#7978,10.);
#1122=VECTOR('',#7979,10.);
#1123=VECTOR('',#7982,10.);
#1124=VECTOR('',#7983,10.);
#1125=VECTOR('',#7984,10.);
#1126=VECTOR('',#7987,10.);
#1127=VECTOR('',#7988,10.);
#1128=VECTOR('',#7989,10.);
#1129=VECTOR('',#7992,10.);
#1130=VECTOR('',#7993,10.);
#1131=VECTOR('',#7994,10.);
#1132=VECTOR('',#7997,10.);
#1133=VECTOR('',#7998,10.);
#1134=VECTOR('',#7999,10.);
#1135=VECTOR('',#8002,10.);
#1136=VECTOR('',#8003,10.);
#1137=VECTOR('',#8004,10.);
#1138=VECTOR('',#8007,10.);
#1139=VECTOR('',#8008,10.);
#1140=VECTOR('',#8009,10.);
#1141=VECTOR('',#8012,10.);
#1142=VECTOR('',#8013,10.);
#1143=VECTOR('',#8014,10.);
#1144=VECTOR('',#8017,10.);
#1145=VECTOR('',#8018,10.);
#1146=VECTOR('',#8019,10.);
#1147=VECTOR('',#8022,10.);
#1148=VECTOR('',#8023,10.);
#1149=VECTOR('',#8024,10.);
#1150=VECTOR('',#8027,10.);
#1151=VECTOR('',#8028,10.);
#1152=VECTOR('',#8029,10.);
#1153=VECTOR('',#8032,10.);
#1154=VECTOR('',#8033,10.);
#1155=VECTOR('',#8034,10.);
#1156=VECTOR('',#8037,10.);
#1157=VECTOR('',#8038,10.);
#1158=VECTOR('',#8039,10.);
#1159=VECTOR('',#8042,10.);
#1160=VECTOR('',#8043,10.);
#1161=VECTOR('',#8046,10.);
#1162=VECTOR('',#8047,10.);
#1163=VECTOR('',#8048,10.);
#1164=VECTOR('',#8051,10.);
#1165=VECTOR('',#8052,10.);
#1166=VECTOR('',#8053,10.);
#1167=VECTOR('',#8056,10.);
#1168=VECTOR('',#8057,10.);
#1169=VECTOR('',#8060,10.);
#1170=VECTOR('',#8061,10.);
#1171=VECTOR('',#8062,10.);
#1172=VECTOR('',#8065,10.);
#1173=VECTOR('',#8066,10.);
#1174=VECTOR('',#8067,10.);
#1175=VECTOR('',#8070,10.);
#1176=VECTOR('',#8071,10.);
#1177=VECTOR('',#8074,10.);
#1178=VECTOR('',#8075,10.);
#1179=VECTOR('',#8076,10.);
#1180=VECTOR('',#8079,10.);
#1181=VECTOR('',#8080,10.);
#1182=VECTOR('',#8081,10.);
#1183=VECTOR('',#8084,10.);
#1184=VECTOR('',#8085,10.);
#1185=VECTOR('',#8086,10.);
#1186=VECTOR('',#8089,10.);
#1187=VECTOR('',#8090,10.);
#1188=VECTOR('',#8091,10.);
#1189=VECTOR('',#8094,10.);
#1190=VECTOR('',#8095,10.);
#1191=VECTOR('',#8096,10.);
#1192=VECTOR('',#8099,10.);
#1193=VECTOR('',#8100,10.);
#1194=VECTOR('',#8101,10.);
#1195=VECTOR('',#8104,10.);
#1196=VECTOR('',#8107,10.);
#1197=VECTOR('',#8110,10.);
#1198=VECTOR('',#8113,10.);
#1199=VECTOR('',#8116,10.);
#1200=VECTOR('',#8117,10.);
#1201=VECTOR('',#8118,10.);
#1202=VECTOR('',#8121,10.);
#1203=VECTOR('',#8122,10.);
#1204=VECTOR('',#8125,10.);
#1205=VECTOR('',#8126,10.);
#1206=VECTOR('',#8129,10.);
#1207=VECTOR('',#8130,10.);
#1208=VECTOR('',#8133,10.);
#1209=VECTOR('',#8134,10.);
#1210=VECTOR('',#8135,10.);
#1211=VECTOR('',#8138,10.);
#1212=VECTOR('',#8139,10.);
#1213=VECTOR('',#8140,10.);
#1214=VECTOR('',#8143,10.);
#1215=VECTOR('',#8144,10.);
#1216=VECTOR('',#8147,10.);
#1217=VECTOR('',#8148,10.);
#1218=VECTOR('',#8151,10.);
#1219=VECTOR('',#8154,10.);
#1220=VECTOR('',#8157,10.);
#1221=VECTOR('',#8160,10.);
#1222=VECTOR('',#8161,10.);
#1223=VECTOR('',#8164,10.);
#1224=VECTOR('',#8165,10.);
#1225=VECTOR('',#8168,10.);
#1226=VECTOR('',#8169,10.);
#1227=VECTOR('',#8172,10.);
#1228=VECTOR('',#8173,10.);
#1229=VECTOR('',#8176,10.);
#1230=VECTOR('',#8177,10.);
#1231=VECTOR('',#8178,10.);
#1232=VECTOR('',#8181,10.);
#1233=VECTOR('',#8182,10.);
#1234=VECTOR('',#8183,10.);
#1235=VECTOR('',#8186,10.);
#1236=VECTOR('',#8187,10.);
#1237=VECTOR('',#8188,10.);
#1238=VECTOR('',#8191,10.);
#1239=VECTOR('',#8192,10.);
#1240=VECTOR('',#8195,10.);
#1241=VECTOR('',#8196,10.);
#1242=VECTOR('',#8197,10.);
#1243=VECTOR('',#8200,10.);
#1244=VECTOR('',#8201,10.);
#1245=VECTOR('',#8202,10.);
#1246=VECTOR('',#8205,10.);
#1247=VECTOR('',#8206,10.);
#1248=VECTOR('',#8209,10.);
#1249=VECTOR('',#8210,10.);
#1250=VECTOR('',#8213,10.);
#1251=VECTOR('',#8214,10.);
#1252=VECTOR('',#8215,10.);
#1253=VECTOR('',#8218,10.);
#1254=VECTOR('',#8219,10.);
#1255=VECTOR('',#8220,10.);
#1256=VECTOR('',#8223,10.);
#1257=VECTOR('',#8224,10.);
#1258=VECTOR('',#8227,10.);
#1259=VECTOR('',#8228,10.);
#1260=VECTOR('',#8229,10.);
#1261=VECTOR('',#8232,10.);
#1262=VECTOR('',#8233,10.);
#1263=VECTOR('',#8234,10.);
#1264=VECTOR('',#8237,10.);
#1265=VECTOR('',#8238,10.);
#1266=VECTOR('',#8241,10.);
#1267=VECTOR('',#8244,10.);
#1268=VECTOR('',#8247,10.);
#1269=VECTOR('',#8250,10.);
#1270=VECTOR('',#8253,10.);
#1271=VECTOR('',#8256,10.);
#1272=VECTOR('',#8261,10.);
#1273=VECTOR('',#8262,10.);
#1274=VECTOR('',#8265,10.);
#1275=VECTOR('',#8266,10.);
#1276=VECTOR('',#8267,10.);
#1277=VECTOR('',#8270,10.);
#1278=VECTOR('',#8271,10.);
#1279=VECTOR('',#8274,10.);
#1280=VECTOR('',#8275,10.);
#1281=VECTOR('',#8278,10.);
#1282=VECTOR('',#8281,10.);
#1283=VECTOR('',#8284,10.);
#1284=VECTOR('',#8287,10.);
#1285=VECTOR('',#8290,10.);
#1286=VECTOR('',#8293,10.);
#1287=VECTOR('',#8296,10.);
#1288=VECTOR('',#8299,10.);
#1289=VECTOR('',#8300,10.);
#1290=VECTOR('',#8301,10.);
#1291=VECTOR('',#8304,10.);
#1292=VECTOR('',#8305,10.);
#1293=VECTOR('',#8308,10.);
#1294=VECTOR('',#8309,10.);
#1295=VECTOR('',#8312,10.);
#1296=VECTOR('',#8315,10.);
#1297=VECTOR('',#8316,10.);
#1298=VECTOR('',#8319,10.);
#1299=VECTOR('',#8320,10.);
#1300=VECTOR('',#8323,10.);
#1301=VECTOR('',#8326,10.);
#1302=VECTOR('',#8327,10.);
#1303=VECTOR('',#8330,10.);
#1304=VECTOR('',#8331,10.);
#1305=VECTOR('',#8334,10.);
#1306=VECTOR('',#8335,10.);
#1307=VECTOR('',#8338,10.);
#1308=VECTOR('',#8339,10.);
#1309=VECTOR('',#8342,10.);
#1310=VECTOR('',#8343,10.);
#1311=VECTOR('',#8346,10.);
#1312=VECTOR('',#8347,10.);
#1313=VECTOR('',#8348,10.);
#1314=VECTOR('',#8351,10.);
#1315=VECTOR('',#8352,10.);
#1316=VECTOR('',#8353,10.);
#1317=VECTOR('',#8356,10.);
#1318=VECTOR('',#8357,10.);
#1319=VECTOR('',#8360,10.);
#1320=VECTOR('',#8361,10.);
#1321=VECTOR('',#8364,10.);
#1322=VECTOR('',#8367,10.);
#1323=VECTOR('',#8370,10.);
#1324=VECTOR('',#8373,10.);
#1325=VECTOR('',#8376,10.);
#1326=VECTOR('',#8379,10.);
#1327=VECTOR('',#8380,10.);
#1328=VECTOR('',#8383,10.);
#1329=VECTOR('',#8384,10.);
#1330=VECTOR('',#8387,10.);
#1331=VECTOR('',#8388,10.);
#1332=VECTOR('',#8391,10.);
#1333=VECTOR('',#8392,10.);
#1334=VECTOR('',#8395,10.);
#1335=VECTOR('',#8396,10.);
#1336=VECTOR('',#8399,10.);
#1337=VECTOR('',#8400,10.);
#1338=VECTOR('',#8403,10.);
#1339=VECTOR('',#8404,10.);
#1340=VECTOR('',#8405,10.);
#1341=VECTOR('',#8408,10.);
#1342=VECTOR('',#8411,10.);
#1343=VECTOR('',#8414,10.);
#1344=VECTOR('',#8415,10.);
#1345=VECTOR('',#8416,10.);
#1346=VECTOR('',#8419,10.);
#1347=VECTOR('',#8420,10.);
#1348=VECTOR('',#8423,10.);
#1349=VECTOR('',#8424,10.);
#1350=VECTOR('',#8427,10.);
#1351=VECTOR('',#8428,10.);
#1352=VECTOR('',#8431,10.);
#1353=VECTOR('',#8432,10.);
#1354=VECTOR('',#8435,10.);
#1355=VECTOR('',#8436,10.);
#1356=VECTOR('',#8439,10.);
#1357=VECTOR('',#8440,10.);
#1358=VECTOR('',#8443,10.);
#1359=VECTOR('',#8444,10.);
#1360=VECTOR('',#8445,10.);
#1361=VECTOR('',#8448,10.);
#1362=VECTOR('',#8449,10.);
#1363=VECTOR('',#8452,10.);
#1364=VECTOR('',#8453,10.);
#1365=VECTOR('',#8454,10.);
#1366=VECTOR('',#8457,10.);
#1367=VECTOR('',#8458,10.);
#1368=VECTOR('',#8461,10.);
#1369=VECTOR('',#8462,10.);
#1370=VECTOR('',#8465,10.);
#1371=VECTOR('',#8466,10.);
#1372=VECTOR('',#8469,10.);
#1373=VECTOR('',#8470,10.);
#1374=VECTOR('',#8473,10.);
#1375=VECTOR('',#8474,10.);
#1376=VECTOR('',#8477,10.);
#1377=VECTOR('',#8478,10.);
#1378=VECTOR('',#8481,10.);
#1379=VECTOR('',#8482,10.);
#1380=VECTOR('',#8485,10.);
#1381=VECTOR('',#8486,10.);
#1382=VECTOR('',#8489,10.);
#1383=VECTOR('',#8490,10.);
#1384=VECTOR('',#8491,10.);
#1385=VECTOR('',#8494,10.);
#1386=VECTOR('',#8495,10.);
#1387=VECTOR('',#8496,10.);
#1388=VECTOR('',#8499,10.);
#1389=VECTOR('',#8500,10.);
#1390=VECTOR('',#8501,10.);
#1391=VECTOR('',#8504,10.);
#1392=VECTOR('',#8505,10.);
#1393=VECTOR('',#8508,10.);
#1394=VECTOR('',#8509,10.);
#1395=VECTOR('',#8510,10.);
#1396=VECTOR('',#8513,10.);
#1397=VECTOR('',#8514,10.);
#1398=VECTOR('',#8515,10.);
#1399=VECTOR('',#8518,10.);
#1400=VECTOR('',#8521,10.);
#1401=VECTOR('',#8524,10.);
#1402=VECTOR('',#8527,10.);
#1403=VECTOR('',#8528,10.);
#1404=VECTOR('',#8531,10.);
#1405=VECTOR('',#8532,10.);
#1406=VECTOR('',#8535,10.);
#1407=VECTOR('',#8536,10.);
#1408=VECTOR('',#8537,10.);
#1409=VECTOR('',#8540,10.);
#1410=VECTOR('',#8541,10.);
#1411=VECTOR('',#8544,10.);
#1412=VECTOR('',#8545,10.);
#1413=VECTOR('',#8546,10.);
#1414=VECTOR('',#8549,10.);
#1415=VECTOR('',#8550,10.);
#1416=VECTOR('',#8553,10.);
#1417=VECTOR('',#8554,10.);
#1418=VECTOR('',#8555,10.);
#1419=VECTOR('',#8558,10.);
#1420=VECTOR('',#8559,10.);
#1421=VECTOR('',#8562,10.);
#1422=VECTOR('',#8563,10.);
#1423=VECTOR('',#8564,10.);
#1424=VECTOR('',#8567,10.);
#1425=VECTOR('',#8568,10.);
#1426=VECTOR('',#8571,10.);
#1427=VECTOR('',#8572,10.);
#1428=VECTOR('',#8575,10.);
#1429=VECTOR('',#8576,10.);
#1430=VECTOR('',#8577,10.);
#1431=VECTOR('',#8580,10.);
#1432=VECTOR('',#8581,10.);
#1433=VECTOR('',#8582,10.);
#1434=VECTOR('',#8585,10.);
#1435=VECTOR('',#8588,10.);
#1436=VECTOR('',#8591,10.);
#1437=VECTOR('',#8594,10.);
#1438=VECTOR('',#8595,10.);
#1439=VECTOR('',#8598,10.);
#1440=VECTOR('',#8601,10.);
#1441=VECTOR('',#8604,10.);
#1442=VECTOR('',#8607,10.);
#1443=VECTOR('',#8608,10.);
#1444=VECTOR('',#8611,10.);
#1445=VECTOR('',#8612,10.);
#1446=VECTOR('',#8613,10.);
#1447=VECTOR('',#8616,10.);
#1448=VECTOR('',#8617,10.);
#1449=VECTOR('',#8618,10.);
#1450=VECTOR('',#8621,10.);
#1451=VECTOR('',#8622,10.);
#1452=VECTOR('',#8623,10.);
#1453=VECTOR('',#8626,10.);
#1454=VECTOR('',#8627,10.);
#1455=VECTOR('',#8628,10.);
#1456=VECTOR('',#8631,10.);
#1457=VECTOR('',#8632,10.);
#1458=VECTOR('',#8633,10.);
#1459=VECTOR('',#8636,10.);
#1460=VECTOR('',#8637,10.);
#1461=VECTOR('',#8640,10.);
#1462=VECTOR('',#8643,10.);
#1463=VECTOR('',#8646,10.);
#1464=VECTOR('',#8649,10.);
#1465=VECTOR('',#8652,10.);
#1466=VECTOR('',#8655,10.);
#1467=VECTOR('',#8658,10.);
#1468=VECTOR('',#8661,10.);
#1469=VECTOR('',#8664,10.);
#1470=VECTOR('',#8667,10.);
#1471=VECTOR('',#8670,10.);
#1472=VECTOR('',#8671,10.);
#1473=VECTOR('',#8674,10.);
#1474=VECTOR('',#8677,10.);
#1475=VECTOR('',#8680,10.);
#1476=VECTOR('',#8683,10.);
#1477=VECTOR('',#8686,10.);
#1478=VECTOR('',#8689,10.);
#1479=VECTOR('',#8690,10.);
#1480=VECTOR('',#8693,10.);
#1481=VECTOR('',#8694,10.);
#1482=VECTOR('',#8697,10.);
#1483=VECTOR('',#8700,10.);
#1484=VECTOR('',#8703,10.);
#1485=VECTOR('',#8706,10.);
#1486=VECTOR('',#8709,10.);
#1487=VECTOR('',#8712,10.);
#1488=VECTOR('',#8715,10.);
#1489=VECTOR('',#8718,10.);
#1490=VECTOR('',#8721,10.);
#1491=VECTOR('',#8724,10.);
#1492=VECTOR('',#8727,10.);
#1493=VECTOR('',#8730,10.);
#1494=VECTOR('',#8733,10.);
#1495=VECTOR('',#8736,10.);
#1496=VECTOR('',#8739,10.);
#1497=VECTOR('',#8742,10.);
#1498=VECTOR('',#8745,10.);
#1499=VECTOR('',#8746,10.);
#1500=VECTOR('',#8749,10.);
#1501=VECTOR('',#8752,10.);
#1502=VECTOR('',#8755,10.);
#1503=VECTOR('',#8758,10.);
#1504=VECTOR('',#8761,10.);
#1505=VECTOR('',#8764,10.);
#1506=VECTOR('',#8767,10.);
#1507=VECTOR('',#8770,10.);
#1508=VECTOR('',#8773,10.);
#1509=VECTOR('',#8776,10.);
#1510=VECTOR('',#8779,10.);
#1511=VECTOR('',#8782,10.);
#1512=VECTOR('',#8785,10.);
#1513=VECTOR('',#8788,10.);
#1514=VECTOR('',#8791,10.);
#1515=VECTOR('',#8794,10.);
#1516=VECTOR('',#8797,10.);
#1517=VECTOR('',#8800,10.);
#1518=VECTOR('',#8803,10.);
#1519=VECTOR('',#8806,10.);
#1520=VECTOR('',#8809,10.);
#1521=VECTOR('',#8812,10.);
#1522=VECTOR('',#8815,10.);
#1523=VECTOR('',#8818,10.);
#1524=VECTOR('',#8821,10.);
#1525=VECTOR('',#8824,10.);
#1526=VECTOR('',#8827,10.);
#1527=VECTOR('',#8830,10.);
#1528=VECTOR('',#8833,10.);
#1529=VECTOR('',#8836,10.);
#1530=VECTOR('',#8839,10.);
#1531=VECTOR('',#8842,10.);
#1532=VECTOR('',#8845,10.);
#1533=VECTOR('',#8848,10.);
#1534=VECTOR('',#8851,10.);
#1535=VECTOR('',#8854,10.);
#1536=VECTOR('',#8857,10.);
#1537=VECTOR('',#8860,10.);
#1538=VECTOR('',#8863,10.);
#1539=VECTOR('',#8866,10.);
#1540=VECTOR('',#8869,10.);
#1541=VECTOR('',#8872,10.);
#1542=VECTOR('',#8875,10.);
#1543=VECTOR('',#8878,10.);
#1544=VECTOR('',#8881,10.);
#1545=VECTOR('',#8884,10.);
#1546=VECTOR('',#8887,10.);
#1547=VECTOR('',#8890,10.);
#1548=VECTOR('',#8893,10.);
#1549=VECTOR('',#8896,10.);
#1550=VECTOR('',#8899,10.);
#1551=VECTOR('',#8902,10.);
#1552=VECTOR('',#8905,10.);
#1553=VECTOR('',#8908,10.);
#1554=VECTOR('',#8911,10.);
#1555=VECTOR('',#8914,10.);
#1556=VECTOR('',#8917,10.);
#1557=VECTOR('',#8920,10.);
#1558=VECTOR('',#8923,10.);
#1559=VECTOR('',#8926,10.);
#1560=VECTOR('',#8929,10.);
#1561=VECTOR('',#8932,10.);
#1562=VECTOR('',#8935,10.);
#1563=VECTOR('',#8938,10.);
#1564=VECTOR('',#8941,10.);
#1565=VECTOR('',#8944,10.);
#1566=VECTOR('',#8947,10.);
#1567=VECTOR('',#8952,10.);
#1568=VECTOR('',#8955,10.);
#1569=VECTOR('',#8958,10.);
#1570=VECTOR('',#8961,10.);
#1571=VECTOR('',#8964,10.);
#1572=VECTOR('',#8967,10.);
#1573=VECTOR('',#8970,10.);
#1574=VECTOR('',#8973,10.);
#1575=VECTOR('',#8976,10.);
#1576=VECTOR('',#8979,10.);
#1577=VECTOR('',#8982,10.);
#1578=VECTOR('',#8985,10.);
#1579=VECTOR('',#8988,10.);
#1580=VECTOR('',#8991,10.);
#1581=VECTOR('',#8994,10.);
#1582=VECTOR('',#8997,10.);
#1583=VECTOR('',#9000,10.);
#1584=VECTOR('',#9003,10.);
#1585=VECTOR('',#9004,10.);
#1586=VECTOR('',#9007,10.);
#1587=VECTOR('',#9010,10.);
#1588=VECTOR('',#9013,10.);
#1589=VECTOR('',#9016,10.);
#1590=VECTOR('',#9019,10.);
#1591=VECTOR('',#9022,10.);
#1592=VECTOR('',#9025,10.);
#1593=VECTOR('',#9028,10.);
#1594=VECTOR('',#9031,10.);
#1595=VECTOR('',#9034,10.);
#1596=VECTOR('',#9037,10.);
#1597=VECTOR('',#9042,10.);
#1598=VECTOR('',#9045,10.);
#1599=VECTOR('',#9048,10.);
#1600=VECTOR('',#9051,10.);
#1601=VECTOR('',#9054,10.);
#1602=VECTOR('',#9057,10.);
#1603=VECTOR('',#9060,10.);
#1604=VECTOR('',#9063,10.);
#1605=VECTOR('',#9066,10.);
#1606=VECTOR('',#9069,10.);
#1607=VECTOR('',#9072,10.);
#1608=VECTOR('',#9075,10.);
#1609=VECTOR('',#9078,10.);
#1610=VECTOR('',#9081,10.);
#1611=VECTOR('',#9084,10.);
#1612=VECTOR('',#9087,10.);
#1613=VECTOR('',#9090,10.);
#1614=VECTOR('',#9093,10.);
#1615=VECTOR('',#9096,10.);
#1616=VECTOR('',#9099,10.);
#1617=VECTOR('',#9102,10.);
#1618=VECTOR('',#9105,10.);
#1619=VECTOR('',#9108,10.);
#1620=VECTOR('',#9111,10.);
#1621=VECTOR('',#9114,10.);
#1622=VECTOR('',#9117,10.);
#1623=VECTOR('',#9120,10.);
#1624=VECTOR('',#9123,10.);
#1625=VECTOR('',#9128,10.);
#1626=VECTOR('',#9131,10.);
#1627=VECTOR('',#9134,10.);
#1628=VECTOR('',#9137,10.);
#1629=VECTOR('',#9140,10.);
#1630=VECTOR('',#9143,10.);
#1631=VECTOR('',#9146,10.);
#1632=VECTOR('',#9149,10.);
#1633=VECTOR('',#9152,10.);
#1634=VECTOR('',#9155,10.);
#1635=VECTOR('',#9158,10.);
#1636=VECTOR('',#9161,10.);
#1637=VECTOR('',#9164,10.);
#1638=VECTOR('',#9167,10.);
#1639=VECTOR('',#9170,10.);
#1640=VECTOR('',#9173,10.);
#1641=VECTOR('',#9176,10.);
#1642=VECTOR('',#9179,10.);
#1643=VECTOR('',#9182,10.);
#1644=VECTOR('',#9185,10.);
#1645=VECTOR('',#9188,10.);
#1646=VECTOR('',#9191,10.);
#1647=VECTOR('',#9194,10.);
#1648=VECTOR('',#9197,10.);
#1649=VECTOR('',#9200,10.);
#1650=VECTOR('',#9203,10.);
#1651=VECTOR('',#9206,10.);
#1652=VECTOR('',#9209,10.);
#1653=VECTOR('',#9212,10.);
#1654=VECTOR('',#9215,10.);
#1655=VECTOR('',#9218,10.);
#1656=VECTOR('',#9221,10.);
#1657=VECTOR('',#9224,10.);
#1658=VECTOR('',#9227,10.);
#1659=VECTOR('',#9230,10.);
#1660=VECTOR('',#9233,10.);
#1661=VECTOR('',#9236,10.);
#1662=VECTOR('',#9239,10.);
#1663=VECTOR('',#9242,10.);
#1664=VECTOR('',#9245,10.);
#1665=VECTOR('',#9248,10.);
#1666=VECTOR('',#9251,10.);
#1667=VECTOR('',#9254,10.);
#1668=VECTOR('',#9257,10.);
#1669=VECTOR('',#9260,10.);
#1670=VECTOR('',#9263,10.);
#1671=VECTOR('',#9266,10.);
#1672=VECTOR('',#9269,10.);
#1673=VECTOR('',#9272,10.);
#1674=VECTOR('',#9275,10.);
#1675=VECTOR('',#9278,10.);
#1676=VECTOR('',#9281,10.);
#1677=VECTOR('',#9284,10.);
#1678=VECTOR('',#9287,10.);
#1679=VECTOR('',#9290,10.);
#1680=VECTOR('',#9293,10.);
#1681=VECTOR('',#9296,10.);
#1682=VECTOR('',#9299,10.);
#1683=VECTOR('',#9302,10.);
#1684=VECTOR('',#9305,10.);
#1685=VECTOR('',#9308,10.);
#1686=VECTOR('',#9311,10.);
#1687=VECTOR('',#9314,10.);
#1688=VECTOR('',#9317,10.);
#1689=VECTOR('',#9320,10.);
#1690=VECTOR('',#9323,10.);
#1691=VECTOR('',#9326,10.);
#1692=VECTOR('',#9329,10.);
#1693=VECTOR('',#9332,10.);
#1694=VECTOR('',#9335,10.);
#1695=VECTOR('',#9338,10.);
#1696=VECTOR('',#9341,10.);
#1697=VECTOR('',#9344,10.);
#1698=VECTOR('',#9347,10.);
#1699=VECTOR('',#9350,10.);
#1700=VECTOR('',#9353,10.);
#1701=VECTOR('',#9356,10.);
#1702=VECTOR('',#9359,10.);
#1703=VECTOR('',#9362,10.);
#1704=VECTOR('',#9363,10.);
#1705=VECTOR('',#9366,10.);
#1706=VECTOR('',#9369,10.);
#1707=VECTOR('',#9372,10.);
#1708=VECTOR('',#9375,10.);
#1709=VECTOR('',#9378,10.);
#1710=VECTOR('',#9381,10.);
#1711=VECTOR('',#9384,10.);
#1712=VECTOR('',#9387,10.);
#1713=VECTOR('',#9390,10.);
#1714=VECTOR('',#9393,10.);
#1715=VECTOR('',#9396,10.);
#1716=VECTOR('',#9399,10.);
#1717=VECTOR('',#9402,10.);
#1718=VECTOR('',#9405,10.);
#1719=VECTOR('',#9410,10.);
#1720=VECTOR('',#9413,10.);
#1721=VECTOR('',#9416,10.);
#1722=VECTOR('',#9419,10.);
#1723=VECTOR('',#9422,10.);
#1724=VECTOR('',#9425,10.);
#1725=VECTOR('',#9428,10.);
#1726=VECTOR('',#9431,10.);
#1727=VECTOR('',#9436,10.);
#1728=VECTOR('',#9439,10.);
#1729=VECTOR('',#9442,10.);
#1730=VECTOR('',#9445,10.);
#1731=VECTOR('',#9448,10.);
#1732=VECTOR('',#9451,10.);
#1733=VECTOR('',#9454,10.);
#1734=VECTOR('',#9457,10.);
#1735=VECTOR('',#9460,10.);
#1736=VECTOR('',#9463,10.);
#1737=VECTOR('',#9466,10.);
#1738=VECTOR('',#9469,10.);
#1739=VECTOR('',#9472,10.);
#1740=VECTOR('',#9475,10.);
#1741=VECTOR('',#9480,10.);
#1742=VECTOR('',#9483,10.);
#1743=VECTOR('',#9486,10.);
#1744=VECTOR('',#9489,10.);
#1745=VECTOR('',#9492,10.);
#1746=VECTOR('',#9495,10.);
#1747=VECTOR('',#9498,10.);
#1748=VECTOR('',#9501,10.);
#1749=VECTOR('',#9504,10.);
#1750=VECTOR('',#9507,10.);
#1751=VECTOR('',#9510,10.);
#1752=VECTOR('',#9513,10.);
#1753=VECTOR('',#9516,10.);
#1754=VECTOR('',#9519,10.);
#1755=VECTOR('',#9522,10.);
#1756=VECTOR('',#9525,10.);
#1757=VECTOR('',#9528,10.);
#1758=VECTOR('',#9531,10.);
#1759=VECTOR('',#9534,10.);
#1760=VECTOR('',#9537,10.);
#1761=VECTOR('',#9540,10.);
#1762=VECTOR('',#9543,10.);
#1763=VECTOR('',#9548,10.);
#1764=VECTOR('',#9551,10.);
#1765=VECTOR('',#9554,10.);
#1766=VECTOR('',#9557,10.);
#1767=PLANE('',#6991);
#1768=PLANE('',#6999);
#1769=PLANE('',#7002);
#1770=PLANE('',#7003);
#1771=PLANE('',#7008);
#1772=PLANE('',#7010);
#1773=PLANE('',#7012);
#1774=PLANE('',#7013);
#1775=PLANE('',#7014);
#1776=PLANE('',#7015);
#1777=PLANE('',#7016);
#1778=PLANE('',#7017);
#1779=PLANE('',#7018);
#1780=PLANE('',#7019);
#1781=PLANE('',#7020);
#1782=PLANE('',#7021);
#1783=PLANE('',#7022);
#1784=PLANE('',#7023);
#1785=PLANE('',#7024);
#1786=PLANE('',#7025);
#1787=PLANE('',#7026);
#1788=PLANE('',#7027);
#1789=PLANE('',#7028);
#1790=PLANE('',#7029);
#1791=PLANE('',#7030);
#1792=PLANE('',#7031);
#1793=PLANE('',#7032);
#1794=PLANE('',#7033);
#1795=PLANE('',#7034);
#1796=PLANE('',#7035);
#1797=PLANE('',#7036);
#1798=PLANE('',#7037);
#1799=PLANE('',#7038);
#1800=PLANE('',#7039);
#1801=PLANE('',#7040);
#1802=PLANE('',#7041);
#1803=PLANE('',#7042);
#1804=PLANE('',#7043);
#1805=PLANE('',#7044);
#1806=PLANE('',#7045);
#1807=PLANE('',#7046);
#1808=PLANE('',#7047);
#1809=PLANE('',#7048);
#1810=PLANE('',#7049);
#1811=PLANE('',#7050);
#1812=PLANE('',#7051);
#1813=PLANE('',#7052);
#1814=PLANE('',#7053);
#1815=PLANE('',#7054);
#1816=PLANE('',#7055);
#1817=PLANE('',#7056);
#1818=PLANE('',#7057);
#1819=PLANE('',#7058);
#1820=PLANE('',#7059);
#1821=PLANE('',#7060);
#1822=PLANE('',#7061);
#1823=PLANE('',#7062);
#1824=PLANE('',#7063);
#1825=PLANE('',#7064);
#1826=PLANE('',#7065);
#1827=PLANE('',#7066);
#1828=PLANE('',#7067);
#1829=PLANE('',#7068);
#1830=PLANE('',#7069);
#1831=PLANE('',#7070);
#1832=PLANE('',#7071);
#1833=PLANE('',#7072);
#1834=PLANE('',#7073);
#1835=PLANE('',#7074);
#1836=PLANE('',#7075);
#1837=PLANE('',#7076);
#1838=PLANE('',#7077);
#1839=PLANE('',#7078);
#1840=PLANE('',#7079);
#1841=PLANE('',#7080);
#1842=PLANE('',#7081);
#1843=PLANE('',#7082);
#1844=PLANE('',#7083);
#1845=PLANE('',#7084);
#1846=PLANE('',#7085);
#1847=PLANE('',#7086);
#1848=PLANE('',#7087);
#1849=PLANE('',#7088);
#1850=PLANE('',#7089);
#1851=PLANE('',#7090);
#1852=PLANE('',#7091);
#1853=PLANE('',#7092);
#1854=PLANE('',#7093);
#1855=PLANE('',#7094);
#1856=PLANE('',#7095);
#1857=PLANE('',#7096);
#1858=PLANE('',#7097);
#1859=PLANE('',#7098);
#1860=PLANE('',#7099);
#1861=PLANE('',#7100);
#1862=PLANE('',#7101);
#1863=PLANE('',#7102);
#1864=PLANE('',#7103);
#1865=PLANE('',#7104);
#1866=PLANE('',#7105);
#1867=PLANE('',#7106);
#1868=PLANE('',#7107);
#1869=PLANE('',#7108);
#1870=PLANE('',#7109);
#1871=PLANE('',#7110);
#1872=PLANE('',#7111);
#1873=PLANE('',#7112);
#1874=PLANE('',#7113);
#1875=PLANE('',#7114);
#1876=PLANE('',#7115);
#1877=PLANE('',#7116);
#1878=PLANE('',#7117);
#1879=PLANE('',#7118);
#1880=PLANE('',#7119);
#1881=PLANE('',#7120);
#1882=PLANE('',#7121);
#1883=PLANE('',#7122);
#1884=PLANE('',#7123);
#1885=PLANE('',#7124);
#1886=PLANE('',#7125);
#1887=PLANE('',#7126);
#1888=PLANE('',#7127);
#1889=PLANE('',#7128);
#1890=PLANE('',#7129);
#1891=PLANE('',#7130);
#1892=PLANE('',#7131);
#1893=PLANE('',#7132);
#1894=PLANE('',#7133);
#1895=PLANE('',#7134);
#1896=PLANE('',#7135);
#1897=PLANE('',#7136);
#1898=PLANE('',#7137);
#1899=PLANE('',#7138);
#1900=PLANE('',#7139);
#1901=PLANE('',#7140);
#1902=PLANE('',#7141);
#1903=PLANE('',#7142);
#1904=PLANE('',#7143);
#1905=PLANE('',#7144);
#1906=PLANE('',#7145);
#1907=PLANE('',#7146);
#1908=PLANE('',#7147);
#1909=PLANE('',#7148);
#1910=PLANE('',#7149);
#1911=PLANE('',#7150);
#1912=PLANE('',#7151);
#1913=PLANE('',#7152);
#1914=PLANE('',#7153);
#1915=PLANE('',#7154);
#1916=PLANE('',#7155);
#1917=PLANE('',#7156);
#1918=PLANE('',#7157);
#1919=PLANE('',#7158);
#1920=PLANE('',#7159);
#1921=PLANE('',#7160);
#1922=PLANE('',#7161);
#1923=PLANE('',#7162);
#1924=PLANE('',#7163);
#1925=PLANE('',#7164);
#1926=PLANE('',#7165);
#1927=PLANE('',#7166);
#1928=PLANE('',#7167);
#1929=PLANE('',#7168);
#1930=PLANE('',#7169);
#1931=PLANE('',#7170);
#1932=PLANE('',#7171);
#1933=PLANE('',#7172);
#1934=PLANE('',#7173);
#1935=PLANE('',#7174);
#1936=PLANE('',#7175);
#1937=PLANE('',#7176);
#1938=PLANE('',#7177);
#1939=PLANE('',#7178);
#1940=PLANE('',#7179);
#1941=PLANE('',#7180);
#1942=PLANE('',#7181);
#1943=PLANE('',#7182);
#1944=PLANE('',#7183);
#1945=PLANE('',#7184);
#1946=PLANE('',#7185);
#1947=PLANE('',#7186);
#1948=PLANE('',#7187);
#1949=PLANE('',#7188);
#1950=PLANE('',#7189);
#1951=PLANE('',#7190);
#1952=PLANE('',#7191);
#1953=PLANE('',#7192);
#1954=PLANE('',#7193);
#1955=PLANE('',#7194);
#1956=PLANE('',#7195);
#1957=PLANE('',#7196);
#1958=PLANE('',#7197);
#1959=PLANE('',#7198);
#1960=PLANE('',#7199);
#1961=PLANE('',#7200);
#1962=PLANE('',#7201);
#1963=PLANE('',#7202);
#1964=PLANE('',#7203);
#1965=PLANE('',#7204);
#1966=PLANE('',#7205);
#1967=PLANE('',#7206);
#1968=PLANE('',#7207);
#1969=PLANE('',#7208);
#1970=PLANE('',#7209);
#1971=PLANE('',#7210);
#1972=PLANE('',#7211);
#1973=PLANE('',#7212);
#1974=PLANE('',#7213);
#1975=PLANE('',#7214);
#1976=PLANE('',#7215);
#1977=PLANE('',#7216);
#1978=PLANE('',#7217);
#1979=PLANE('',#7218);
#1980=PLANE('',#7219);
#1981=PLANE('',#7220);
#1982=PLANE('',#7221);
#1983=PLANE('',#7222);
#1984=PLANE('',#7223);
#1985=PLANE('',#7224);
#1986=PLANE('',#7225);
#1987=PLANE('',#7226);
#1988=PLANE('',#7227);
#1989=PLANE('',#7228);
#1990=PLANE('',#7229);
#1991=PLANE('',#7230);
#1992=PLANE('',#7231);
#1993=PLANE('',#7232);
#1994=PLANE('',#7233);
#1995=PLANE('',#7234);
#1996=PLANE('',#7235);
#1997=PLANE('',#7236);
#1998=PLANE('',#7237);
#1999=PLANE('',#7238);
#2000=PLANE('',#7239);
#2001=PLANE('',#7240);
#2002=PLANE('',#7241);
#2003=PLANE('',#7242);
#2004=PLANE('',#7243);
#2005=PLANE('',#7244);
#2006=PLANE('',#7245);
#2007=PLANE('',#7246);
#2008=PLANE('',#7247);
#2009=PLANE('',#7248);
#2010=PLANE('',#7249);
#2011=PLANE('',#7250);
#2012=PLANE('',#7251);
#2013=PLANE('',#7252);
#2014=PLANE('',#7253);
#2015=PLANE('',#7254);
#2016=PLANE('',#7255);
#2017=PLANE('',#7256);
#2018=PLANE('',#7257);
#2019=PLANE('',#7258);
#2020=PLANE('',#7259);
#2021=PLANE('',#7260);
#2022=PLANE('',#7261);
#2023=PLANE('',#7262);
#2024=PLANE('',#7263);
#2025=PLANE('',#7264);
#2026=PLANE('',#7265);
#2027=PLANE('',#7266);
#2028=PLANE('',#7267);
#2029=PLANE('',#7268);
#2030=PLANE('',#7269);
#2031=PLANE('',#7270);
#2032=PLANE('',#7271);
#2033=PLANE('',#7272);
#2034=PLANE('',#7273);
#2035=PLANE('',#7274);
#2036=PLANE('',#7275);
#2037=PLANE('',#7276);
#2038=PLANE('',#7277);
#2039=PLANE('',#7278);
#2040=PLANE('',#7279);
#2041=PLANE('',#7280);
#2042=PLANE('',#7281);
#2043=PLANE('',#7282);
#2044=PLANE('',#7283);
#2045=PLANE('',#7284);
#2046=PLANE('',#7285);
#2047=PLANE('',#7286);
#2048=PLANE('',#7287);
#2049=PLANE('',#7288);
#2050=PLANE('',#7289);
#2051=PLANE('',#7290);
#2052=PLANE('',#7291);
#2053=PLANE('',#7292);
#2054=PLANE('',#7293);
#2055=PLANE('',#7294);
#2056=PLANE('',#7295);
#2057=PLANE('',#7296);
#2058=PLANE('',#7297);
#2059=PLANE('',#7298);
#2060=PLANE('',#7299);
#2061=PLANE('',#7300);
#2062=PLANE('',#7301);
#2063=PLANE('',#7302);
#2064=PLANE('',#7303);
#2065=PLANE('',#7304);
#2066=PLANE('',#7305);
#2067=PLANE('',#7306);
#2068=PLANE('',#7307);
#2069=PLANE('',#7308);
#2070=PLANE('',#7309);
#2071=PLANE('',#7310);
#2072=PLANE('',#7311);
#2073=PLANE('',#7312);
#2074=PLANE('',#7313);
#2075=PLANE('',#7314);
#2076=PLANE('',#7315);
#2077=PLANE('',#7316);
#2078=PLANE('',#7317);
#2079=PLANE('',#7318);
#2080=PLANE('',#7319);
#2081=PLANE('',#7320);
#2082=PLANE('',#7321);
#2083=PLANE('',#7322);
#2084=PLANE('',#7323);
#2085=PLANE('',#7324);
#2086=PLANE('',#7325);
#2087=PLANE('',#7326);
#2088=PLANE('',#7327);
#2089=PLANE('',#7328);
#2090=PLANE('',#7329);
#2091=PLANE('',#7330);
#2092=PLANE('',#7331);
#2093=PLANE('',#7332);
#2094=PLANE('',#7333);
#2095=PLANE('',#7334);
#2096=PLANE('',#7335);
#2097=PLANE('',#7336);
#2098=PLANE('',#7337);
#2099=PLANE('',#7338);
#2100=PLANE('',#7339);
#2101=PLANE('',#7340);
#2102=PLANE('',#7341);
#2103=PLANE('',#7342);
#2104=PLANE('',#7343);
#2105=PLANE('',#7344);
#2106=PLANE('',#7345);
#2107=PLANE('',#7346);
#2108=PLANE('',#7347);
#2109=PLANE('',#7348);
#2110=PLANE('',#7349);
#2111=PLANE('',#7350);
#2112=PLANE('',#7351);
#2113=PLANE('',#7352);
#2114=PLANE('',#7353);
#2115=PLANE('',#7354);
#2116=PLANE('',#7355);
#2117=PLANE('',#7356);
#2118=PLANE('',#7357);
#2119=PLANE('',#7358);
#2120=PLANE('',#7359);
#2121=PLANE('',#7360);
#2122=PLANE('',#7361);
#2123=PLANE('',#7362);
#2124=PLANE('',#7363);
#2125=PLANE('',#7364);
#2126=PLANE('',#7365);
#2127=PLANE('',#7366);
#2128=PLANE('',#7367);
#2129=PLANE('',#7368);
#2130=PLANE('',#7369);
#2131=PLANE('',#7370);
#2132=PLANE('',#7371);
#2133=PLANE('',#7372);
#2134=PLANE('',#7373);
#2135=PLANE('',#7374);
#2136=PLANE('',#7375);
#2137=PLANE('',#7376);
#2138=PLANE('',#7377);
#2139=PLANE('',#7378);
#2140=PLANE('',#7379);
#2141=PLANE('',#7380);
#2142=PLANE('',#7381);
#2143=PLANE('',#7382);
#2144=PLANE('',#7383);
#2145=PLANE('',#7384);
#2146=PLANE('',#7385);
#2147=PLANE('',#7386);
#2148=PLANE('',#7387);
#2149=PLANE('',#7388);
#2150=PLANE('',#7389);
#2151=PLANE('',#7390);
#2152=PLANE('',#7391);
#2153=PLANE('',#7392);
#2154=PLANE('',#7393);
#2155=PLANE('',#7394);
#2156=PLANE('',#7395);
#2157=PLANE('',#7396);
#2158=PLANE('',#7397);
#2159=PLANE('',#7398);
#2160=PLANE('',#7399);
#2161=PLANE('',#7400);
#2162=PLANE('',#7401);
#2163=PLANE('',#7402);
#2164=PLANE('',#7403);
#2165=PLANE('',#7404);
#2166=PLANE('',#7405);
#2167=PLANE('',#7406);
#2168=PLANE('',#7407);
#2169=PLANE('',#7408);
#2170=PLANE('',#7409);
#2171=PLANE('',#7410);
#2172=PLANE('',#7411);
#2173=PLANE('',#7412);
#2174=PLANE('',#7413);
#2175=PLANE('',#7414);
#2176=PLANE('',#7415);
#2177=PLANE('',#7416);
#2178=PLANE('',#7417);
#2179=PLANE('',#7418);
#2180=PLANE('',#7419);
#2181=PLANE('',#7420);
#2182=PLANE('',#7421);
#2183=PLANE('',#7422);
#2184=PLANE('',#7423);
#2185=PLANE('',#7424);
#2186=PLANE('',#7425);
#2187=PLANE('',#7426);
#2188=PLANE('',#7427);
#2189=PLANE('',#7428);
#2190=PLANE('',#7429);
#2191=PLANE('',#7430);
#2192=PLANE('',#7431);
#2193=PLANE('',#7432);
#2194=PLANE('',#7433);
#2195=PLANE('',#7434);
#2196=PLANE('',#7435);
#2197=PLANE('',#7436);
#2198=PLANE('',#7437);
#2199=PLANE('',#7438);
#2200=PLANE('',#7439);
#2201=PLANE('',#7440);
#2202=PLANE('',#7441);
#2203=PLANE('',#7442);
#2204=PLANE('',#7443);
#2205=PLANE('',#7444);
#2206=PLANE('',#7445);
#2207=PLANE('',#7446);
#2208=PLANE('',#7447);
#2209=PLANE('',#7448);
#2210=PLANE('',#7449);
#2211=PLANE('',#7450);
#2212=PLANE('',#7451);
#2213=PLANE('',#7452);
#2214=PLANE('',#7453);
#2215=PLANE('',#7454);
#2216=PLANE('',#7455);
#2217=PLANE('',#7456);
#2218=PLANE('',#7457);
#2219=PLANE('',#7458);
#2220=PLANE('',#7459);
#2221=PLANE('',#7460);
#2222=PLANE('',#7461);
#2223=PLANE('',#7462);
#2224=PLANE('',#7463);
#2225=PLANE('',#7464);
#2226=PLANE('',#7465);
#2227=PLANE('',#7466);
#2228=PLANE('',#7467);
#2229=PLANE('',#7468);
#2230=PLANE('',#7469);
#2231=PLANE('',#7470);
#2232=PLANE('',#7471);
#2233=PLANE('',#7472);
#2234=PLANE('',#7473);
#2235=PLANE('',#7474);
#2236=PLANE('',#7475);
#2237=PLANE('',#7476);
#2238=PLANE('',#7477);
#2239=PLANE('',#7478);
#2240=PLANE('',#7479);
#2241=PLANE('',#7480);
#2242=PLANE('',#7481);
#2243=PLANE('',#7482);
#2244=PLANE('',#7483);
#2245=PLANE('',#7484);
#2246=PLANE('',#7485);
#2247=PLANE('',#7486);
#2248=PLANE('',#7487);
#2249=PLANE('',#7488);
#2250=PLANE('',#7489);
#2251=PLANE('',#7490);
#2252=PLANE('',#7491);
#2253=PLANE('',#7492);
#2254=PLANE('',#7493);
#2255=PLANE('',#7494);
#2256=PLANE('',#7495);
#2257=PLANE('',#7496);
#2258=PLANE('',#7497);
#2259=PLANE('',#7498);
#2260=PLANE('',#7499);
#2261=PLANE('',#7500);
#2262=PLANE('',#7501);
#2263=PLANE('',#7502);
#2264=PLANE('',#7503);
#2265=PLANE('',#7504);
#2266=PLANE('',#7505);
#2267=PLANE('',#7506);
#2268=PLANE('',#7507);
#2269=PLANE('',#7508);
#2270=PLANE('',#7509);
#2271=PLANE('',#7510);
#2272=PLANE('',#7511);
#2273=PLANE('',#7512);
#2274=PLANE('',#7513);
#2275=PLANE('',#7514);
#2276=PLANE('',#7515);
#2277=PLANE('',#7516);
#2278=PLANE('',#7517);
#2279=PLANE('',#7518);
#2280=PLANE('',#7519);
#2281=PLANE('',#7520);
#2282=PLANE('',#7521);
#2283=PLANE('',#7522);
#2284=PLANE('',#7523);
#2285=PLANE('',#7524);
#2286=PLANE('',#7525);
#2287=PLANE('',#7526);
#2288=PLANE('',#7527);
#2289=PLANE('',#7528);
#2290=PLANE('',#7529);
#2291=PLANE('',#7530);
#2292=PLANE('',#7531);
#2293=PLANE('',#7532);
#2294=PLANE('',#7533);
#2295=PLANE('',#7534);
#2296=PLANE('',#7535);
#2297=PLANE('',#7536);
#2298=PLANE('',#7537);
#2299=PLANE('',#7538);
#2300=PLANE('',#7539);
#2301=PLANE('',#7540);
#2302=PLANE('',#7541);
#2303=PLANE('',#7542);
#2304=PLANE('',#7543);
#2305=PLANE('',#7544);
#2306=PLANE('',#7545);
#2307=PLANE('',#7546);
#2308=PLANE('',#7547);
#2309=PLANE('',#7548);
#2310=PLANE('',#7549);
#2311=PLANE('',#7550);
#2312=PLANE('',#7551);
#2313=PLANE('',#7552);
#2314=FACE_OUTER_BOUND('',#2867,.T.);
#2315=FACE_OUTER_BOUND('',#2868,.T.);
#2316=FACE_OUTER_BOUND('',#2870,.T.);
#2317=FACE_OUTER_BOUND('',#2871,.T.);
#2318=FACE_OUTER_BOUND('',#2872,.T.);
#2319=FACE_OUTER_BOUND('',#2873,.T.);
#2320=FACE_OUTER_BOUND('',#2874,.T.);
#2321=FACE_OUTER_BOUND('',#2876,.T.);
#2322=FACE_OUTER_BOUND('',#2877,.T.);
#2323=FACE_OUTER_BOUND('',#2878,.T.);
#2324=FACE_OUTER_BOUND('',#2879,.T.);
#2325=FACE_OUTER_BOUND('',#2880,.T.);
#2326=FACE_OUTER_BOUND('',#2881,.T.);
#2327=FACE_OUTER_BOUND('',#2882,.T.);
#2328=FACE_OUTER_BOUND('',#2883,.T.);
#2329=FACE_OUTER_BOUND('',#2884,.T.);
#2330=FACE_OUTER_BOUND('',#2885,.T.);
#2331=FACE_OUTER_BOUND('',#2886,.T.);
#2332=FACE_OUTER_BOUND('',#2887,.T.);
#2333=FACE_OUTER_BOUND('',#2888,.T.);
#2334=FACE_OUTER_BOUND('',#2889,.T.);
#2335=FACE_OUTER_BOUND('',#2890,.T.);
#2336=FACE_OUTER_BOUND('',#2891,.T.);
#2337=FACE_OUTER_BOUND('',#2892,.T.);
#2338=FACE_OUTER_BOUND('',#2893,.T.);
#2339=FACE_OUTER_BOUND('',#2894,.T.);
#2340=FACE_OUTER_BOUND('',#2895,.T.);
#2341=FACE_OUTER_BOUND('',#2896,.T.);
#2342=FACE_OUTER_BOUND('',#2897,.T.);
#2343=FACE_OUTER_BOUND('',#2898,.T.);
#2344=FACE_OUTER_BOUND('',#2899,.T.);
#2345=FACE_OUTER_BOUND('',#2900,.T.);
#2346=FACE_OUTER_BOUND('',#2901,.T.);
#2347=FACE_OUTER_BOUND('',#2902,.T.);
#2348=FACE_OUTER_BOUND('',#2903,.T.);
#2349=FACE_OUTER_BOUND('',#2904,.T.);
#2350=FACE_OUTER_BOUND('',#2905,.T.);
#2351=FACE_OUTER_BOUND('',#2906,.T.);
#2352=FACE_OUTER_BOUND('',#2907,.T.);
#2353=FACE_OUTER_BOUND('',#2908,.T.);
#2354=FACE_OUTER_BOUND('',#2909,.T.);
#2355=FACE_OUTER_BOUND('',#2910,.T.);
#2356=FACE_OUTER_BOUND('',#2911,.T.);
#2357=FACE_OUTER_BOUND('',#2912,.T.);
#2358=FACE_OUTER_BOUND('',#2913,.T.);
#2359=FACE_OUTER_BOUND('',#2914,.T.);
#2360=FACE_OUTER_BOUND('',#2915,.T.);
#2361=FACE_OUTER_BOUND('',#2916,.T.);
#2362=FACE_OUTER_BOUND('',#2917,.T.);
#2363=FACE_OUTER_BOUND('',#2918,.T.);
#2364=FACE_OUTER_BOUND('',#2919,.T.);
#2365=FACE_OUTER_BOUND('',#2920,.T.);
#2366=FACE_OUTER_BOUND('',#2921,.T.);
#2367=FACE_OUTER_BOUND('',#2922,.T.);
#2368=FACE_OUTER_BOUND('',#2923,.T.);
#2369=FACE_OUTER_BOUND('',#2924,.T.);
#2370=FACE_OUTER_BOUND('',#2925,.T.);
#2371=FACE_OUTER_BOUND('',#2926,.T.);
#2372=FACE_OUTER_BOUND('',#2927,.T.);
#2373=FACE_OUTER_BOUND('',#2928,.T.);
#2374=FACE_OUTER_BOUND('',#2929,.T.);
#2375=FACE_OUTER_BOUND('',#2930,.T.);
#2376=FACE_OUTER_BOUND('',#2931,.T.);
#2377=FACE_OUTER_BOUND('',#2932,.T.);
#2378=FACE_OUTER_BOUND('',#2933,.T.);
#2379=FACE_OUTER_BOUND('',#2934,.T.);
#2380=FACE_OUTER_BOUND('',#2935,.T.);
#2381=FACE_OUTER_BOUND('',#2936,.T.);
#2382=FACE_OUTER_BOUND('',#2937,.T.);
#2383=FACE_OUTER_BOUND('',#2938,.T.);
#2384=FACE_OUTER_BOUND('',#2939,.T.);
#2385=FACE_OUTER_BOUND('',#2940,.T.);
#2386=FACE_OUTER_BOUND('',#2941,.T.);
#2387=FACE_OUTER_BOUND('',#2942,.T.);
#2388=FACE_OUTER_BOUND('',#2943,.T.);
#2389=FACE_OUTER_BOUND('',#2944,.T.);
#2390=FACE_OUTER_BOUND('',#2945,.T.);
#2391=FACE_OUTER_BOUND('',#2946,.T.);
#2392=FACE_OUTER_BOUND('',#2947,.T.);
#2393=FACE_OUTER_BOUND('',#2948,.T.);
#2394=FACE_OUTER_BOUND('',#2949,.T.);
#2395=FACE_OUTER_BOUND('',#2950,.T.);
#2396=FACE_OUTER_BOUND('',#2951,.T.);
#2397=FACE_OUTER_BOUND('',#2952,.T.);
#2398=FACE_OUTER_BOUND('',#2953,.T.);
#2399=FACE_OUTER_BOUND('',#2954,.T.);
#2400=FACE_OUTER_BOUND('',#2955,.T.);
#2401=FACE_OUTER_BOUND('',#2956,.T.);
#2402=FACE_OUTER_BOUND('',#2957,.T.);
#2403=FACE_OUTER_BOUND('',#2958,.T.);
#2404=FACE_OUTER_BOUND('',#2959,.T.);
#2405=FACE_OUTER_BOUND('',#2960,.T.);
#2406=FACE_OUTER_BOUND('',#2961,.T.);
#2407=FACE_OUTER_BOUND('',#2962,.T.);
#2408=FACE_OUTER_BOUND('',#2963,.T.);
#2409=FACE_OUTER_BOUND('',#2964,.T.);
#2410=FACE_OUTER_BOUND('',#2965,.T.);
#2411=FACE_OUTER_BOUND('',#2966,.T.);
#2412=FACE_OUTER_BOUND('',#2967,.T.);
#2413=FACE_OUTER_BOUND('',#2968,.T.);
#2414=FACE_OUTER_BOUND('',#2969,.T.);
#2415=FACE_OUTER_BOUND('',#2970,.T.);
#2416=FACE_OUTER_BOUND('',#2971,.T.);
#2417=FACE_OUTER_BOUND('',#2972,.T.);
#2418=FACE_OUTER_BOUND('',#2973,.T.);
#2419=FACE_OUTER_BOUND('',#2974,.T.);
#2420=FACE_OUTER_BOUND('',#2975,.T.);
#2421=FACE_OUTER_BOUND('',#2976,.T.);
#2422=FACE_OUTER_BOUND('',#2977,.T.);
#2423=FACE_OUTER_BOUND('',#2978,.T.);
#2424=FACE_OUTER_BOUND('',#2979,.T.);
#2425=FACE_OUTER_BOUND('',#2980,.T.);
#2426=FACE_OUTER_BOUND('',#2981,.T.);
#2427=FACE_OUTER_BOUND('',#2982,.T.);
#2428=FACE_OUTER_BOUND('',#2983,.T.);
#2429=FACE_OUTER_BOUND('',#2984,.T.);
#2430=FACE_OUTER_BOUND('',#2985,.T.);
#2431=FACE_OUTER_BOUND('',#2986,.T.);
#2432=FACE_OUTER_BOUND('',#2987,.T.);
#2433=FACE_OUTER_BOUND('',#2988,.T.);
#2434=FACE_OUTER_BOUND('',#2989,.T.);
#2435=FACE_OUTER_BOUND('',#2990,.T.);
#2436=FACE_OUTER_BOUND('',#2991,.T.);
#2437=FACE_OUTER_BOUND('',#2992,.T.);
#2438=FACE_OUTER_BOUND('',#2993,.T.);
#2439=FACE_OUTER_BOUND('',#2994,.T.);
#2440=FACE_OUTER_BOUND('',#2995,.T.);
#2441=FACE_OUTER_BOUND('',#2996,.T.);
#2442=FACE_OUTER_BOUND('',#2997,.T.);
#2443=FACE_OUTER_BOUND('',#2998,.T.);
#2444=FACE_OUTER_BOUND('',#2999,.T.);
#2445=FACE_OUTER_BOUND('',#3000,.T.);
#2446=FACE_OUTER_BOUND('',#3001,.T.);
#2447=FACE_OUTER_BOUND('',#3002,.T.);
#2448=FACE_OUTER_BOUND('',#3003,.T.);
#2449=FACE_OUTER_BOUND('',#3004,.T.);
#2450=FACE_OUTER_BOUND('',#3005,.T.);
#2451=FACE_OUTER_BOUND('',#3006,.T.);
#2452=FACE_OUTER_BOUND('',#3007,.T.);
#2453=FACE_OUTER_BOUND('',#3008,.T.);
#2454=FACE_OUTER_BOUND('',#3009,.T.);
#2455=FACE_OUTER_BOUND('',#3010,.T.);
#2456=FACE_OUTER_BOUND('',#3011,.T.);
#2457=FACE_OUTER_BOUND('',#3012,.T.);
#2458=FACE_OUTER_BOUND('',#3013,.T.);
#2459=FACE_OUTER_BOUND('',#3014,.T.);
#2460=FACE_OUTER_BOUND('',#3015,.T.);
#2461=FACE_OUTER_BOUND('',#3016,.T.);
#2462=FACE_OUTER_BOUND('',#3017,.T.);
#2463=FACE_OUTER_BOUND('',#3018,.T.);
#2464=FACE_OUTER_BOUND('',#3019,.T.);
#2465=FACE_OUTER_BOUND('',#3020,.T.);
#2466=FACE_OUTER_BOUND('',#3021,.T.);
#2467=FACE_OUTER_BOUND('',#3022,.T.);
#2468=FACE_OUTER_BOUND('',#3023,.T.);
#2469=FACE_OUTER_BOUND('',#3024,.T.);
#2470=FACE_OUTER_BOUND('',#3025,.T.);
#2471=FACE_OUTER_BOUND('',#3026,.T.);
#2472=FACE_OUTER_BOUND('',#3027,.T.);
#2473=FACE_OUTER_BOUND('',#3028,.T.);
#2474=FACE_OUTER_BOUND('',#3029,.T.);
#2475=FACE_OUTER_BOUND('',#3030,.T.);
#2476=FACE_OUTER_BOUND('',#3031,.T.);
#2477=FACE_OUTER_BOUND('',#3032,.T.);
#2478=FACE_OUTER_BOUND('',#3033,.T.);
#2479=FACE_OUTER_BOUND('',#3034,.T.);
#2480=FACE_OUTER_BOUND('',#3035,.T.);
#2481=FACE_OUTER_BOUND('',#3036,.T.);
#2482=FACE_OUTER_BOUND('',#3037,.T.);
#2483=FACE_OUTER_BOUND('',#3038,.T.);
#2484=FACE_OUTER_BOUND('',#3039,.T.);
#2485=FACE_OUTER_BOUND('',#3040,.T.);
#2486=FACE_OUTER_BOUND('',#3041,.T.);
#2487=FACE_OUTER_BOUND('',#3042,.T.);
#2488=FACE_OUTER_BOUND('',#3043,.T.);
#2489=FACE_OUTER_BOUND('',#3044,.T.);
#2490=FACE_OUTER_BOUND('',#3045,.T.);
#2491=FACE_OUTER_BOUND('',#3046,.T.);
#2492=FACE_OUTER_BOUND('',#3047,.T.);
#2493=FACE_OUTER_BOUND('',#3048,.T.);
#2494=FACE_OUTER_BOUND('',#3049,.T.);
#2495=FACE_OUTER_BOUND('',#3050,.T.);
#2496=FACE_OUTER_BOUND('',#3051,.T.);
#2497=FACE_OUTER_BOUND('',#3052,.T.);
#2498=FACE_OUTER_BOUND('',#3053,.T.);
#2499=FACE_OUTER_BOUND('',#3054,.T.);
#2500=FACE_OUTER_BOUND('',#3055,.T.);
#2501=FACE_OUTER_BOUND('',#3056,.T.);
#2502=FACE_OUTER_BOUND('',#3057,.T.);
#2503=FACE_OUTER_BOUND('',#3058,.T.);
#2504=FACE_OUTER_BOUND('',#3059,.T.);
#2505=FACE_OUTER_BOUND('',#3060,.T.);
#2506=FACE_OUTER_BOUND('',#3061,.T.);
#2507=FACE_OUTER_BOUND('',#3062,.T.);
#2508=FACE_OUTER_BOUND('',#3063,.T.);
#2509=FACE_OUTER_BOUND('',#3064,.T.);
#2510=FACE_OUTER_BOUND('',#3065,.T.);
#2511=FACE_OUTER_BOUND('',#3066,.T.);
#2512=FACE_OUTER_BOUND('',#3067,.T.);
#2513=FACE_OUTER_BOUND('',#3068,.T.);
#2514=FACE_OUTER_BOUND('',#3069,.T.);
#2515=FACE_OUTER_BOUND('',#3070,.T.);
#2516=FACE_OUTER_BOUND('',#3071,.T.);
#2517=FACE_OUTER_BOUND('',#3072,.T.);
#2518=FACE_OUTER_BOUND('',#3073,.T.);
#2519=FACE_OUTER_BOUND('',#3074,.T.);
#2520=FACE_OUTER_BOUND('',#3075,.T.);
#2521=FACE_OUTER_BOUND('',#3076,.T.);
#2522=FACE_OUTER_BOUND('',#3077,.T.);
#2523=FACE_OUTER_BOUND('',#3078,.T.);
#2524=FACE_OUTER_BOUND('',#3079,.T.);
#2525=FACE_OUTER_BOUND('',#3080,.T.);
#2526=FACE_OUTER_BOUND('',#3081,.T.);
#2527=FACE_OUTER_BOUND('',#3082,.T.);
#2528=FACE_OUTER_BOUND('',#3083,.T.);
#2529=FACE_OUTER_BOUND('',#3084,.T.);
#2530=FACE_OUTER_BOUND('',#3085,.T.);
#2531=FACE_OUTER_BOUND('',#3086,.T.);
#2532=FACE_OUTER_BOUND('',#3087,.T.);
#2533=FACE_OUTER_BOUND('',#3088,.T.);
#2534=FACE_OUTER_BOUND('',#3089,.T.);
#2535=FACE_OUTER_BOUND('',#3090,.T.);
#2536=FACE_OUTER_BOUND('',#3091,.T.);
#2537=FACE_OUTER_BOUND('',#3092,.T.);
#2538=FACE_OUTER_BOUND('',#3093,.T.);
#2539=FACE_OUTER_BOUND('',#3094,.T.);
#2540=FACE_OUTER_BOUND('',#3095,.T.);
#2541=FACE_OUTER_BOUND('',#3096,.T.);
#2542=FACE_OUTER_BOUND('',#3097,.T.);
#2543=FACE_OUTER_BOUND('',#3098,.T.);
#2544=FACE_OUTER_BOUND('',#3099,.T.);
#2545=FACE_OUTER_BOUND('',#3100,.T.);
#2546=FACE_OUTER_BOUND('',#3101,.T.);
#2547=FACE_OUTER_BOUND('',#3102,.T.);
#2548=FACE_OUTER_BOUND('',#3103,.T.);
#2549=FACE_OUTER_BOUND('',#3104,.T.);
#2550=FACE_OUTER_BOUND('',#3105,.T.);
#2551=FACE_OUTER_BOUND('',#3106,.T.);
#2552=FACE_OUTER_BOUND('',#3107,.T.);
#2553=FACE_OUTER_BOUND('',#3108,.T.);
#2554=FACE_OUTER_BOUND('',#3109,.T.);
#2555=FACE_OUTER_BOUND('',#3110,.T.);
#2556=FACE_OUTER_BOUND('',#3111,.T.);
#2557=FACE_OUTER_BOUND('',#3112,.T.);
#2558=FACE_OUTER_BOUND('',#3113,.T.);
#2559=FACE_OUTER_BOUND('',#3114,.T.);
#2560=FACE_OUTER_BOUND('',#3115,.T.);
#2561=FACE_OUTER_BOUND('',#3116,.T.);
#2562=FACE_OUTER_BOUND('',#3117,.T.);
#2563=FACE_OUTER_BOUND('',#3118,.T.);
#2564=FACE_OUTER_BOUND('',#3119,.T.);
#2565=FACE_OUTER_BOUND('',#3120,.T.);
#2566=FACE_OUTER_BOUND('',#3121,.T.);
#2567=FACE_OUTER_BOUND('',#3122,.T.);
#2568=FACE_OUTER_BOUND('',#3123,.T.);
#2569=FACE_OUTER_BOUND('',#3124,.T.);
#2570=FACE_OUTER_BOUND('',#3125,.T.);
#2571=FACE_OUTER_BOUND('',#3126,.T.);
#2572=FACE_OUTER_BOUND('',#3127,.T.);
#2573=FACE_OUTER_BOUND('',#3128,.T.);
#2574=FACE_OUTER_BOUND('',#3129,.T.);
#2575=FACE_OUTER_BOUND('',#3130,.T.);
#2576=FACE_OUTER_BOUND('',#3131,.T.);
#2577=FACE_OUTER_BOUND('',#3132,.T.);
#2578=FACE_OUTER_BOUND('',#3133,.T.);
#2579=FACE_OUTER_BOUND('',#3134,.T.);
#2580=FACE_OUTER_BOUND('',#3135,.T.);
#2581=FACE_OUTER_BOUND('',#3136,.T.);
#2582=FACE_OUTER_BOUND('',#3137,.T.);
#2583=FACE_OUTER_BOUND('',#3138,.T.);
#2584=FACE_OUTER_BOUND('',#3139,.T.);
#2585=FACE_OUTER_BOUND('',#3140,.T.);
#2586=FACE_OUTER_BOUND('',#3141,.T.);
#2587=FACE_OUTER_BOUND('',#3142,.T.);
#2588=FACE_OUTER_BOUND('',#3143,.T.);
#2589=FACE_OUTER_BOUND('',#3144,.T.);
#2590=FACE_OUTER_BOUND('',#3145,.T.);
#2591=FACE_OUTER_BOUND('',#3146,.T.);
#2592=FACE_OUTER_BOUND('',#3147,.T.);
#2593=FACE_OUTER_BOUND('',#3148,.T.);
#2594=FACE_OUTER_BOUND('',#3149,.T.);
#2595=FACE_OUTER_BOUND('',#3150,.T.);
#2596=FACE_OUTER_BOUND('',#3151,.T.);
#2597=FACE_OUTER_BOUND('',#3152,.T.);
#2598=FACE_OUTER_BOUND('',#3153,.T.);
#2599=FACE_OUTER_BOUND('',#3154,.T.);
#2600=FACE_OUTER_BOUND('',#3155,.T.);
#2601=FACE_OUTER_BOUND('',#3156,.T.);
#2602=FACE_OUTER_BOUND('',#3157,.T.);
#2603=FACE_OUTER_BOUND('',#3158,.T.);
#2604=FACE_OUTER_BOUND('',#3159,.T.);
#2605=FACE_OUTER_BOUND('',#3160,.T.);
#2606=FACE_OUTER_BOUND('',#3161,.T.);
#2607=FACE_OUTER_BOUND('',#3162,.T.);
#2608=FACE_OUTER_BOUND('',#3163,.T.);
#2609=FACE_OUTER_BOUND('',#3164,.T.);
#2610=FACE_OUTER_BOUND('',#3165,.T.);
#2611=FACE_OUTER_BOUND('',#3166,.T.);
#2612=FACE_OUTER_BOUND('',#3167,.T.);
#2613=FACE_OUTER_BOUND('',#3168,.T.);
#2614=FACE_OUTER_BOUND('',#3169,.T.);
#2615=FACE_OUTER_BOUND('',#3170,.T.);
#2616=FACE_OUTER_BOUND('',#3171,.T.);
#2617=FACE_OUTER_BOUND('',#3172,.T.);
#2618=FACE_OUTER_BOUND('',#3173,.T.);
#2619=FACE_OUTER_BOUND('',#3174,.T.);
#2620=FACE_OUTER_BOUND('',#3175,.T.);
#2621=FACE_OUTER_BOUND('',#3176,.T.);
#2622=FACE_OUTER_BOUND('',#3177,.T.);
#2623=FACE_OUTER_BOUND('',#3178,.T.);
#2624=FACE_OUTER_BOUND('',#3179,.T.);
#2625=FACE_OUTER_BOUND('',#3180,.T.);
#2626=FACE_OUTER_BOUND('',#3181,.T.);
#2627=FACE_OUTER_BOUND('',#3182,.T.);
#2628=FACE_OUTER_BOUND('',#3183,.T.);
#2629=FACE_OUTER_BOUND('',#3184,.T.);
#2630=FACE_OUTER_BOUND('',#3185,.T.);
#2631=FACE_OUTER_BOUND('',#3186,.T.);
#2632=FACE_OUTER_BOUND('',#3187,.T.);
#2633=FACE_OUTER_BOUND('',#3188,.T.);
#2634=FACE_OUTER_BOUND('',#3189,.T.);
#2635=FACE_OUTER_BOUND('',#3190,.T.);
#2636=FACE_OUTER_BOUND('',#3191,.T.);
#2637=FACE_OUTER_BOUND('',#3192,.T.);
#2638=FACE_OUTER_BOUND('',#3193,.T.);
#2639=FACE_OUTER_BOUND('',#3194,.T.);
#2640=FACE_OUTER_BOUND('',#3195,.T.);
#2641=FACE_OUTER_BOUND('',#3196,.T.);
#2642=FACE_OUTER_BOUND('',#3197,.T.);
#2643=FACE_OUTER_BOUND('',#3198,.T.);
#2644=FACE_OUTER_BOUND('',#3199,.T.);
#2645=FACE_OUTER_BOUND('',#3200,.T.);
#2646=FACE_OUTER_BOUND('',#3201,.T.);
#2647=FACE_OUTER_BOUND('',#3202,.T.);
#2648=FACE_OUTER_BOUND('',#3203,.T.);
#2649=FACE_OUTER_BOUND('',#3204,.T.);
#2650=FACE_OUTER_BOUND('',#3205,.T.);
#2651=FACE_OUTER_BOUND('',#3206,.T.);
#2652=FACE_OUTER_BOUND('',#3207,.T.);
#2653=FACE_OUTER_BOUND('',#3208,.T.);
#2654=FACE_OUTER_BOUND('',#3209,.T.);
#2655=FACE_OUTER_BOUND('',#3210,.T.);
#2656=FACE_OUTER_BOUND('',#3211,.T.);
#2657=FACE_OUTER_BOUND('',#3212,.T.);
#2658=FACE_OUTER_BOUND('',#3213,.T.);
#2659=FACE_OUTER_BOUND('',#3214,.T.);
#2660=FACE_OUTER_BOUND('',#3215,.T.);
#2661=FACE_OUTER_BOUND('',#3216,.T.);
#2662=FACE_OUTER_BOUND('',#3217,.T.);
#2663=FACE_OUTER_BOUND('',#3218,.T.);
#2664=FACE_OUTER_BOUND('',#3219,.T.);
#2665=FACE_OUTER_BOUND('',#3220,.T.);
#2666=FACE_OUTER_BOUND('',#3221,.T.);
#2667=FACE_OUTER_BOUND('',#3222,.T.);
#2668=FACE_OUTER_BOUND('',#3223,.T.);
#2669=FACE_OUTER_BOUND('',#3224,.T.);
#2670=FACE_OUTER_BOUND('',#3225,.T.);
#2671=FACE_OUTER_BOUND('',#3226,.T.);
#2672=FACE_OUTER_BOUND('',#3227,.T.);
#2673=FACE_OUTER_BOUND('',#3228,.T.);
#2674=FACE_OUTER_BOUND('',#3229,.T.);
#2675=FACE_OUTER_BOUND('',#3230,.T.);
#2676=FACE_OUTER_BOUND('',#3231,.T.);
#2677=FACE_OUTER_BOUND('',#3232,.T.);
#2678=FACE_OUTER_BOUND('',#3233,.T.);
#2679=FACE_OUTER_BOUND('',#3234,.T.);
#2680=FACE_OUTER_BOUND('',#3235,.T.);
#2681=FACE_OUTER_BOUND('',#3236,.T.);
#2682=FACE_OUTER_BOUND('',#3237,.T.);
#2683=FACE_OUTER_BOUND('',#3238,.T.);
#2684=FACE_OUTER_BOUND('',#3239,.T.);
#2685=FACE_OUTER_BOUND('',#3240,.T.);
#2686=FACE_OUTER_BOUND('',#3241,.T.);
#2687=FACE_OUTER_BOUND('',#3242,.T.);
#2688=FACE_OUTER_BOUND('',#3243,.T.);
#2689=FACE_OUTER_BOUND('',#3244,.T.);
#2690=FACE_OUTER_BOUND('',#3245,.T.);
#2691=FACE_OUTER_BOUND('',#3246,.T.);
#2692=FACE_OUTER_BOUND('',#3247,.T.);
#2693=FACE_OUTER_BOUND('',#3248,.T.);
#2694=FACE_OUTER_BOUND('',#3249,.T.);
#2695=FACE_OUTER_BOUND('',#3250,.T.);
#2696=FACE_OUTER_BOUND('',#3251,.T.);
#2697=FACE_OUTER_BOUND('',#3252,.T.);
#2698=FACE_OUTER_BOUND('',#3253,.T.);
#2699=FACE_OUTER_BOUND('',#3254,.T.);
#2700=FACE_OUTER_BOUND('',#3255,.T.);
#2701=FACE_OUTER_BOUND('',#3256,.T.);
#2702=FACE_OUTER_BOUND('',#3257,.T.);
#2703=FACE_OUTER_BOUND('',#3258,.T.);
#2704=FACE_OUTER_BOUND('',#3259,.T.);
#2705=FACE_OUTER_BOUND('',#3260,.T.);
#2706=FACE_OUTER_BOUND('',#3261,.T.);
#2707=FACE_OUTER_BOUND('',#3262,.T.);
#2708=FACE_OUTER_BOUND('',#3263,.T.);
#2709=FACE_OUTER_BOUND('',#3264,.T.);
#2710=FACE_OUTER_BOUND('',#3265,.T.);
#2711=FACE_OUTER_BOUND('',#3266,.T.);
#2712=FACE_OUTER_BOUND('',#3267,.T.);
#2713=FACE_OUTER_BOUND('',#3268,.T.);
#2714=FACE_OUTER_BOUND('',#3269,.T.);
#2715=FACE_OUTER_BOUND('',#3270,.T.);
#2716=FACE_OUTER_BOUND('',#3271,.T.);
#2717=FACE_OUTER_BOUND('',#3272,.T.);
#2718=FACE_OUTER_BOUND('',#3273,.T.);
#2719=FACE_OUTER_BOUND('',#3274,.T.);
#2720=FACE_OUTER_BOUND('',#3275,.T.);
#2721=FACE_OUTER_BOUND('',#3276,.T.);
#2722=FACE_OUTER_BOUND('',#3277,.T.);
#2723=FACE_OUTER_BOUND('',#3278,.T.);
#2724=FACE_OUTER_BOUND('',#3279,.T.);
#2725=FACE_OUTER_BOUND('',#3280,.T.);
#2726=FACE_OUTER_BOUND('',#3281,.T.);
#2727=FACE_OUTER_BOUND('',#3282,.T.);
#2728=FACE_OUTER_BOUND('',#3283,.T.);
#2729=FACE_OUTER_BOUND('',#3284,.T.);
#2730=FACE_OUTER_BOUND('',#3285,.T.);
#2731=FACE_OUTER_BOUND('',#3286,.T.);
#2732=FACE_OUTER_BOUND('',#3287,.T.);
#2733=FACE_OUTER_BOUND('',#3288,.T.);
#2734=FACE_OUTER_BOUND('',#3289,.T.);
#2735=FACE_OUTER_BOUND('',#3290,.T.);
#2736=FACE_OUTER_BOUND('',#3291,.T.);
#2737=FACE_OUTER_BOUND('',#3292,.T.);
#2738=FACE_OUTER_BOUND('',#3293,.T.);
#2739=FACE_OUTER_BOUND('',#3294,.T.);
#2740=FACE_OUTER_BOUND('',#3295,.T.);
#2741=FACE_OUTER_BOUND('',#3296,.T.);
#2742=FACE_OUTER_BOUND('',#3297,.T.);
#2743=FACE_OUTER_BOUND('',#3298,.T.);
#2744=FACE_OUTER_BOUND('',#3299,.T.);
#2745=FACE_OUTER_BOUND('',#3300,.T.);
#2746=FACE_OUTER_BOUND('',#3301,.T.);
#2747=FACE_OUTER_BOUND('',#3302,.T.);
#2748=FACE_OUTER_BOUND('',#3303,.T.);
#2749=FACE_OUTER_BOUND('',#3304,.T.);
#2750=FACE_OUTER_BOUND('',#3305,.T.);
#2751=FACE_OUTER_BOUND('',#3306,.T.);
#2752=FACE_OUTER_BOUND('',#3307,.T.);
#2753=FACE_OUTER_BOUND('',#3308,.T.);
#2754=FACE_OUTER_BOUND('',#3309,.T.);
#2755=FACE_OUTER_BOUND('',#3310,.T.);
#2756=FACE_OUTER_BOUND('',#3311,.T.);
#2757=FACE_OUTER_BOUND('',#3312,.T.);
#2758=FACE_OUTER_BOUND('',#3313,.T.);
#2759=FACE_OUTER_BOUND('',#3314,.T.);
#2760=FACE_OUTER_BOUND('',#3315,.T.);
#2761=FACE_OUTER_BOUND('',#3316,.T.);
#2762=FACE_OUTER_BOUND('',#3317,.T.);
#2763=FACE_OUTER_BOUND('',#3318,.T.);
#2764=FACE_OUTER_BOUND('',#3319,.T.);
#2765=FACE_OUTER_BOUND('',#3320,.T.);
#2766=FACE_OUTER_BOUND('',#3321,.T.);
#2767=FACE_OUTER_BOUND('',#3322,.T.);
#2768=FACE_OUTER_BOUND('',#3323,.T.);
#2769=FACE_OUTER_BOUND('',#3324,.T.);
#2770=FACE_OUTER_BOUND('',#3325,.T.);
#2771=FACE_OUTER_BOUND('',#3326,.T.);
#2772=FACE_OUTER_BOUND('',#3327,.T.);
#2773=FACE_OUTER_BOUND('',#3328,.T.);
#2774=FACE_OUTER_BOUND('',#3329,.T.);
#2775=FACE_OUTER_BOUND('',#3330,.T.);
#2776=FACE_OUTER_BOUND('',#3331,.T.);
#2777=FACE_OUTER_BOUND('',#3332,.T.);
#2778=FACE_OUTER_BOUND('',#3333,.T.);
#2779=FACE_OUTER_BOUND('',#3334,.T.);
#2780=FACE_OUTER_BOUND('',#3335,.T.);
#2781=FACE_OUTER_BOUND('',#3336,.T.);
#2782=FACE_OUTER_BOUND('',#3337,.T.);
#2783=FACE_OUTER_BOUND('',#3338,.T.);
#2784=FACE_OUTER_BOUND('',#3339,.T.);
#2785=FACE_OUTER_BOUND('',#3340,.T.);
#2786=FACE_OUTER_BOUND('',#3341,.T.);
#2787=FACE_OUTER_BOUND('',#3342,.T.);
#2788=FACE_OUTER_BOUND('',#3343,.T.);
#2789=FACE_OUTER_BOUND('',#3344,.T.);
#2790=FACE_OUTER_BOUND('',#3345,.T.);
#2791=FACE_OUTER_BOUND('',#3346,.T.);
#2792=FACE_OUTER_BOUND('',#3347,.T.);
#2793=FACE_OUTER_BOUND('',#3348,.T.);
#2794=FACE_OUTER_BOUND('',#3349,.T.);
#2795=FACE_OUTER_BOUND('',#3350,.T.);
#2796=FACE_OUTER_BOUND('',#3351,.T.);
#2797=FACE_OUTER_BOUND('',#3352,.T.);
#2798=FACE_OUTER_BOUND('',#3353,.T.);
#2799=FACE_OUTER_BOUND('',#3354,.T.);
#2800=FACE_OUTER_BOUND('',#3355,.T.);
#2801=FACE_OUTER_BOUND('',#3356,.T.);
#2802=FACE_OUTER_BOUND('',#3357,.T.);
#2803=FACE_OUTER_BOUND('',#3358,.T.);
#2804=FACE_OUTER_BOUND('',#3359,.T.);
#2805=FACE_OUTER_BOUND('',#3360,.T.);
#2806=FACE_OUTER_BOUND('',#3361,.T.);
#2807=FACE_OUTER_BOUND('',#3362,.T.);
#2808=FACE_OUTER_BOUND('',#3363,.T.);
#2809=FACE_OUTER_BOUND('',#3364,.T.);
#2810=FACE_OUTER_BOUND('',#3365,.T.);
#2811=FACE_OUTER_BOUND('',#3366,.T.);
#2812=FACE_OUTER_BOUND('',#3367,.T.);
#2813=FACE_OUTER_BOUND('',#3368,.T.);
#2814=FACE_OUTER_BOUND('',#3369,.T.);
#2815=FACE_OUTER_BOUND('',#3370,.T.);
#2816=FACE_OUTER_BOUND('',#3371,.T.);
#2817=FACE_OUTER_BOUND('',#3372,.T.);
#2818=FACE_OUTER_BOUND('',#3373,.T.);
#2819=FACE_OUTER_BOUND('',#3374,.T.);
#2820=FACE_OUTER_BOUND('',#3375,.T.);
#2821=FACE_OUTER_BOUND('',#3376,.T.);
#2822=FACE_OUTER_BOUND('',#3377,.T.);
#2823=FACE_OUTER_BOUND('',#3378,.T.);
#2824=FACE_OUTER_BOUND('',#3379,.T.);
#2825=FACE_OUTER_BOUND('',#3380,.T.);
#2826=FACE_OUTER_BOUND('',#3381,.T.);
#2827=FACE_OUTER_BOUND('',#3382,.T.);
#2828=FACE_OUTER_BOUND('',#3383,.T.);
#2829=FACE_OUTER_BOUND('',#3384,.T.);
#2830=FACE_OUTER_BOUND('',#3385,.T.);
#2831=FACE_OUTER_BOUND('',#3386,.T.);
#2832=FACE_OUTER_BOUND('',#3387,.T.);
#2833=FACE_OUTER_BOUND('',#3388,.T.);
#2834=FACE_OUTER_BOUND('',#3389,.T.);
#2835=FACE_OUTER_BOUND('',#3390,.T.);
#2836=FACE_OUTER_BOUND('',#3391,.T.);
#2837=FACE_OUTER_BOUND('',#3392,.T.);
#2838=FACE_OUTER_BOUND('',#3393,.T.);
#2839=FACE_OUTER_BOUND('',#3394,.T.);
#2840=FACE_OUTER_BOUND('',#3395,.T.);
#2841=FACE_OUTER_BOUND('',#3396,.T.);
#2842=FACE_OUTER_BOUND('',#3397,.T.);
#2843=FACE_OUTER_BOUND('',#3398,.T.);
#2844=FACE_OUTER_BOUND('',#3399,.T.);
#2845=FACE_OUTER_BOUND('',#3400,.T.);
#2846=FACE_OUTER_BOUND('',#3401,.T.);
#2847=FACE_OUTER_BOUND('',#3402,.T.);
#2848=FACE_OUTER_BOUND('',#3403,.T.);
#2849=FACE_OUTER_BOUND('',#3404,.T.);
#2850=FACE_OUTER_BOUND('',#3405,.T.);
#2851=FACE_OUTER_BOUND('',#3406,.T.);
#2852=FACE_OUTER_BOUND('',#3407,.T.);
#2853=FACE_OUTER_BOUND('',#3408,.T.);
#2854=FACE_OUTER_BOUND('',#3409,.T.);
#2855=FACE_OUTER_BOUND('',#3410,.T.);
#2856=FACE_OUTER_BOUND('',#3411,.T.);
#2857=FACE_OUTER_BOUND('',#3412,.T.);
#2858=FACE_OUTER_BOUND('',#3413,.T.);
#2859=FACE_OUTER_BOUND('',#3414,.T.);
#2860=FACE_OUTER_BOUND('',#3415,.T.);
#2861=FACE_OUTER_BOUND('',#3416,.T.);
#2862=FACE_OUTER_BOUND('',#3417,.T.);
#2863=FACE_OUTER_BOUND('',#3418,.T.);
#2864=FACE_OUTER_BOUND('',#3419,.T.);
#2865=FACE_OUTER_BOUND('',#3420,.T.);
#2866=FACE_OUTER_BOUND('',#3421,.T.);
#2867=EDGE_LOOP('',(#4658,#4659,#4660,#4661));
#2868=EDGE_LOOP('',(#4662,#4663,#4664,#4665,#4666,#4667,#4668,#4669));
#2869=EDGE_LOOP('',(#4670));
#2870=EDGE_LOOP('',(#4671,#4672,#4673,#4674));
#2871=EDGE_LOOP('',(#4675));
#2872=EDGE_LOOP('',(#4676,#4677,#4678,#4679));
#2873=EDGE_LOOP('',(#4680,#4681,#4682,#4683));
#2874=EDGE_LOOP('',(#4684,#4685,#4686,#4687,#4688,#4689,#4690,#4691));
#2875=EDGE_LOOP('',(#4692,#4693,#4694,#4695));
#2876=EDGE_LOOP('',(#4696,#4697,#4698,#4699));
#2877=EDGE_LOOP('',(#4700,#4701,#4702,#4703));
#2878=EDGE_LOOP('',(#4704,#4705,#4706,#4707));
#2879=EDGE_LOOP('',(#4708,#4709,#4710,#4711));
#2880=EDGE_LOOP('',(#4712,#4713,#4714,#4715));
#2881=EDGE_LOOP('',(#4716,#4717,#4718,#4719));
#2882=EDGE_LOOP('',(#4720,#4721,#4722,#4723,#4724,#4725));
#2883=EDGE_LOOP('',(#4726,#4727,#4728,#4729,#4730,#4731,#4732,#4733,#4734,
#4735,#4736,#4737,#4738,#4739,#4740,#4741));
#2884=EDGE_LOOP('',(#4742,#4743,#4744,#4745,#4746,#4747,#4748,#4749));
#2885=EDGE_LOOP('',(#4750,#4751,#4752,#4753,#4754,#4755,#4756,#4757,#4758,
#4759));
#2886=EDGE_LOOP('',(#4760,#4761,#4762,#4763,#4764,#4765,#4766,#4767,#4768,
#4769,#4770,#4771,#4772,#4773,#4774,#4775,#4776,#4777,#4778,#4779,#4780,
#4781));
#2887=EDGE_LOOP('',(#4782,#4783,#4784));
#2888=EDGE_LOOP('',(#4785,#4786,#4787,#4788));
#2889=EDGE_LOOP('',(#4789,#4790,#4791,#4792));
#2890=EDGE_LOOP('',(#4793,#4794,#4795,#4796));
#2891=EDGE_LOOP('',(#4797,#4798,#4799,#4800));
#2892=EDGE_LOOP('',(#4801,#4802,#4803,#4804));
#2893=EDGE_LOOP('',(#4805,#4806,#4807,#4808));
#2894=EDGE_LOOP('',(#4809,#4810,#4811,#4812));
#2895=EDGE_LOOP('',(#4813,#4814,#4815,#4816));
#2896=EDGE_LOOP('',(#4817,#4818,#4819,#4820));
#2897=EDGE_LOOP('',(#4821,#4822,#4823));
#2898=EDGE_LOOP('',(#4824,#4825,#4826));
#2899=EDGE_LOOP('',(#4827,#4828,#4829,#4830));
#2900=EDGE_LOOP('',(#4831,#4832,#4833,#4834));
#2901=EDGE_LOOP('',(#4835,#4836,#4837,#4838));
#2902=EDGE_LOOP('',(#4839,#4840,#4841));
#2903=EDGE_LOOP('',(#4842,#4843,#4844,#4845));
#2904=EDGE_LOOP('',(#4846,#4847,#4848,#4849));
#2905=EDGE_LOOP('',(#4850,#4851,#4852,#4853));
#2906=EDGE_LOOP('',(#4854,#4855,#4856,#4857));
#2907=EDGE_LOOP('',(#4858,#4859,#4860,#4861));
#2908=EDGE_LOOP('',(#4862,#4863,#4864,#4865));
#2909=EDGE_LOOP('',(#4866,#4867,#4868,#4869));
#2910=EDGE_LOOP('',(#4870,#4871,#4872,#4873));
#2911=EDGE_LOOP('',(#4874,#4875,#4876,#4877));
#2912=EDGE_LOOP('',(#4878,#4879,#4880,#4881));
#2913=EDGE_LOOP('',(#4882,#4883,#4884,#4885));
#2914=EDGE_LOOP('',(#4886,#4887,#4888));
#2915=EDGE_LOOP('',(#4889,#4890,#4891,#4892));
#2916=EDGE_LOOP('',(#4893,#4894,#4895,#4896));
#2917=EDGE_LOOP('',(#4897,#4898,#4899,#4900,#4901,#4902));
#2918=EDGE_LOOP('',(#4903,#4904,#4905));
#2919=EDGE_LOOP('',(#4906,#4907,#4908));
#2920=EDGE_LOOP('',(#4909,#4910,#4911));
#2921=EDGE_LOOP('',(#4912,#4913,#4914));
#2922=EDGE_LOOP('',(#4915,#4916,#4917));
#2923=EDGE_LOOP('',(#4918,#4919,#4920));
#2924=EDGE_LOOP('',(#4921,#4922,#4923));
#2925=EDGE_LOOP('',(#4924,#4925,#4926));
#2926=EDGE_LOOP('',(#4927,#4928,#4929));
#2927=EDGE_LOOP('',(#4930,#4931,#4932));
#2928=EDGE_LOOP('',(#4933,#4934,#4935));
#2929=EDGE_LOOP('',(#4936,#4937,#4938));
#2930=EDGE_LOOP('',(#4939,#4940,#4941));
#2931=EDGE_LOOP('',(#4942,#4943,#4944));
#2932=EDGE_LOOP('',(#4945,#4946,#4947));
#2933=EDGE_LOOP('',(#4948,#4949,#4950));
#2934=EDGE_LOOP('',(#4951,#4952,#4953));
#2935=EDGE_LOOP('',(#4954,#4955,#4956));
#2936=EDGE_LOOP('',(#4957,#4958,#4959));
#2937=EDGE_LOOP('',(#4960,#4961,#4962));
#2938=EDGE_LOOP('',(#4963,#4964,#4965));
#2939=EDGE_LOOP('',(#4966,#4967,#4968));
#2940=EDGE_LOOP('',(#4969,#4970,#4971));
#2941=EDGE_LOOP('',(#4972,#4973,#4974));
#2942=EDGE_LOOP('',(#4975,#4976,#4977));
#2943=EDGE_LOOP('',(#4978,#4979,#4980));
#2944=EDGE_LOOP('',(#4981,#4982,#4983));
#2945=EDGE_LOOP('',(#4984,#4985,#4986));
#2946=EDGE_LOOP('',(#4987,#4988,#4989));
#2947=EDGE_LOOP('',(#4990,#4991,#4992));
#2948=EDGE_LOOP('',(#4993,#4994,#4995));
#2949=EDGE_LOOP('',(#4996,#4997,#4998));
#2950=EDGE_LOOP('',(#4999,#5000,#5001));
#2951=EDGE_LOOP('',(#5002,#5003,#5004));
#2952=EDGE_LOOP('',(#5005,#5006,#5007));
#2953=EDGE_LOOP('',(#5008,#5009,#5010));
#2954=EDGE_LOOP('',(#5011,#5012,#5013));
#2955=EDGE_LOOP('',(#5014,#5015,#5016));
#2956=EDGE_LOOP('',(#5017,#5018,#5019));
#2957=EDGE_LOOP('',(#5020,#5021,#5022));
#2958=EDGE_LOOP('',(#5023,#5024,#5025));
#2959=EDGE_LOOP('',(#5026,#5027,#5028));
#2960=EDGE_LOOP('',(#5029,#5030,#5031));
#2961=EDGE_LOOP('',(#5032,#5033,#5034));
#2962=EDGE_LOOP('',(#5035,#5036,#5037));
#2963=EDGE_LOOP('',(#5038,#5039,#5040));
#2964=EDGE_LOOP('',(#5041,#5042,#5043));
#2965=EDGE_LOOP('',(#5044,#5045,#5046));
#2966=EDGE_LOOP('',(#5047,#5048,#5049));
#2967=EDGE_LOOP('',(#5050,#5051,#5052));
#2968=EDGE_LOOP('',(#5053,#5054,#5055));
#2969=EDGE_LOOP('',(#5056,#5057,#5058));
#2970=EDGE_LOOP('',(#5059,#5060,#5061));
#2971=EDGE_LOOP('',(#5062,#5063,#5064));
#2972=EDGE_LOOP('',(#5065,#5066,#5067));
#2973=EDGE_LOOP('',(#5068,#5069,#5070));
#2974=EDGE_LOOP('',(#5071,#5072,#5073));
#2975=EDGE_LOOP('',(#5074,#5075,#5076));
#2976=EDGE_LOOP('',(#5077,#5078,#5079));
#2977=EDGE_LOOP('',(#5080,#5081,#5082));
#2978=EDGE_LOOP('',(#5083,#5084,#5085));
#2979=EDGE_LOOP('',(#5086,#5087,#5088));
#2980=EDGE_LOOP('',(#5089,#5090,#5091));
#2981=EDGE_LOOP('',(#5092,#5093,#5094));
#2982=EDGE_LOOP('',(#5095,#5096,#5097));
#2983=EDGE_LOOP('',(#5098,#5099,#5100));
#2984=EDGE_LOOP('',(#5101,#5102,#5103));
#2985=EDGE_LOOP('',(#5104,#5105,#5106));
#2986=EDGE_LOOP('',(#5107,#5108,#5109));
#2987=EDGE_LOOP('',(#5110,#5111,#5112));
#2988=EDGE_LOOP('',(#5113,#5114,#5115));
#2989=EDGE_LOOP('',(#5116,#5117,#5118));
#2990=EDGE_LOOP('',(#5119,#5120,#5121));
#2991=EDGE_LOOP('',(#5122,#5123,#5124));
#2992=EDGE_LOOP('',(#5125,#5126,#5127));
#2993=EDGE_LOOP('',(#5128,#5129,#5130));
#2994=EDGE_LOOP('',(#5131,#5132,#5133));
#2995=EDGE_LOOP('',(#5134,#5135,#5136));
#2996=EDGE_LOOP('',(#5137,#5138,#5139));
#2997=EDGE_LOOP('',(#5140,#5141,#5142));
#2998=EDGE_LOOP('',(#5143,#5144,#5145));
#2999=EDGE_LOOP('',(#5146,#5147,#5148));
#3000=EDGE_LOOP('',(#5149,#5150,#5151));
#3001=EDGE_LOOP('',(#5152,#5153,#5154));
#3002=EDGE_LOOP('',(#5155,#5156,#5157));
#3003=EDGE_LOOP('',(#5158,#5159,#5160));
#3004=EDGE_LOOP('',(#5161,#5162,#5163));
#3005=EDGE_LOOP('',(#5164,#5165,#5166));
#3006=EDGE_LOOP('',(#5167,#5168,#5169));
#3007=EDGE_LOOP('',(#5170,#5171,#5172));
#3008=EDGE_LOOP('',(#5173,#5174,#5175));
#3009=EDGE_LOOP('',(#5176,#5177,#5178));
#3010=EDGE_LOOP('',(#5179,#5180,#5181));
#3011=EDGE_LOOP('',(#5182,#5183,#5184));
#3012=EDGE_LOOP('',(#5185,#5186,#5187));
#3013=EDGE_LOOP('',(#5188,#5189,#5190));
#3014=EDGE_LOOP('',(#5191,#5192,#5193));
#3015=EDGE_LOOP('',(#5194,#5195,#5196));
#3016=EDGE_LOOP('',(#5197,#5198,#5199));
#3017=EDGE_LOOP('',(#5200,#5201,#5202));
#3018=EDGE_LOOP('',(#5203,#5204,#5205));
#3019=EDGE_LOOP('',(#5206,#5207,#5208,#5209));
#3020=EDGE_LOOP('',(#5210,#5211,#5212));
#3021=EDGE_LOOP('',(#5213,#5214,#5215));
#3022=EDGE_LOOP('',(#5216,#5217,#5218));
#3023=EDGE_LOOP('',(#5219,#5220,#5221));
#3024=EDGE_LOOP('',(#5222,#5223,#5224));
#3025=EDGE_LOOP('',(#5225,#5226,#5227));
#3026=EDGE_LOOP('',(#5228,#5229,#5230));
#3027=EDGE_LOOP('',(#5231,#5232,#5233));
#3028=EDGE_LOOP('',(#5234,#5235,#5236));
#3029=EDGE_LOOP('',(#5237,#5238,#5239));
#3030=EDGE_LOOP('',(#5240,#5241,#5242));
#3031=EDGE_LOOP('',(#5243,#5244,#5245));
#3032=EDGE_LOOP('',(#5246,#5247,#5248));
#3033=EDGE_LOOP('',(#5249,#5250,#5251));
#3034=EDGE_LOOP('',(#5252,#5253,#5254));
#3035=EDGE_LOOP('',(#5255,#5256,#5257));
#3036=EDGE_LOOP('',(#5258,#5259,#5260));
#3037=EDGE_LOOP('',(#5261,#5262,#5263));
#3038=EDGE_LOOP('',(#5264,#5265,#5266));
#3039=EDGE_LOOP('',(#5267,#5268,#5269));
#3040=EDGE_LOOP('',(#5270,#5271,#5272));
#3041=EDGE_LOOP('',(#5273,#5274,#5275));
#3042=EDGE_LOOP('',(#5276,#5277,#5278));
#3043=EDGE_LOOP('',(#5279,#5280,#5281));
#3044=EDGE_LOOP('',(#5282,#5283,#5284));
#3045=EDGE_LOOP('',(#5285,#5286,#5287));
#3046=EDGE_LOOP('',(#5288,#5289,#5290));
#3047=EDGE_LOOP('',(#5291,#5292,#5293));
#3048=EDGE_LOOP('',(#5294,#5295,#5296));
#3049=EDGE_LOOP('',(#5297,#5298,#5299));
#3050=EDGE_LOOP('',(#5300,#5301,#5302));
#3051=EDGE_LOOP('',(#5303,#5304,#5305));
#3052=EDGE_LOOP('',(#5306,#5307,#5308));
#3053=EDGE_LOOP('',(#5309,#5310,#5311));
#3054=EDGE_LOOP('',(#5312,#5313,#5314));
#3055=EDGE_LOOP('',(#5315,#5316,#5317));
#3056=EDGE_LOOP('',(#5318,#5319,#5320));
#3057=EDGE_LOOP('',(#5321,#5322,#5323));
#3058=EDGE_LOOP('',(#5324,#5325,#5326));
#3059=EDGE_LOOP('',(#5327,#5328,#5329));
#3060=EDGE_LOOP('',(#5330,#5331,#5332));
#3061=EDGE_LOOP('',(#5333,#5334,#5335));
#3062=EDGE_LOOP('',(#5336,#5337,#5338));
#3063=EDGE_LOOP('',(#5339,#5340,#5341));
#3064=EDGE_LOOP('',(#5342,#5343,#5344));
#3065=EDGE_LOOP('',(#5345,#5346,#5347));
#3066=EDGE_LOOP('',(#5348,#5349,#5350));
#3067=EDGE_LOOP('',(#5351,#5352,#5353));
#3068=EDGE_LOOP('',(#5354,#5355,#5356));
#3069=EDGE_LOOP('',(#5357,#5358,#5359));
#3070=EDGE_LOOP('',(#5360,#5361,#5362));
#3071=EDGE_LOOP('',(#5363,#5364,#5365));
#3072=EDGE_LOOP('',(#5366,#5367,#5368));
#3073=EDGE_LOOP('',(#5369,#5370,#5371));
#3074=EDGE_LOOP('',(#5372,#5373,#5374));
#3075=EDGE_LOOP('',(#5375,#5376,#5377));
#3076=EDGE_LOOP('',(#5378,#5379,#5380));
#3077=EDGE_LOOP('',(#5381,#5382,#5383));
#3078=EDGE_LOOP('',(#5384,#5385,#5386));
#3079=EDGE_LOOP('',(#5387,#5388,#5389));
#3080=EDGE_LOOP('',(#5390,#5391,#5392));
#3081=EDGE_LOOP('',(#5393,#5394,#5395));
#3082=EDGE_LOOP('',(#5396,#5397,#5398));
#3083=EDGE_LOOP('',(#5399,#5400,#5401));
#3084=EDGE_LOOP('',(#5402,#5403,#5404));
#3085=EDGE_LOOP('',(#5405,#5406,#5407));
#3086=EDGE_LOOP('',(#5408,#5409,#5410));
#3087=EDGE_LOOP('',(#5411,#5412,#5413));
#3088=EDGE_LOOP('',(#5414,#5415,#5416));
#3089=EDGE_LOOP('',(#5417,#5418,#5419));
#3090=EDGE_LOOP('',(#5420,#5421,#5422));
#3091=EDGE_LOOP('',(#5423,#5424,#5425));
#3092=EDGE_LOOP('',(#5426,#5427,#5428));
#3093=EDGE_LOOP('',(#5429,#5430,#5431));
#3094=EDGE_LOOP('',(#5432,#5433,#5434));
#3095=EDGE_LOOP('',(#5435,#5436,#5437));
#3096=EDGE_LOOP('',(#5438,#5439,#5440));
#3097=EDGE_LOOP('',(#5441,#5442,#5443));
#3098=EDGE_LOOP('',(#5444,#5445,#5446));
#3099=EDGE_LOOP('',(#5447,#5448,#5449));
#3100=EDGE_LOOP('',(#5450,#5451,#5452));
#3101=EDGE_LOOP('',(#5453,#5454,#5455));
#3102=EDGE_LOOP('',(#5456,#5457,#5458));
#3103=EDGE_LOOP('',(#5459,#5460,#5461));
#3104=EDGE_LOOP('',(#5462,#5463,#5464));
#3105=EDGE_LOOP('',(#5465,#5466,#5467));
#3106=EDGE_LOOP('',(#5468,#5469,#5470));
#3107=EDGE_LOOP('',(#5471,#5472,#5473));
#3108=EDGE_LOOP('',(#5474,#5475,#5476));
#3109=EDGE_LOOP('',(#5477,#5478,#5479));
#3110=EDGE_LOOP('',(#5480,#5481,#5482));
#3111=EDGE_LOOP('',(#5483,#5484,#5485));
#3112=EDGE_LOOP('',(#5486,#5487,#5488));
#3113=EDGE_LOOP('',(#5489,#5490,#5491));
#3114=EDGE_LOOP('',(#5492,#5493,#5494));
#3115=EDGE_LOOP('',(#5495,#5496,#5497));
#3116=EDGE_LOOP('',(#5498,#5499,#5500));
#3117=EDGE_LOOP('',(#5501,#5502,#5503));
#3118=EDGE_LOOP('',(#5504,#5505,#5506));
#3119=EDGE_LOOP('',(#5507,#5508,#5509));
#3120=EDGE_LOOP('',(#5510,#5511,#5512));
#3121=EDGE_LOOP('',(#5513,#5514,#5515));
#3122=EDGE_LOOP('',(#5516,#5517,#5518));
#3123=EDGE_LOOP('',(#5519,#5520,#5521));
#3124=EDGE_LOOP('',(#5522,#5523,#5524));
#3125=EDGE_LOOP('',(#5525,#5526,#5527));
#3126=EDGE_LOOP('',(#5528,#5529,#5530));
#3127=EDGE_LOOP('',(#5531,#5532,#5533));
#3128=EDGE_LOOP('',(#5534,#5535,#5536));
#3129=EDGE_LOOP('',(#5537,#5538,#5539));
#3130=EDGE_LOOP('',(#5540,#5541,#5542));
#3131=EDGE_LOOP('',(#5543,#5544,#5545));
#3132=EDGE_LOOP('',(#5546,#5547,#5548));
#3133=EDGE_LOOP('',(#5549,#5550,#5551));
#3134=EDGE_LOOP('',(#5552,#5553,#5554));
#3135=EDGE_LOOP('',(#5555,#5556,#5557));
#3136=EDGE_LOOP('',(#5558,#5559,#5560));
#3137=EDGE_LOOP('',(#5561,#5562,#5563));
#3138=EDGE_LOOP('',(#5564,#5565,#5566));
#3139=EDGE_LOOP('',(#5567,#5568,#5569));
#3140=EDGE_LOOP('',(#5570,#5571,#5572));
#3141=EDGE_LOOP('',(#5573,#5574,#5575));
#3142=EDGE_LOOP('',(#5576,#5577,#5578));
#3143=EDGE_LOOP('',(#5579,#5580,#5581));
#3144=EDGE_LOOP('',(#5582,#5583,#5584));
#3145=EDGE_LOOP('',(#5585,#5586,#5587));
#3146=EDGE_LOOP('',(#5588,#5589,#5590));
#3147=EDGE_LOOP('',(#5591,#5592,#5593));
#3148=EDGE_LOOP('',(#5594,#5595,#5596));
#3149=EDGE_LOOP('',(#5597,#5598,#5599));
#3150=EDGE_LOOP('',(#5600,#5601,#5602));
#3151=EDGE_LOOP('',(#5603,#5604,#5605));
#3152=EDGE_LOOP('',(#5606,#5607,#5608));
#3153=EDGE_LOOP('',(#5609,#5610,#5611));
#3154=EDGE_LOOP('',(#5612,#5613,#5614));
#3155=EDGE_LOOP('',(#5615,#5616,#5617));
#3156=EDGE_LOOP('',(#5618,#5619,#5620));
#3157=EDGE_LOOP('',(#5621,#5622,#5623));
#3158=EDGE_LOOP('',(#5624,#5625,#5626));
#3159=EDGE_LOOP('',(#5627,#5628,#5629));
#3160=EDGE_LOOP('',(#5630,#5631,#5632));
#3161=EDGE_LOOP('',(#5633,#5634,#5635));
#3162=EDGE_LOOP('',(#5636,#5637,#5638));
#3163=EDGE_LOOP('',(#5639,#5640,#5641));
#3164=EDGE_LOOP('',(#5642,#5643,#5644));
#3165=EDGE_LOOP('',(#5645,#5646,#5647));
#3166=EDGE_LOOP('',(#5648,#5649,#5650));
#3167=EDGE_LOOP('',(#5651,#5652,#5653));
#3168=EDGE_LOOP('',(#5654,#5655,#5656));
#3169=EDGE_LOOP('',(#5657,#5658,#5659));
#3170=EDGE_LOOP('',(#5660,#5661,#5662));
#3171=EDGE_LOOP('',(#5663,#5664,#5665));
#3172=EDGE_LOOP('',(#5666,#5667,#5668));
#3173=EDGE_LOOP('',(#5669,#5670,#5671));
#3174=EDGE_LOOP('',(#5672,#5673,#5674));
#3175=EDGE_LOOP('',(#5675,#5676,#5677));
#3176=EDGE_LOOP('',(#5678,#5679,#5680));
#3177=EDGE_LOOP('',(#5681,#5682,#5683));
#3178=EDGE_LOOP('',(#5684,#5685,#5686));
#3179=EDGE_LOOP('',(#5687,#5688,#5689));
#3180=EDGE_LOOP('',(#5690,#5691,#5692));
#3181=EDGE_LOOP('',(#5693,#5694,#5695));
#3182=EDGE_LOOP('',(#5696,#5697,#5698));
#3183=EDGE_LOOP('',(#5699,#5700,#5701));
#3184=EDGE_LOOP('',(#5702,#5703,#5704));
#3185=EDGE_LOOP('',(#5705,#5706,#5707));
#3186=EDGE_LOOP('',(#5708,#5709,#5710));
#3187=EDGE_LOOP('',(#5711,#5712,#5713));
#3188=EDGE_LOOP('',(#5714,#5715,#5716));
#3189=EDGE_LOOP('',(#5717,#5718,#5719));
#3190=EDGE_LOOP('',(#5720,#5721,#5722));
#3191=EDGE_LOOP('',(#5723,#5724,#5725));
#3192=EDGE_LOOP('',(#5726,#5727,#5728));
#3193=EDGE_LOOP('',(#5729,#5730,#5731));
#3194=EDGE_LOOP('',(#5732,#5733,#5734));
#3195=EDGE_LOOP('',(#5735,#5736,#5737));
#3196=EDGE_LOOP('',(#5738,#5739,#5740));
#3197=EDGE_LOOP('',(#5741,#5742,#5743));
#3198=EDGE_LOOP('',(#5744,#5745,#5746,#5747,#5748));
#3199=EDGE_LOOP('',(#5749,#5750,#5751));
#3200=EDGE_LOOP('',(#5752,#5753,#5754));
#3201=EDGE_LOOP('',(#5755,#5756,#5757));
#3202=EDGE_LOOP('',(#5758,#5759,#5760));
#3203=EDGE_LOOP('',(#5761,#5762,#5763));
#3204=EDGE_LOOP('',(#5764,#5765,#5766));
#3205=EDGE_LOOP('',(#5767,#5768,#5769));
#3206=EDGE_LOOP('',(#5770,#5771,#5772));
#3207=EDGE_LOOP('',(#5773,#5774,#5775));
#3208=EDGE_LOOP('',(#5776,#5777,#5778));
#3209=EDGE_LOOP('',(#5779,#5780,#5781));
#3210=EDGE_LOOP('',(#5782,#5783,#5784,#5785,#5786));
#3211=EDGE_LOOP('',(#5787,#5788,#5789));
#3212=EDGE_LOOP('',(#5790,#5791,#5792));
#3213=EDGE_LOOP('',(#5793,#5794,#5795));
#3214=EDGE_LOOP('',(#5796,#5797,#5798,#5799));
#3215=EDGE_LOOP('',(#5800,#5801,#5802,#5803,#5804));
#3216=EDGE_LOOP('',(#5805,#5806,#5807,#5808,#5809,#5810));
#3217=EDGE_LOOP('',(#5811,#5812,#5813));
#3218=EDGE_LOOP('',(#5814,#5815,#5816));
#3219=EDGE_LOOP('',(#5817,#5818,#5819));
#3220=EDGE_LOOP('',(#5820,#5821,#5822));
#3221=EDGE_LOOP('',(#5823,#5824,#5825));
#3222=EDGE_LOOP('',(#5826,#5827,#5828));
#3223=EDGE_LOOP('',(#5829,#5830,#5831));
#3224=EDGE_LOOP('',(#5832,#5833,#5834));
#3225=EDGE_LOOP('',(#5835,#5836,#5837));
#3226=EDGE_LOOP('',(#5838,#5839,#5840));
#3227=EDGE_LOOP('',(#5841,#5842,#5843));
#3228=EDGE_LOOP('',(#5844,#5845,#5846));
#3229=EDGE_LOOP('',(#5847,#5848,#5849));
#3230=EDGE_LOOP('',(#5850,#5851,#5852));
#3231=EDGE_LOOP('',(#5853,#5854,#5855));
#3232=EDGE_LOOP('',(#5856,#5857,#5858));
#3233=EDGE_LOOP('',(#5859,#5860,#5861));
#3234=EDGE_LOOP('',(#5862,#5863,#5864));
#3235=EDGE_LOOP('',(#5865,#5866,#5867));
#3236=EDGE_LOOP('',(#5868,#5869,#5870));
#3237=EDGE_LOOP('',(#5871,#5872,#5873));
#3238=EDGE_LOOP('',(#5874,#5875,#5876));
#3239=EDGE_LOOP('',(#5877,#5878,#5879));
#3240=EDGE_LOOP('',(#5880,#5881,#5882));
#3241=EDGE_LOOP('',(#5883,#5884,#5885));
#3242=EDGE_LOOP('',(#5886,#5887,#5888));
#3243=EDGE_LOOP('',(#5889,#5890,#5891));
#3244=EDGE_LOOP('',(#5892,#5893,#5894));
#3245=EDGE_LOOP('',(#5895,#5896,#5897));
#3246=EDGE_LOOP('',(#5898,#5899,#5900));
#3247=EDGE_LOOP('',(#5901,#5902,#5903));
#3248=EDGE_LOOP('',(#5904,#5905,#5906));
#3249=EDGE_LOOP('',(#5907,#5908,#5909));
#3250=EDGE_LOOP('',(#5910,#5911,#5912));
#3251=EDGE_LOOP('',(#5913,#5914,#5915));
#3252=EDGE_LOOP('',(#5916,#5917,#5918));
#3253=EDGE_LOOP('',(#5919,#5920,#5921,#5922));
#3254=EDGE_LOOP('',(#5923,#5924,#5925));
#3255=EDGE_LOOP('',(#5926,#5927,#5928));
#3256=EDGE_LOOP('',(#5929,#5930,#5931));
#3257=EDGE_LOOP('',(#5932,#5933,#5934));
#3258=EDGE_LOOP('',(#5935,#5936,#5937));
#3259=EDGE_LOOP('',(#5938,#5939,#5940));
#3260=EDGE_LOOP('',(#5941,#5942,#5943));
#3261=EDGE_LOOP('',(#5944,#5945,#5946));
#3262=EDGE_LOOP('',(#5947,#5948,#5949,#5950));
#3263=EDGE_LOOP('',(#5951,#5952,#5953));
#3264=EDGE_LOOP('',(#5954,#5955,#5956));
#3265=EDGE_LOOP('',(#5957,#5958,#5959));
#3266=EDGE_LOOP('',(#5960,#5961,#5962));
#3267=EDGE_LOOP('',(#5963,#5964,#5965));
#3268=EDGE_LOOP('',(#5966,#5967,#5968));
#3269=EDGE_LOOP('',(#5969,#5970,#5971));
#3270=EDGE_LOOP('',(#5972,#5973,#5974));
#3271=EDGE_LOOP('',(#5975,#5976,#5977));
#3272=EDGE_LOOP('',(#5978,#5979,#5980));
#3273=EDGE_LOOP('',(#5981,#5982,#5983));
#3274=EDGE_LOOP('',(#5984,#5985,#5986));
#3275=EDGE_LOOP('',(#5987,#5988,#5989,#5990));
#3276=EDGE_LOOP('',(#5991,#5992,#5993));
#3277=EDGE_LOOP('',(#5994,#5995,#5996));
#3278=EDGE_LOOP('',(#5997,#5998,#5999));
#3279=EDGE_LOOP('',(#6000,#6001,#6002));
#3280=EDGE_LOOP('',(#6003,#6004,#6005));
#3281=EDGE_LOOP('',(#6006,#6007,#6008));
#3282=EDGE_LOOP('',(#6009,#6010,#6011));
#3283=EDGE_LOOP('',(#6012,#6013,#6014));
#3284=EDGE_LOOP('',(#6015,#6016,#6017));
#3285=EDGE_LOOP('',(#6018,#6019,#6020));
#3286=EDGE_LOOP('',(#6021,#6022,#6023));
#3287=EDGE_LOOP('',(#6024,#6025,#6026));
#3288=EDGE_LOOP('',(#6027,#6028,#6029));
#3289=EDGE_LOOP('',(#6030,#6031,#6032));
#3290=EDGE_LOOP('',(#6033,#6034,#6035));
#3291=EDGE_LOOP('',(#6036,#6037,#6038));
#3292=EDGE_LOOP('',(#6039,#6040,#6041));
#3293=EDGE_LOOP('',(#6042,#6043,#6044));
#3294=EDGE_LOOP('',(#6045,#6046,#6047));
#3295=EDGE_LOOP('',(#6048,#6049,#6050));
#3296=EDGE_LOOP('',(#6051,#6052,#6053));
#3297=EDGE_LOOP('',(#6054,#6055,#6056));
#3298=EDGE_LOOP('',(#6057,#6058,#6059));
#3299=EDGE_LOOP('',(#6060,#6061,#6062));
#3300=EDGE_LOOP('',(#6063,#6064,#6065));
#3301=EDGE_LOOP('',(#6066,#6067,#6068));
#3302=EDGE_LOOP('',(#6069,#6070,#6071));
#3303=EDGE_LOOP('',(#6072,#6073,#6074));
#3304=EDGE_LOOP('',(#6075,#6076,#6077));
#3305=EDGE_LOOP('',(#6078,#6079,#6080));
#3306=EDGE_LOOP('',(#6081,#6082,#6083));
#3307=EDGE_LOOP('',(#6084,#6085,#6086));
#3308=EDGE_LOOP('',(#6087,#6088,#6089));
#3309=EDGE_LOOP('',(#6090,#6091,#6092));
#3310=EDGE_LOOP('',(#6093,#6094,#6095));
#3311=EDGE_LOOP('',(#6096,#6097,#6098));
#3312=EDGE_LOOP('',(#6099,#6100,#6101));
#3313=EDGE_LOOP('',(#6102,#6103,#6104));
#3314=EDGE_LOOP('',(#6105,#6106,#6107));
#3315=EDGE_LOOP('',(#6108,#6109,#6110));
#3316=EDGE_LOOP('',(#6111,#6112,#6113));
#3317=EDGE_LOOP('',(#6114,#6115,#6116));
#3318=EDGE_LOOP('',(#6117,#6118,#6119));
#3319=EDGE_LOOP('',(#6120,#6121,#6122));
#3320=EDGE_LOOP('',(#6123,#6124,#6125));
#3321=EDGE_LOOP('',(#6126,#6127,#6128));
#3322=EDGE_LOOP('',(#6129,#6130,#6131));
#3323=EDGE_LOOP('',(#6132,#6133,#6134));
#3324=EDGE_LOOP('',(#6135,#6136,#6137));
#3325=EDGE_LOOP('',(#6138,#6139,#6140));
#3326=EDGE_LOOP('',(#6141,#6142,#6143));
#3327=EDGE_LOOP('',(#6144,#6145,#6146));
#3328=EDGE_LOOP('',(#6147,#6148,#6149));
#3329=EDGE_LOOP('',(#6150,#6151,#6152));
#3330=EDGE_LOOP('',(#6153,#6154,#6155));
#3331=EDGE_LOOP('',(#6156,#6157,#6158));
#3332=EDGE_LOOP('',(#6159,#6160,#6161));
#3333=EDGE_LOOP('',(#6162,#6163,#6164));
#3334=EDGE_LOOP('',(#6165,#6166,#6167));
#3335=EDGE_LOOP('',(#6168,#6169,#6170));
#3336=EDGE_LOOP('',(#6171,#6172,#6173));
#3337=EDGE_LOOP('',(#6174,#6175,#6176));
#3338=EDGE_LOOP('',(#6177,#6178,#6179));
#3339=EDGE_LOOP('',(#6180,#6181,#6182));
#3340=EDGE_LOOP('',(#6183,#6184,#6185));
#3341=EDGE_LOOP('',(#6186,#6187,#6188));
#3342=EDGE_LOOP('',(#6189,#6190,#6191));
#3343=EDGE_LOOP('',(#6192,#6193,#6194));
#3344=EDGE_LOOP('',(#6195,#6196,#6197));
#3345=EDGE_LOOP('',(#6198,#6199,#6200));
#3346=EDGE_LOOP('',(#6201,#6202,#6203));
#3347=EDGE_LOOP('',(#6204,#6205,#6206));
#3348=EDGE_LOOP('',(#6207,#6208,#6209));
#3349=EDGE_LOOP('',(#6210,#6211,#6212));
#3350=EDGE_LOOP('',(#6213,#6214,#6215));
#3351=EDGE_LOOP('',(#6216,#6217,#6218));
#3352=EDGE_LOOP('',(#6219,#6220,#6221));
#3353=EDGE_LOOP('',(#6222,#6223,#6224));
#3354=EDGE_LOOP('',(#6225,#6226,#6227));
#3355=EDGE_LOOP('',(#6228,#6229,#6230));
#3356=EDGE_LOOP('',(#6231,#6232,#6233));
#3357=EDGE_LOOP('',(#6234,#6235,#6236));
#3358=EDGE_LOOP('',(#6237,#6238,#6239));
#3359=EDGE_LOOP('',(#6240,#6241,#6242));
#3360=EDGE_LOOP('',(#6243,#6244,#6245));
#3361=EDGE_LOOP('',(#6246,#6247,#6248));
#3362=EDGE_LOOP('',(#6249,#6250,#6251));
#3363=EDGE_LOOP('',(#6252,#6253,#6254));
#3364=EDGE_LOOP('',(#6255,#6256,#6257));
#3365=EDGE_LOOP('',(#6258,#6259,#6260));
#3366=EDGE_LOOP('',(#6261,#6262,#6263));
#3367=EDGE_LOOP('',(#6264,#6265,#6266));
#3368=EDGE_LOOP('',(#6267,#6268,#6269));
#3369=EDGE_LOOP('',(#6270,#6271,#6272));
#3370=EDGE_LOOP('',(#6273,#6274,#6275));
#3371=EDGE_LOOP('',(#6276,#6277,#6278));
#3372=EDGE_LOOP('',(#6279,#6280,#6281));
#3373=EDGE_LOOP('',(#6282,#6283,#6284));
#3374=EDGE_LOOP('',(#6285,#6286,#6287));
#3375=EDGE_LOOP('',(#6288,#6289,#6290));
#3376=EDGE_LOOP('',(#6291,#6292,#6293));
#3377=EDGE_LOOP('',(#6294,#6295,#6296));
#3378=EDGE_LOOP('',(#6297,#6298,#6299));
#3379=EDGE_LOOP('',(#6300,#6301,#6302));
#3380=EDGE_LOOP('',(#6303,#6304,#6305));
#3381=EDGE_LOOP('',(#6306,#6307,#6308));
#3382=EDGE_LOOP('',(#6309,#6310,#6311));
#3383=EDGE_LOOP('',(#6312,#6313,#6314));
#3384=EDGE_LOOP('',(#6315,#6316,#6317));
#3385=EDGE_LOOP('',(#6318,#6319,#6320));
#3386=EDGE_LOOP('',(#6321,#6322,#6323));
#3387=EDGE_LOOP('',(#6324,#6325,#6326));
#3388=EDGE_LOOP('',(#6327,#6328,#6329));
#3389=EDGE_LOOP('',(#6330,#6331,#6332));
#3390=EDGE_LOOP('',(#6333,#6334,#6335));
#3391=EDGE_LOOP('',(#6336,#6337,#6338));
#3392=EDGE_LOOP('',(#6339,#6340,#6341));
#3393=EDGE_LOOP('',(#6342,#6343,#6344));
#3394=EDGE_LOOP('',(#6345,#6346,#6347));
#3395=EDGE_LOOP('',(#6348,#6349,#6350));
#3396=EDGE_LOOP('',(#6351,#6352,#6353));
#3397=EDGE_LOOP('',(#6354,#6355,#6356));
#3398=EDGE_LOOP('',(#6357,#6358,#6359));
#3399=EDGE_LOOP('',(#6360,#6361,#6362));
#3400=EDGE_LOOP('',(#6363,#6364,#6365));
#3401=EDGE_LOOP('',(#6366,#6367,#6368));
#3402=EDGE_LOOP('',(#6369,#6370,#6371));
#3403=EDGE_LOOP('',(#6372,#6373,#6374));
#3404=EDGE_LOOP('',(#6375,#6376,#6377));
#3405=EDGE_LOOP('',(#6378,#6379,#6380));
#3406=EDGE_LOOP('',(#6381,#6382,#6383));
#3407=EDGE_LOOP('',(#6384,#6385,#6386));
#3408=EDGE_LOOP('',(#6387,#6388,#6389));
#3409=EDGE_LOOP('',(#6390,#6391,#6392));
#3410=EDGE_LOOP('',(#6393,#6394,#6395));
#3411=EDGE_LOOP('',(#6396,#6397,#6398));
#3412=EDGE_LOOP('',(#6399,#6400,#6401));
#3413=EDGE_LOOP('',(#6402,#6403,#6404));
#3414=EDGE_LOOP('',(#6405,#6406,#6407));
#3415=EDGE_LOOP('',(#6408,#6409,#6410));
#3416=EDGE_LOOP('',(#6411,#6412,#6413));
#3417=EDGE_LOOP('',(#6414,#6415,#6416));
#3418=EDGE_LOOP('',(#6417,#6418,#6419));
#3419=EDGE_LOOP('',(#6420,#6421,#6422));
#3420=EDGE_LOOP('',(#6423,#6424,#6425,#6426));
#3421=EDGE_LOOP('',(#6427,#6428,#6429));
#3422=CIRCLE('',#6988,5.25);
#3423=CIRCLE('',#6989,0.25);
#3424=CIRCLE('',#6990,5.);
#3425=CIRCLE('',#6992,5.);
#3426=CIRCLE('',#6993,5.);
#3427=CIRCLE('',#6994,5.);
#3428=CIRCLE('',#6995,5.);
#3429=CIRCLE('',#6997,4.75);
#3430=CIRCLE('',#6998,0.25);
#3431=CIRCLE('',#7001,5.);
#3432=CIRCLE('',#7004,5.);
#3433=CIRCLE('',#7005,5.);
#3434=CIRCLE('',#7006,5.);
#3435=VERTEX_POINT('',#9562);
#3436=VERTEX_POINT('',#9564);
#3437=VERTEX_POINT('',#9568);
#3438=VERTEX_POINT('',#9569);
#3439=VERTEX_POINT('',#9571);
#3440=VERTEX_POINT('',#9573);
#3441=VERTEX_POINT('',#9575);
#3442=VERTEX_POINT('',#9577);
#3443=VERTEX_POINT('',#9579);
#3444=VERTEX_POINT('',#9581);
#3445=VERTEX_POINT('',#9585);
#3446=VERTEX_POINT('',#9590);
#3447=VERTEX_POINT('',#9592);
#3448=VERTEX_POINT('',#9596);
#3449=VERTEX_POINT('',#9600);
#3450=VERTEX_POINT('',#9602);
#3451=VERTEX_POINT('',#9604);
#3452=VERTEX_POINT('',#9606);
#3453=VERTEX_POINT('',#9608);
#3454=VERTEX_POINT('',#9611);
#3455=VERTEX_POINT('',#9612);
#3456=VERTEX_POINT('',#9614);
#3457=VERTEX_POINT('',#9616);
#3458=VERTEX_POINT('',#9631);
#3459=VERTEX_POINT('',#9633);
#3460=VERTEX_POINT('',#9635);
#3461=VERTEX_POINT('',#9637);
#3462=VERTEX_POINT('',#9641);
#3463=VERTEX_POINT('',#9643);
#3464=VERTEX_POINT('',#9645);
#3465=VERTEX_POINT('',#9647);
#3466=VERTEX_POINT('',#9649);
#3467=VERTEX_POINT('',#9651);
#3468=VERTEX_POINT('',#9653);
#3469=VERTEX_POINT('',#9655);
#3470=VERTEX_POINT('',#9657);
#3471=VERTEX_POINT('',#9659);
#3472=VERTEX_POINT('',#9661);
#3473=VERTEX_POINT('',#9663);
#3474=VERTEX_POINT('',#9665);
#3475=VERTEX_POINT('',#9669);
#3476=VERTEX_POINT('',#9671);
#3477=VERTEX_POINT('',#9673);
#3478=VERTEX_POINT('',#9675);
#3479=VERTEX_POINT('',#9677);
#3480=VERTEX_POINT('',#9679);
#3481=VERTEX_POINT('',#9683);
#3482=VERTEX_POINT('',#9685);
#3483=VERTEX_POINT('',#9687);
#3484=VERTEX_POINT('',#9689);
#3485=VERTEX_POINT('',#9691);
#3486=VERTEX_POINT('',#9693);
#3487=VERTEX_POINT('',#9695);
#3488=VERTEX_POINT('',#9699);
#3489=VERTEX_POINT('',#9701);
#3490=VERTEX_POINT('',#9703);
#3491=VERTEX_POINT('',#9705);
#3492=VERTEX_POINT('',#9707);
#3493=VERTEX_POINT('',#9709);
#3494=VERTEX_POINT('',#9711);
#3495=VERTEX_POINT('',#9713);
#3496=VERTEX_POINT('',#9715);
#3497=VERTEX_POINT('',#9717);
#3498=VERTEX_POINT('',#9719);
#3499=VERTEX_POINT('',#9721);
#3500=VERTEX_POINT('',#9723);
#3501=VERTEX_POINT('',#9725);
#3502=VERTEX_POINT('',#9727);
#3503=VERTEX_POINT('',#9729);
#3504=VERTEX_POINT('',#9731);
#3505=VERTEX_POINT('',#9733);
#3506=VERTEX_POINT('',#9737);
#3507=VERTEX_POINT('',#9741);
#3508=VERTEX_POINT('',#9745);
#3509=VERTEX_POINT('',#9749);
#3510=VERTEX_POINT('',#9753);
#3511=VERTEX_POINT('',#9757);
#3512=VERTEX_POINT('',#9761);
#3513=VERTEX_POINT('',#9765);
#3514=VERTEX_POINT('',#9769);
#3515=VERTEX_POINT('',#9773);
#3516=VERTEX_POINT('',#9781);
#3517=VERTEX_POINT('',#9785);
#3518=VERTEX_POINT('',#9789);
#3519=VERTEX_POINT('',#9795);
#3520=VERTEX_POINT('',#9801);
#3521=VERTEX_POINT('',#9805);
#3522=VERTEX_POINT('',#9809);
#3523=VERTEX_POINT('',#9813);
#3524=VERTEX_POINT('',#9817);
#3525=VERTEX_POINT('',#9821);
#3526=VERTEX_POINT('',#9825);
#3527=VERTEX_POINT('',#9829);
#3528=VERTEX_POINT('',#9833);
#3529=VERTEX_POINT('',#9839);
#3530=VERTEX_POINT('',#9843);
#3531=VERTEX_POINT('',#9847);
#3532=VERTEX_POINT('',#9849);
#3533=VERTEX_POINT('',#9853);
#3534=VERTEX_POINT('',#9857);
#3535=VERTEX_POINT('',#9859);
#3536=VERTEX_POINT('',#9863);
#3537=VERTEX_POINT('',#9864);
#3538=VERTEX_POINT('',#9869);
#3539=VERTEX_POINT('',#9874);
#3540=VERTEX_POINT('',#9878);
#3541=VERTEX_POINT('',#9880);
#3542=VERTEX_POINT('',#9884);
#3543=VERTEX_POINT('',#9888);
#3544=VERTEX_POINT('',#9890);
#3545=VERTEX_POINT('',#9894);
#3546=VERTEX_POINT('',#9896);
#3547=VERTEX_POINT('',#9900);
#3548=VERTEX_POINT('',#9902);
#3549=VERTEX_POINT('',#9906);
#3550=VERTEX_POINT('',#9908);
#3551=VERTEX_POINT('',#9912);
#3552=VERTEX_POINT('',#9916);
#3553=VERTEX_POINT('',#9918);
#3554=VERTEX_POINT('',#9922);
#3555=VERTEX_POINT('',#9924);
#3556=VERTEX_POINT('',#9931);
#3557=VERTEX_POINT('',#9935);
#3558=VERTEX_POINT('',#9937);
#3559=VERTEX_POINT('',#9941);
#3560=VERTEX_POINT('',#9943);
#3561=VERTEX_POINT('',#9947);
#3562=VERTEX_POINT('',#9949);
#3563=VERTEX_POINT('',#9953);
#3564=VERTEX_POINT('',#9955);
#3565=VERTEX_POINT('',#9960);
#3566=VERTEX_POINT('',#9964);
#3567=VERTEX_POINT('',#9966);
#3568=VERTEX_POINT('',#9970);
#3569=VERTEX_POINT('',#9972);
#3570=VERTEX_POINT('',#9979);
#3571=VERTEX_POINT('',#9981);
#3572=VERTEX_POINT('',#9985);
#3573=VERTEX_POINT('',#9987);
#3574=VERTEX_POINT('',#9991);
#3575=VERTEX_POINT('',#9995);
#3576=VERTEX_POINT('',#9996);
#3577=VERTEX_POINT('',#10001);
#3578=VERTEX_POINT('',#10003);
#3579=VERTEX_POINT('',#10007);
#3580=VERTEX_POINT('',#10009);
#3581=VERTEX_POINT('',#10015);
#3582=VERTEX_POINT('',#10017);
#3583=VERTEX_POINT('',#10021);
#3584=VERTEX_POINT('',#10023);
#3585=VERTEX_POINT('',#10027);
#3586=VERTEX_POINT('',#10029);
#3587=VERTEX_POINT('',#10033);
#3588=VERTEX_POINT('',#10035);
#3589=VERTEX_POINT('',#10039);
#3590=VERTEX_POINT('',#10041);
#3591=VERTEX_POINT('',#10045);
#3592=VERTEX_POINT('',#10047);
#3593=VERTEX_POINT('',#10051);
#3594=VERTEX_POINT('',#10052);
#3595=VERTEX_POINT('',#10057);
#3596=VERTEX_POINT('',#10059);
#3597=VERTEX_POINT('',#10063);
#3598=VERTEX_POINT('',#10064);
#3599=VERTEX_POINT('',#10069);
#3600=VERTEX_POINT('',#10070);
#3601=VERTEX_POINT('',#10075);
#3602=VERTEX_POINT('',#10077);
#3603=VERTEX_POINT('',#10081);
#3604=VERTEX_POINT('',#10083);
#3605=VERTEX_POINT('',#10087);
#3606=VERTEX_POINT('',#10089);
#3607=VERTEX_POINT('',#10093);
#3608=VERTEX_POINT('',#10095);
#3609=VERTEX_POINT('',#10099);
#3610=VERTEX_POINT('',#10101);
#3611=VERTEX_POINT('',#10105);
#3612=VERTEX_POINT('',#10110);
#3613=VERTEX_POINT('',#10112);
#3614=VERTEX_POINT('',#10116);
#3615=VERTEX_POINT('',#10120);
#3616=VERTEX_POINT('',#10121);
#3617=VERTEX_POINT('',#10126);
#3618=VERTEX_POINT('',#10128);
#3619=VERTEX_POINT('',#10132);
#3620=VERTEX_POINT('',#10136);
#3621=VERTEX_POINT('',#10138);
#3622=VERTEX_POINT('',#10142);
#3623=VERTEX_POINT('',#10144);
#3624=VERTEX_POINT('',#10148);
#3625=VERTEX_POINT('',#10152);
#3626=VERTEX_POINT('',#10153);
#3627=VERTEX_POINT('',#10158);
#3628=VERTEX_POINT('',#10160);
#3629=VERTEX_POINT('',#10164);
#3630=VERTEX_POINT('',#10166);
#3631=VERTEX_POINT('',#10170);
#3632=VERTEX_POINT('',#10172);
#3633=VERTEX_POINT('',#10176);
#3634=VERTEX_POINT('',#10177);
#3635=VERTEX_POINT('',#10182);
#3636=VERTEX_POINT('',#10184);
#3637=VERTEX_POINT('',#10196);
#3638=VERTEX_POINT('',#10197);
#3639=VERTEX_POINT('',#10202);
#3640=VERTEX_POINT('',#10206);
#3641=VERTEX_POINT('',#10210);
#3642=VERTEX_POINT('',#10214);
#3643=VERTEX_POINT('',#10215);
#3644=VERTEX_POINT('',#10220);
#3645=VERTEX_POINT('',#10222);
#3646=VERTEX_POINT('',#10226);
#3647=VERTEX_POINT('',#10230);
#3648=VERTEX_POINT('',#10240);
#3649=VERTEX_POINT('',#10244);
#3650=VERTEX_POINT('',#10248);
#3651=VERTEX_POINT('',#10252);
#3652=VERTEX_POINT('',#10256);
#3653=VERTEX_POINT('',#10257);
#3654=VERTEX_POINT('',#10262);
#3655=VERTEX_POINT('',#10264);
#3656=VERTEX_POINT('',#10268);
#3657=VERTEX_POINT('',#10270);
#3658=VERTEX_POINT('',#10277);
#3659=VERTEX_POINT('',#10279);
#3660=VERTEX_POINT('',#10283);
#3661=VERTEX_POINT('',#10285);
#3662=VERTEX_POINT('',#10289);
#3663=VERTEX_POINT('',#10293);
#3664=VERTEX_POINT('',#10297);
#3665=VERTEX_POINT('',#10299);
#3666=VERTEX_POINT('',#10303);
#3667=VERTEX_POINT('',#10304);
#3668=VERTEX_POINT('',#10309);
#3669=VERTEX_POINT('',#10313);
#3670=VERTEX_POINT('',#10315);
#3671=VERTEX_POINT('',#10319);
#3672=VERTEX_POINT('',#10321);
#3673=VERTEX_POINT('',#10341);
#3674=VERTEX_POINT('',#10345);
#3675=VERTEX_POINT('',#10347);
#3676=VERTEX_POINT('',#10351);
#3677=VERTEX_POINT('',#10355);
#3678=VERTEX_POINT('',#10373);
#3679=VERTEX_POINT('',#10375);
#3680=VERTEX_POINT('',#10379);
#3681=VERTEX_POINT('',#10383);
#3682=VERTEX_POINT('',#10389);
#3683=VERTEX_POINT('',#10393);
#3684=VERTEX_POINT('',#10399);
#3685=VERTEX_POINT('',#10403);
#3686=VERTEX_POINT('',#10407);
#3687=VERTEX_POINT('',#10411);
#3688=VERTEX_POINT('',#10415);
#3689=VERTEX_POINT('',#10419);
#3690=VERTEX_POINT('',#10421);
#3691=VERTEX_POINT('',#10425);
#3692=VERTEX_POINT('',#10427);
#3693=VERTEX_POINT('',#10434);
#3694=VERTEX_POINT('',#10448);
#3695=VERTEX_POINT('',#10452);
#3696=VERTEX_POINT('',#10456);
#3697=VERTEX_POINT('',#10460);
#3698=VERTEX_POINT('',#10464);
#3699=VERTEX_POINT('',#10468);
#3700=VERTEX_POINT('',#10472);
#3701=VERTEX_POINT('',#10473);
#3702=VERTEX_POINT('',#10475);
#3703=VERTEX_POINT('',#10483);
#3704=VERTEX_POINT('',#10485);
#3705=VERTEX_POINT('',#10489);
#3706=VERTEX_POINT('',#10493);
#3707=VERTEX_POINT('',#10497);
#3708=VERTEX_POINT('',#10501);
#3709=VERTEX_POINT('',#10505);
#3710=VERTEX_POINT('',#10509);
#3711=VERTEX_POINT('',#10513);
#3712=VERTEX_POINT('',#10515);
#3713=VERTEX_POINT('',#10519);
#3714=VERTEX_POINT('',#10523);
#3715=VERTEX_POINT('',#10525);
#3716=VERTEX_POINT('',#10529);
#3717=VERTEX_POINT('',#10533);
#3718=VERTEX_POINT('',#10537);
#3719=VERTEX_POINT('',#10541);
#3720=VERTEX_POINT('',#10545);
#3721=VERTEX_POINT('',#10549);
#3722=VERTEX_POINT('',#10556);
#3723=VERTEX_POINT('',#10560);
#3724=VERTEX_POINT('',#10561);
#3725=VERTEX_POINT('',#10566);
#3726=VERTEX_POINT('',#10567);
#3727=VERTEX_POINT('',#10572);
#3728=VERTEX_POINT('',#10574);
#3729=VERTEX_POINT('',#10578);
#3730=VERTEX_POINT('',#10582);
#3731=VERTEX_POINT('',#10584);
#3732=VERTEX_POINT('',#10588);
#3733=VERTEX_POINT('',#10589);
#3734=VERTEX_POINT('',#10600);
#3735=VERTEX_POINT('',#10604);
#3736=VERTEX_POINT('',#10608);
#3737=VERTEX_POINT('',#10609);
#3738=VERTEX_POINT('',#10614);
#3739=VERTEX_POINT('',#10618);
#3740=VERTEX_POINT('',#10619);
#3741=VERTEX_POINT('',#10624);
#3742=VERTEX_POINT('',#10628);
#3743=VERTEX_POINT('',#10629);
#3744=VERTEX_POINT('',#10634);
#3745=VERTEX_POINT('',#10638);
#3746=VERTEX_POINT('',#10639);
#3747=VERTEX_POINT('',#10644);
#3748=VERTEX_POINT('',#10648);
#3749=VERTEX_POINT('',#10652);
#3750=VERTEX_POINT('',#10654);
#3751=VERTEX_POINT('',#10658);
#3752=VERTEX_POINT('',#10659);
#3753=VERTEX_POINT('',#10670);
#3754=VERTEX_POINT('',#10680);
#3755=VERTEX_POINT('',#10684);
#3756=VERTEX_POINT('',#10685);
#3757=VERTEX_POINT('',#10690);
#3758=VERTEX_POINT('',#10692);
#3759=VERTEX_POINT('',#10696);
#3760=VERTEX_POINT('',#10698);
#3761=VERTEX_POINT('',#10702);
#3762=VERTEX_POINT('',#10704);
#3763=VERTEX_POINT('',#10708);
#3764=VERTEX_POINT('',#10710);
#3765=VERTEX_POINT('',#10714);
#3766=VERTEX_POINT('',#10738);
#3767=VERTEX_POINT('',#10752);
#3768=VERTEX_POINT('',#10756);
#3769=VERTEX_POINT('',#10792);
#3770=VERTEX_POINT('',#10965);
#3771=VERTEX_POINT('',#11205);
#3772=EDGE_CURVE('',#3435,#3435,#3422,.T.);
#3773=EDGE_CURVE('',#3435,#3436,#3423,.T.);
#3774=EDGE_CURVE('',#3436,#3436,#3424,.T.);
#3775=EDGE_CURVE('',#3437,#3438,#3425,.T.);
#3776=EDGE_CURVE('',#3437,#3439,#21,.T.);
#3777=EDGE_CURVE('',#3440,#3439,#3426,.T.);
#3778=EDGE_CURVE('',#3440,#3441,#22,.T.);
#3779=EDGE_CURVE('',#3442,#3441,#3427,.T.);
#3780=EDGE_CURVE('',#3442,#3443,#23,.T.);
#3781=EDGE_CURVE('',#3444,#3443,#3428,.T.);
#3782=EDGE_CURVE('',#3444,#3438,#24,.T.);
#3783=EDGE_CURVE('',#3445,#3445,#3429,.T.);
#3784=EDGE_CURVE('',#3445,#3436,#3430,.T.);
#3785=EDGE_CURVE('',#3438,#3446,#25,.T.);
#3786=EDGE_CURVE('',#3446,#3447,#3431,.T.);
#3787=EDGE_CURVE('',#3447,#3437,#26,.T.);
#3788=EDGE_CURVE('',#3448,#3447,#27,.T.);
#3789=EDGE_CURVE('',#3439,#3448,#28,.T.);
#3790=EDGE_CURVE('',#3446,#3449,#29,.T.);
#3791=EDGE_CURVE('',#3450,#3449,#3432,.T.);
#3792=EDGE_CURVE('',#3450,#3451,#30,.T.);
#3793=EDGE_CURVE('',#3452,#3451,#3433,.T.);
#3794=EDGE_CURVE('',#3452,#3453,#31,.T.);
#3795=EDGE_CURVE('',#3448,#3453,#3434,.T.);
#3796=EDGE_CURVE('',#3454,#3455,#32,.T.);
#3797=EDGE_CURVE('',#3456,#3454,#33,.T.);
#3798=EDGE_CURVE('',#3457,#3456,#34,.T.);
#3799=EDGE_CURVE('',#3455,#3457,#35,.T.);
#3800=EDGE_CURVE('',#3453,#3440,#36,.T.);
#3801=EDGE_CURVE('',#3441,#3452,#37,.T.);
#3802=EDGE_CURVE('',#3451,#3442,#38,.T.);
#3803=EDGE_CURVE('',#3443,#3450,#39,.T.);
#3804=EDGE_CURVE('',#3449,#3444,#40,.T.);
#3805=EDGE_CURVE('',#3458,#3455,#41,.T.);
#3806=EDGE_CURVE('',#3459,#3458,#42,.T.);
#3807=EDGE_CURVE('',#3459,#3460,#43,.T.);
#3808=EDGE_CURVE('',#3461,#3460,#44,.T.);
#3809=EDGE_CURVE('',#3461,#3454,#45,.T.);
#3810=EDGE_CURVE('',#3462,#3457,#46,.T.);
#3811=EDGE_CURVE('',#3463,#3462,#47,.T.);
#3812=EDGE_CURVE('',#3464,#3463,#48,.T.);
#3813=EDGE_CURVE('',#3465,#3464,#49,.T.);
#3814=EDGE_CURVE('',#3466,#3465,#50,.T.);
#3815=EDGE_CURVE('',#3467,#3466,#51,.T.);
#3816=EDGE_CURVE('',#3468,#3467,#52,.T.);
#3817=EDGE_CURVE('',#3469,#3468,#53,.T.);
#3818=EDGE_CURVE('',#3470,#3469,#54,.T.);
#3819=EDGE_CURVE('',#3471,#3470,#55,.T.);
#3820=EDGE_CURVE('',#3472,#3471,#56,.T.);
#3821=EDGE_CURVE('',#3473,#3472,#57,.T.);
#3822=EDGE_CURVE('',#3474,#3473,#58,.T.);
#3823=EDGE_CURVE('',#3458,#3474,#59,.T.);
#3824=EDGE_CURVE('',#3475,#3460,#60,.T.);
#3825=EDGE_CURVE('',#3476,#3459,#61,.T.);
#3826=EDGE_CURVE('',#3477,#3476,#62,.T.);
#3827=EDGE_CURVE('',#3478,#3477,#63,.T.);
#3828=EDGE_CURVE('',#3479,#3478,#64,.T.);
#3829=EDGE_CURVE('',#3480,#3479,#65,.T.);
#3830=EDGE_CURVE('',#3475,#3480,#66,.T.);
#3831=EDGE_CURVE('',#3481,#3456,#67,.T.);
#3832=EDGE_CURVE('',#3482,#3481,#68,.T.);
#3833=EDGE_CURVE('',#3483,#3482,#69,.T.);
#3834=EDGE_CURVE('',#3484,#3483,#70,.T.);
#3835=EDGE_CURVE('',#3485,#3484,#71,.T.);
#3836=EDGE_CURVE('',#3486,#3485,#72,.T.);
#3837=EDGE_CURVE('',#3487,#3486,#73,.T.);
#3838=EDGE_CURVE('',#3462,#3487,#74,.T.);
#3839=EDGE_CURVE('',#3488,#3461,#75,.T.);
#3840=EDGE_CURVE('',#3489,#3488,#76,.T.);
#3841=EDGE_CURVE('',#3490,#3489,#77,.T.);
#3842=EDGE_CURVE('',#3491,#3490,#78,.T.);
#3843=EDGE_CURVE('',#3492,#3491,#79,.T.);
#3844=EDGE_CURVE('',#3493,#3492,#80,.T.);
#3845=EDGE_CURVE('',#3494,#3493,#81,.T.);
#3846=EDGE_CURVE('',#3495,#3494,#82,.T.);
#3847=EDGE_CURVE('',#3496,#3495,#83,.T.);
#3848=EDGE_CURVE('',#3497,#3496,#84,.T.);
#3849=EDGE_CURVE('',#3498,#3497,#85,.T.);
#3850=EDGE_CURVE('',#3499,#3498,#86,.T.);
#3851=EDGE_CURVE('',#3500,#3499,#87,.T.);
#3852=EDGE_CURVE('',#3501,#3500,#88,.T.);
#3853=EDGE_CURVE('',#3502,#3501,#89,.T.);
#3854=EDGE_CURVE('',#3503,#3502,#90,.T.);
#3855=EDGE_CURVE('',#3504,#3503,#91,.T.);
#3856=EDGE_CURVE('',#3505,#3504,#92,.T.);
#3857=EDGE_CURVE('',#3481,#3505,#93,.T.);
#3858=EDGE_CURVE('',#3504,#3506,#94,.T.);
#3859=EDGE_CURVE('',#3506,#3505,#95,.T.);
#3860=EDGE_CURVE('',#3503,#3507,#96,.T.);
#3861=EDGE_CURVE('',#3507,#3506,#97,.T.);
#3862=EDGE_CURVE('',#3502,#3508,#98,.T.);
#3863=EDGE_CURVE('',#3508,#3507,#99,.T.);
#3864=EDGE_CURVE('',#3501,#3509,#100,.T.);
#3865=EDGE_CURVE('',#3509,#3508,#101,.T.);
#3866=EDGE_CURVE('',#3500,#3510,#102,.T.);
#3867=EDGE_CURVE('',#3510,#3509,#103,.T.);
#3868=EDGE_CURVE('',#3499,#3511,#104,.T.);
#3869=EDGE_CURVE('',#3511,#3510,#105,.T.);
#3870=EDGE_CURVE('',#3498,#3512,#106,.T.);
#3871=EDGE_CURVE('',#3512,#3511,#107,.T.);
#3872=EDGE_CURVE('',#3497,#3513,#108,.T.);
#3873=EDGE_CURVE('',#3513,#3512,#109,.T.);
#3874=EDGE_CURVE('',#3496,#3514,#110,.T.);
#3875=EDGE_CURVE('',#3514,#3513,#111,.T.);
#3876=EDGE_CURVE('',#3495,#3515,#112,.T.);
#3877=EDGE_CURVE('',#3515,#3514,#113,.T.);
#3878=EDGE_CURVE('',#3494,#3515,#114,.T.);
#3879=EDGE_CURVE('',#3493,#3515,#115,.T.);
#3880=EDGE_CURVE('',#3492,#3516,#116,.T.);
#3881=EDGE_CURVE('',#3516,#3515,#117,.T.);
#3882=EDGE_CURVE('',#3491,#3517,#118,.T.);
#3883=EDGE_CURVE('',#3517,#3516,#119,.T.);
#3884=EDGE_CURVE('',#3490,#3518,#120,.T.);
#3885=EDGE_CURVE('',#3518,#3517,#121,.T.);
#3886=EDGE_CURVE('',#3489,#3518,#122,.T.);
#3887=EDGE_CURVE('',#3488,#3519,#123,.T.);
#3888=EDGE_CURVE('',#3519,#3518,#124,.T.);
#3889=EDGE_CURVE('',#3460,#3519,#125,.T.);
#3890=EDGE_CURVE('',#3474,#3520,#126,.T.);
#3891=EDGE_CURVE('',#3459,#3520,#127,.T.);
#3892=EDGE_CURVE('',#3473,#3521,#128,.T.);
#3893=EDGE_CURVE('',#3520,#3521,#129,.T.);
#3894=EDGE_CURVE('',#3472,#3522,#130,.T.);
#3895=EDGE_CURVE('',#3521,#3522,#131,.T.);
#3896=EDGE_CURVE('',#3471,#3523,#132,.T.);
#3897=EDGE_CURVE('',#3522,#3523,#133,.T.);
#3898=EDGE_CURVE('',#3470,#3524,#134,.T.);
#3899=EDGE_CURVE('',#3523,#3524,#135,.T.);
#3900=EDGE_CURVE('',#3469,#3525,#136,.T.);
#3901=EDGE_CURVE('',#3524,#3525,#137,.T.);
#3902=EDGE_CURVE('',#3468,#3526,#138,.T.);
#3903=EDGE_CURVE('',#3525,#3526,#139,.T.);
#3904=EDGE_CURVE('',#3467,#3527,#140,.T.);
#3905=EDGE_CURVE('',#3526,#3527,#141,.T.);
#3906=EDGE_CURVE('',#3466,#3528,#142,.T.);
#3907=EDGE_CURVE('',#3527,#3528,#143,.T.);
#3908=EDGE_CURVE('',#3528,#3465,#144,.T.);
#3909=EDGE_CURVE('',#3529,#3464,#145,.T.);
#3910=EDGE_CURVE('',#3528,#3529,#146,.T.);
#3911=EDGE_CURVE('',#3530,#3463,#147,.T.);
#3912=EDGE_CURVE('',#3529,#3530,#148,.T.);
#3913=EDGE_CURVE('',#3531,#3487,#149,.T.);
#3914=EDGE_CURVE('',#3532,#3531,#150,.T.);
#3915=EDGE_CURVE('',#3530,#3532,#151,.T.);
#3916=EDGE_CURVE('',#3533,#3484,#152,.T.);
#3917=EDGE_CURVE('',#3533,#3485,#153,.T.);
#3918=EDGE_CURVE('',#3534,#3533,#154,.T.);
#3919=EDGE_CURVE('',#3535,#3533,#155,.T.);
#3920=EDGE_CURVE('',#3534,#3535,#156,.T.);
#3921=EDGE_CURVE('',#3536,#3537,#157,.T.);
#3922=EDGE_CURVE('',#3536,#3534,#158,.T.);
#3923=EDGE_CURVE('',#3534,#3537,#159,.T.);
#3924=EDGE_CURVE('',#3532,#3538,#160,.T.);
#3925=EDGE_CURVE('',#3532,#3536,#161,.T.);
#3926=EDGE_CURVE('',#3538,#3536,#162,.T.);
#3927=EDGE_CURVE('',#3539,#3538,#163,.T.);
#3928=EDGE_CURVE('',#3539,#3532,#164,.T.);
#3929=EDGE_CURVE('',#3530,#3540,#165,.T.);
#3930=EDGE_CURVE('',#3530,#3541,#166,.T.);
#3931=EDGE_CURVE('',#3540,#3541,#167,.T.);
#3932=EDGE_CURVE('',#3541,#3542,#168,.T.);
#3933=EDGE_CURVE('',#3540,#3542,#169,.T.);
#3934=EDGE_CURVE('',#3543,#3537,#170,.T.);
#3935=EDGE_CURVE('',#3544,#3543,#171,.T.);
#3936=EDGE_CURVE('',#3544,#3537,#172,.T.);
#3937=EDGE_CURVE('',#3544,#3545,#173,.T.);
#3938=EDGE_CURVE('',#3544,#3546,#174,.T.);
#3939=EDGE_CURVE('',#3546,#3545,#175,.T.);
#3940=EDGE_CURVE('',#3545,#3547,#176,.T.);
#3941=EDGE_CURVE('',#3548,#3545,#177,.T.);
#3942=EDGE_CURVE('',#3548,#3547,#178,.T.);
#3943=EDGE_CURVE('',#3530,#3549,#179,.T.);
#3944=EDGE_CURVE('',#3530,#3550,#180,.T.);
#3945=EDGE_CURVE('',#3549,#3550,#181,.T.);
#3946=EDGE_CURVE('',#3546,#3551,#182,.T.);
#3947=EDGE_CURVE('',#3551,#3545,#183,.T.);
#3948=EDGE_CURVE('',#3530,#3552,#184,.T.);
#3949=EDGE_CURVE('',#3553,#3552,#185,.T.);
#3950=EDGE_CURVE('',#3553,#3530,#186,.T.);
#3951=EDGE_CURVE('',#3546,#3554,#187,.T.);
#3952=EDGE_CURVE('',#3554,#3555,#188,.T.);
#3953=EDGE_CURVE('',#3546,#3555,#189,.T.);
#3954=EDGE_CURVE('',#3529,#3555,#190,.T.);
#3955=EDGE_CURVE('',#3554,#3529,#191,.T.);
#3956=EDGE_CURVE('',#3546,#3556,#192,.T.);
#3957=EDGE_CURVE('',#3556,#3554,#193,.T.);
#3958=EDGE_CURVE('',#3527,#3557,#194,.T.);
#3959=EDGE_CURVE('',#3527,#3558,#195,.T.);
#3960=EDGE_CURVE('',#3557,#3558,#196,.T.);
#3961=EDGE_CURVE('',#3559,#3546,#197,.T.);
#3962=EDGE_CURVE('',#3560,#3546,#198,.T.);
#3963=EDGE_CURVE('',#3560,#3559,#199,.T.);
#3964=EDGE_CURVE('',#3561,#3527,#200,.T.);
#3965=EDGE_CURVE('',#3527,#3562,#201,.T.);
#3966=EDGE_CURVE('',#3561,#3562,#202,.T.);
#3967=EDGE_CURVE('',#3563,#3546,#203,.T.);
#3968=EDGE_CURVE('',#3563,#3564,#204,.T.);
#3969=EDGE_CURVE('',#3564,#3546,#205,.T.);
#3970=EDGE_CURVE('',#3526,#3564,#206,.T.);
#3971=EDGE_CURVE('',#3565,#3564,#207,.T.);
#3972=EDGE_CURVE('',#3565,#3526,#208,.T.);
#3973=EDGE_CURVE('',#3525,#3566,#209,.T.);
#3974=EDGE_CURVE('',#3567,#3566,#210,.T.);
#3975=EDGE_CURVE('',#3567,#3525,#211,.T.);
#3976=EDGE_CURVE('',#3563,#3568,#212,.T.);
#3977=EDGE_CURVE('',#3568,#3569,#213,.T.);
#3978=EDGE_CURVE('',#3563,#3569,#214,.T.);
#3979=EDGE_CURVE('',#3523,#3568,#215,.T.);
#3980=EDGE_CURVE('',#3523,#3569,#216,.T.);
#3981=EDGE_CURVE('',#3523,#3570,#217,.T.);
#3982=EDGE_CURVE('',#3571,#3570,#218,.T.);
#3983=EDGE_CURVE('',#3571,#3523,#219,.T.);
#3984=EDGE_CURVE('',#3522,#3572,#220,.T.);
#3985=EDGE_CURVE('',#3573,#3572,#221,.T.);
#3986=EDGE_CURVE('',#3573,#3522,#222,.T.);
#3987=EDGE_CURVE('',#3574,#3573,#223,.T.);
#3988=EDGE_CURVE('',#3574,#3572,#224,.T.);
#3989=EDGE_CURVE('',#3575,#3576,#225,.T.);
#3990=EDGE_CURVE('',#3574,#3575,#226,.T.);
#3991=EDGE_CURVE('',#3574,#3576,#227,.T.);
#3992=EDGE_CURVE('',#3577,#3576,#228,.T.);
#3993=EDGE_CURVE('',#3577,#3578,#229,.T.);
#3994=EDGE_CURVE('',#3578,#3576,#230,.T.);
#3995=EDGE_CURVE('',#3523,#3579,#231,.T.);
#3996=EDGE_CURVE('',#3523,#3580,#232,.T.);
#3997=EDGE_CURVE('',#3579,#3580,#233,.T.);
#3998=EDGE_CURVE('',#3563,#3544,#234,.T.);
#3999=EDGE_CURVE('',#3581,#3575,#235,.T.);
#4000=EDGE_CURVE('',#3581,#3582,#236,.T.);
#4001=EDGE_CURVE('',#3582,#3575,#237,.T.);
#4002=EDGE_CURVE('',#3583,#3544,#238,.T.);
#4003=EDGE_CURVE('',#3584,#3583,#239,.T.);
#4004=EDGE_CURVE('',#3584,#3544,#240,.T.);
#4005=EDGE_CURVE('',#3585,#3581,#241,.T.);
#4006=EDGE_CURVE('',#3586,#3585,#242,.T.);
#4007=EDGE_CURVE('',#3586,#3581,#243,.T.);
#4008=EDGE_CURVE('',#3587,#3584,#244,.T.);
#4009=EDGE_CURVE('',#3584,#3588,#245,.T.);
#4010=EDGE_CURVE('',#3587,#3588,#246,.T.);
#4011=EDGE_CURVE('',#3589,#3587,#247,.T.);
#4012=EDGE_CURVE('',#3590,#3589,#248,.T.);
#4013=EDGE_CURVE('',#3590,#3587,#249,.T.);
#4014=EDGE_CURVE('',#3591,#3585,#250,.T.);
#4015=EDGE_CURVE('',#3591,#3592,#251,.T.);
#4016=EDGE_CURVE('',#3592,#3585,#252,.T.);
#4017=EDGE_CURVE('',#3593,#3594,#253,.T.);
#4018=EDGE_CURVE('',#3593,#3590,#254,.T.);
#4019=EDGE_CURVE('',#3594,#3590,#255,.T.);
#4020=EDGE_CURVE('',#3595,#3593,#256,.T.);
#4021=EDGE_CURVE('',#3596,#3593,#257,.T.);
#4022=EDGE_CURVE('',#3595,#3596,#258,.T.);
#4023=EDGE_CURVE('',#3597,#3598,#259,.T.);
#4024=EDGE_CURVE('',#3597,#3595,#260,.T.);
#4025=EDGE_CURVE('',#3595,#3598,#261,.T.);
#4026=EDGE_CURVE('',#3599,#3600,#262,.T.);
#4027=EDGE_CURVE('',#3599,#3597,#263,.T.);
#4028=EDGE_CURVE('',#3597,#3600,#264,.T.);
#4029=EDGE_CURVE('',#3601,#3591,#265,.T.);
#4030=EDGE_CURVE('',#3601,#3602,#266,.T.);
#4031=EDGE_CURVE('',#3602,#3591,#267,.T.);
#4032=EDGE_CURVE('',#3603,#3599,#268,.T.);
#4033=EDGE_CURVE('',#3604,#3599,#269,.T.);
#4034=EDGE_CURVE('',#3603,#3604,#270,.T.);
#4035=EDGE_CURVE('',#3605,#3601,#271,.T.);
#4036=EDGE_CURVE('',#3606,#3605,#272,.T.);
#4037=EDGE_CURVE('',#3606,#3601,#273,.T.);
#4038=EDGE_CURVE('',#3605,#3607,#274,.T.);
#4039=EDGE_CURVE('',#3608,#3607,#275,.T.);
#4040=EDGE_CURVE('',#3605,#3608,#276,.T.);
#4041=EDGE_CURVE('',#3603,#3609,#277,.T.);
#4042=EDGE_CURVE('',#3603,#3610,#278,.T.);
#4043=EDGE_CURVE('',#3609,#3610,#279,.T.);
#4044=EDGE_CURVE('',#3611,#3475,#280,.T.);
#4045=EDGE_CURVE('',#3611,#3609,#281,.T.);
#4046=EDGE_CURVE('',#3475,#3609,#282,.T.);
#4047=EDGE_CURVE('',#3611,#3612,#283,.T.);
#4048=EDGE_CURVE('',#3611,#3613,#284,.T.);
#4049=EDGE_CURVE('',#3612,#3613,#285,.T.);
#4050=EDGE_CURVE('',#3605,#3614,#286,.T.);
#4051=EDGE_CURVE('',#3606,#3614,#287,.T.);
#4052=EDGE_CURVE('',#3615,#3616,#288,.T.);
#4053=EDGE_CURVE('',#3614,#3615,#289,.T.);
#4054=EDGE_CURVE('',#3614,#3616,#290,.T.);
#4055=EDGE_CURVE('',#3611,#3617,#291,.T.);
#4056=EDGE_CURVE('',#3618,#3617,#292,.T.);
#4057=EDGE_CURVE('',#3611,#3618,#293,.T.);
#4058=EDGE_CURVE('',#3611,#3619,#294,.T.);
#4059=EDGE_CURVE('',#3617,#3619,#295,.T.);
#4060=EDGE_CURVE('',#3620,#3619,#296,.T.);
#4061=EDGE_CURVE('',#3620,#3621,#297,.T.);
#4062=EDGE_CURVE('',#3619,#3621,#298,.T.);
#4063=EDGE_CURVE('',#3615,#3622,#299,.T.);
#4064=EDGE_CURVE('',#3622,#3623,#300,.T.);
#4065=EDGE_CURVE('',#3615,#3623,#301,.T.);
#4066=EDGE_CURVE('',#3620,#3624,#302,.T.);
#4067=EDGE_CURVE('',#3621,#3624,#303,.T.);
#4068=EDGE_CURVE('',#3625,#3626,#304,.T.);
#4069=EDGE_CURVE('',#3624,#3625,#305,.T.);
#4070=EDGE_CURVE('',#3624,#3626,#306,.T.);
#4071=EDGE_CURVE('',#3625,#3627,#307,.T.);
#4072=EDGE_CURVE('',#3625,#3628,#308,.T.);
#4073=EDGE_CURVE('',#3628,#3627,#309,.T.);
#4074=EDGE_CURVE('',#3629,#3627,#310,.T.);
#4075=EDGE_CURVE('',#3630,#3629,#311,.T.);
#4076=EDGE_CURVE('',#3630,#3627,#312,.T.);
#4077=EDGE_CURVE('',#3631,#3623,#313,.T.);
#4078=EDGE_CURVE('',#3632,#3631,#314,.T.);
#4079=EDGE_CURVE('',#3632,#3623,#315,.T.);
#4080=EDGE_CURVE('',#3633,#3634,#316,.T.);
#4081=EDGE_CURVE('',#3629,#3633,#317,.T.);
#4082=EDGE_CURVE('',#3629,#3634,#318,.T.);
#4083=EDGE_CURVE('',#3635,#3633,#319,.T.);
#4084=EDGE_CURVE('',#3636,#3635,#320,.T.);
#4085=EDGE_CURVE('',#3636,#3633,#321,.T.);
#4086=EDGE_CURVE('',#3606,#3615,#322,.T.);
#4087=EDGE_CURVE('',#3615,#3632,#323,.T.);
#4088=EDGE_CURVE('',#3606,#3632,#324,.T.);
#4089=EDGE_CURVE('',#3606,#3631,#325,.T.);
#4090=EDGE_CURVE('',#3637,#3638,#326,.T.);
#4091=EDGE_CURVE('',#3635,#3637,#327,.T.);
#4092=EDGE_CURVE('',#3635,#3638,#328,.T.);
#4093=EDGE_CURVE('',#3602,#3639,#329,.T.);
#4094=EDGE_CURVE('',#3639,#3591,#330,.T.);
#4095=EDGE_CURVE('',#3592,#3640,#331,.T.);
#4096=EDGE_CURVE('',#3640,#3585,#332,.T.);
#4097=EDGE_CURVE('',#3635,#3641,#333,.T.);
#4098=EDGE_CURVE('',#3641,#3638,#334,.T.);
#4099=EDGE_CURVE('',#3642,#3643,#335,.T.);
#4100=EDGE_CURVE('',#3586,#3643,#336,.T.);
#4101=EDGE_CURVE('',#3642,#3586,#337,.T.);
#4102=EDGE_CURVE('',#3643,#3644,#338,.T.);
#4103=EDGE_CURVE('',#3643,#3645,#339,.T.);
#4104=EDGE_CURVE('',#3645,#3644,#340,.T.);
#4105=EDGE_CURVE('',#3645,#3646,#341,.T.);
#4106=EDGE_CURVE('',#3644,#3646,#342,.T.);
#4107=EDGE_CURVE('',#3647,#3634,#343,.T.);
#4108=EDGE_CURVE('',#3633,#3647,#344,.T.);
#4109=EDGE_CURVE('',#3586,#3644,#345,.T.);
#4110=EDGE_CURVE('',#3644,#3581,#346,.T.);
#4111=EDGE_CURVE('',#3646,#3581,#347,.T.);
#4112=EDGE_CURVE('',#3646,#3648,#348,.T.);
#4113=EDGE_CURVE('',#3648,#3581,#349,.T.);
#4114=EDGE_CURVE('',#3582,#3649,#350,.T.);
#4115=EDGE_CURVE('',#3649,#3575,#351,.T.);
#4116=EDGE_CURVE('',#3629,#3650,#352,.T.);
#4117=EDGE_CURVE('',#3650,#3634,#353,.T.);
#4118=EDGE_CURVE('',#3629,#3651,#354,.T.);
#4119=EDGE_CURVE('',#3651,#3650,#355,.T.);
#4120=EDGE_CURVE('',#3652,#3653,#356,.T.);
#4121=EDGE_CURVE('',#3651,#3653,#357,.T.);
#4122=EDGE_CURVE('',#3652,#3651,#358,.T.);
#4123=EDGE_CURVE('',#3654,#3653,#359,.T.);
#4124=EDGE_CURVE('',#3655,#3653,#360,.T.);
#4125=EDGE_CURVE('',#3655,#3654,#361,.T.);
#4126=EDGE_CURVE('',#3574,#3656,#362,.T.);
#4127=EDGE_CURVE('',#3657,#3574,#363,.T.);
#4128=EDGE_CURVE('',#3657,#3656,#364,.T.);
#4129=EDGE_CURVE('',#3520,#3655,#365,.T.);
#4130=EDGE_CURVE('',#3520,#3654,#366,.T.);
#4131=EDGE_CURVE('',#3520,#3658,#367,.T.);
#4132=EDGE_CURVE('',#3659,#3658,#368,.T.);
#4133=EDGE_CURVE('',#3659,#3520,#369,.T.);
#4134=EDGE_CURVE('',#3476,#3660,#370,.T.);
#4135=EDGE_CURVE('',#3476,#3661,#371,.T.);
#4136=EDGE_CURVE('',#3660,#3661,#372,.T.);
#4137=EDGE_CURVE('',#3660,#3662,#373,.T.);
#4138=EDGE_CURVE('',#3662,#3661,#374,.T.);
#4139=EDGE_CURVE('',#3520,#3663,#375,.T.);
#4140=EDGE_CURVE('',#3658,#3663,#376,.T.);
#4141=EDGE_CURVE('',#3664,#3662,#377,.T.);
#4142=EDGE_CURVE('',#3664,#3665,#378,.T.);
#4143=EDGE_CURVE('',#3665,#3662,#379,.T.);
#4144=EDGE_CURVE('',#3666,#3667,#380,.T.);
#4145=EDGE_CURVE('',#3666,#3664,#381,.T.);
#4146=EDGE_CURVE('',#3667,#3664,#382,.T.);
#4147=EDGE_CURVE('',#3625,#3668,#383,.T.);
#4148=EDGE_CURVE('',#3668,#3628,#384,.T.);
#4149=EDGE_CURVE('',#3666,#3669,#385,.T.);
#4150=EDGE_CURVE('',#3670,#3669,#386,.T.);
#4151=EDGE_CURVE('',#3666,#3670,#387,.T.);
#4152=EDGE_CURVE('',#3620,#3671,#388,.T.);
#4153=EDGE_CURVE('',#3671,#3672,#389,.T.);
#4154=EDGE_CURVE('',#3620,#3672,#390,.T.);
#4155=EDGE_CURVE('',#3672,#3477,#391,.T.);
#4156=EDGE_CURVE('',#3672,#3478,#392,.T.);
#4157=EDGE_CURVE('',#3671,#3478,#393,.T.);
#4158=EDGE_CURVE('',#3479,#3671,#394,.T.);
#4159=EDGE_CURVE('',#3479,#3620,#395,.T.);
#4160=EDGE_CURVE('',#3480,#3620,#396,.T.);
#4161=EDGE_CURVE('',#3611,#3620,#397,.T.);
#4162=EDGE_CURVE('',#3611,#3480,#398,.T.);
#4163=EDGE_CURVE('',#3475,#3673,#399,.T.);
#4164=EDGE_CURVE('',#3673,#3519,#400,.T.);
#4165=EDGE_CURVE('',#3519,#3674,#401,.T.);
#4166=EDGE_CURVE('',#3674,#3675,#402,.T.);
#4167=EDGE_CURVE('',#3519,#3675,#403,.T.);
#4168=EDGE_CURVE('',#3676,#3517,#404,.T.);
#4169=EDGE_CURVE('',#3518,#3676,#405,.T.);
#4170=EDGE_CURVE('',#3603,#3677,#406,.T.);
#4171=EDGE_CURVE('',#3610,#3677,#407,.T.);
#4172=EDGE_CURVE('',#3475,#3610,#408,.T.);
#4173=EDGE_CURVE('',#3475,#3677,#409,.T.);
#4174=EDGE_CURVE('',#3677,#3673,#410,.T.);
#4175=EDGE_CURVE('',#3603,#3673,#411,.T.);
#4176=EDGE_CURVE('',#3673,#3674,#412,.T.);
#4177=EDGE_CURVE('',#3603,#3674,#413,.T.);
#4178=EDGE_CURVE('',#3603,#3675,#414,.T.);
#4179=EDGE_CURVE('',#3603,#3678,#415,.T.);
#4180=EDGE_CURVE('',#3603,#3679,#416,.T.);
#4181=EDGE_CURVE('',#3678,#3679,#417,.T.);
#4182=EDGE_CURVE('',#3603,#3680,#418,.T.);
#4183=EDGE_CURVE('',#3679,#3680,#419,.T.);
#4184=EDGE_CURVE('',#3599,#3681,#420,.T.);
#4185=EDGE_CURVE('',#3604,#3681,#421,.T.);
#4186=EDGE_CURVE('',#3681,#3600,#422,.T.);
#4187=EDGE_CURVE('',#3600,#3682,#423,.T.);
#4188=EDGE_CURVE('',#3597,#3682,#424,.T.);
#4189=EDGE_CURVE('',#3597,#3683,#425,.T.);
#4190=EDGE_CURVE('',#3682,#3683,#426,.T.);
#4191=EDGE_CURVE('',#3683,#3598,#427,.T.);
#4192=EDGE_CURVE('',#3598,#3684,#428,.T.);
#4193=EDGE_CURVE('',#3595,#3684,#429,.T.);
#4194=EDGE_CURVE('',#3595,#3685,#430,.T.);
#4195=EDGE_CURVE('',#3684,#3685,#431,.T.);
#4196=EDGE_CURVE('',#3595,#3686,#432,.T.);
#4197=EDGE_CURVE('',#3685,#3686,#433,.T.);
#4198=EDGE_CURVE('',#3595,#3687,#434,.T.);
#4199=EDGE_CURVE('',#3686,#3687,#435,.T.);
#4200=EDGE_CURVE('',#3595,#3688,#436,.T.);
#4201=EDGE_CURVE('',#3687,#3688,#437,.T.);
#4202=EDGE_CURVE('',#3514,#3689,#438,.T.);
#4203=EDGE_CURVE('',#3690,#3514,#439,.T.);
#4204=EDGE_CURVE('',#3690,#3689,#440,.T.);
#4205=EDGE_CURVE('',#3595,#3691,#441,.T.);
#4206=EDGE_CURVE('',#3692,#3691,#442,.T.);
#4207=EDGE_CURVE('',#3595,#3692,#443,.T.);
#4208=EDGE_CURVE('',#3513,#3692,#444,.T.);
#4209=EDGE_CURVE('',#3513,#3691,#445,.T.);
#4210=EDGE_CURVE('',#3513,#3693,#446,.T.);
#4211=EDGE_CURVE('',#3693,#3512,#447,.T.);
#4212=EDGE_CURVE('',#3691,#3693,#448,.T.);
#4213=EDGE_CURVE('',#3595,#3693,#449,.T.);
#4214=EDGE_CURVE('',#3693,#3596,#450,.T.);
#4215=EDGE_CURVE('',#3512,#3596,#451,.T.);
#4216=EDGE_CURVE('',#3596,#3511,#452,.T.);
#4217=EDGE_CURVE('',#3511,#3694,#453,.T.);
#4218=EDGE_CURVE('',#3694,#3510,#454,.T.);
#4219=EDGE_CURVE('',#3510,#3695,#455,.T.);
#4220=EDGE_CURVE('',#3695,#3509,#456,.T.);
#4221=EDGE_CURVE('',#3696,#3508,#457,.T.);
#4222=EDGE_CURVE('',#3509,#3696,#458,.T.);
#4223=EDGE_CURVE('',#3508,#3697,#459,.T.);
#4224=EDGE_CURVE('',#3697,#3507,#460,.T.);
#4225=EDGE_CURVE('',#3507,#3698,#461,.T.);
#4226=EDGE_CURVE('',#3698,#3506,#462,.T.);
#4227=EDGE_CURVE('',#3699,#3533,#463,.T.);
#4228=EDGE_CURVE('',#3699,#3535,#464,.T.);
#4229=EDGE_CURVE('',#3700,#3701,#465,.T.);
#4230=EDGE_CURVE('',#3702,#3701,#466,.T.);
#4231=EDGE_CURVE('',#3702,#3700,#467,.T.);
#4232=EDGE_CURVE('',#3535,#3537,#468,.T.);
#4233=EDGE_CURVE('',#3699,#3537,#469,.T.);
#4234=EDGE_CURVE('',#3703,#3537,#470,.T.);
#4235=EDGE_CURVE('',#3703,#3704,#471,.T.);
#4236=EDGE_CURVE('',#3704,#3537,#472,.T.);
#4237=EDGE_CURVE('',#3705,#3702,#473,.T.);
#4238=EDGE_CURVE('',#3705,#3700,#474,.T.);
#4239=EDGE_CURVE('',#3706,#3702,#475,.T.);
#4240=EDGE_CURVE('',#3706,#3705,#476,.T.);
#4241=EDGE_CURVE('',#3707,#3702,#477,.T.);
#4242=EDGE_CURVE('',#3707,#3706,#478,.T.);
#4243=EDGE_CURVE('',#3707,#3708,#479,.T.);
#4244=EDGE_CURVE('',#3708,#3706,#480,.T.);
#4245=EDGE_CURVE('',#3707,#3709,#481,.T.);
#4246=EDGE_CURVE('',#3709,#3708,#482,.T.);
#4247=EDGE_CURVE('',#3707,#3710,#483,.T.);
#4248=EDGE_CURVE('',#3710,#3709,#484,.T.);
#4249=EDGE_CURVE('',#3711,#3703,#485,.T.);
#4250=EDGE_CURVE('',#3712,#3703,#486,.T.);
#4251=EDGE_CURVE('',#3711,#3712,#487,.T.);
#4252=EDGE_CURVE('',#3713,#3703,#488,.T.);
#4253=EDGE_CURVE('',#3711,#3713,#489,.T.);
#4254=EDGE_CURVE('',#3707,#3714,#490,.T.);
#4255=EDGE_CURVE('',#3714,#3715,#491,.T.);
#4256=EDGE_CURVE('',#3707,#3715,#492,.T.);
#4257=EDGE_CURVE('',#3707,#3716,#493,.T.);
#4258=EDGE_CURVE('',#3716,#3714,#494,.T.);
#4259=EDGE_CURVE('',#3707,#3717,#495,.T.);
#4260=EDGE_CURVE('',#3717,#3716,#496,.T.);
#4261=EDGE_CURVE('',#3707,#3718,#497,.T.);
#4262=EDGE_CURVE('',#3718,#3717,#498,.T.);
#4263=EDGE_CURVE('',#3719,#3707,#499,.T.);
#4264=EDGE_CURVE('',#3719,#3718,#500,.T.);
#4265=EDGE_CURVE('',#3720,#3707,#501,.T.);
#4266=EDGE_CURVE('',#3720,#3719,#502,.T.);
#4267=EDGE_CURVE('',#3721,#3720,#503,.T.);
#4268=EDGE_CURVE('',#3721,#3719,#504,.T.);
#4269=EDGE_CURVE('',#3506,#3720,#505,.T.);
#4270=EDGE_CURVE('',#3506,#3721,#506,.T.);
#4271=EDGE_CURVE('',#3722,#3506,#507,.T.);
#4272=EDGE_CURVE('',#3722,#3721,#508,.T.);
#4273=EDGE_CURVE('',#3723,#3724,#509,.T.);
#4274=EDGE_CURVE('',#3722,#3724,#510,.T.);
#4275=EDGE_CURVE('',#3723,#3722,#511,.T.);
#4276=EDGE_CURVE('',#3725,#3726,#512,.T.);
#4277=EDGE_CURVE('',#3724,#3726,#513,.T.);
#4278=EDGE_CURVE('',#3725,#3724,#514,.T.);
#4279=EDGE_CURVE('',#3726,#3727,#515,.T.);
#4280=EDGE_CURVE('',#3728,#3727,#516,.T.);
#4281=EDGE_CURVE('',#3726,#3728,#517,.T.);
#4282=EDGE_CURVE('',#3703,#3729,#518,.T.);
#4283=EDGE_CURVE('',#3729,#3704,#519,.T.);
#4284=EDGE_CURVE('',#3704,#3730,#520,.T.);
#4285=EDGE_CURVE('',#3704,#3731,#521,.T.);
#4286=EDGE_CURVE('',#3731,#3730,#522,.T.);
#4287=EDGE_CURVE('',#3732,#3733,#523,.T.);
#4288=EDGE_CURVE('',#3727,#3733,#524,.T.);
#4289=EDGE_CURVE('',#3732,#3727,#525,.T.);
#4290=EDGE_CURVE('',#3730,#3537,#526,.T.);
#4291=EDGE_CURVE('',#3730,#3543,#527,.T.);
#4292=EDGE_CURVE('',#3731,#3543,#528,.T.);
#4293=EDGE_CURVE('',#3731,#3734,#529,.T.);
#4294=EDGE_CURVE('',#3734,#3543,#530,.T.);
#4295=EDGE_CURVE('',#3732,#3735,#531,.T.);
#4296=EDGE_CURVE('',#3733,#3735,#532,.T.);
#4297=EDGE_CURVE('',#3736,#3737,#533,.T.);
#4298=EDGE_CURVE('',#3737,#3735,#534,.T.);
#4299=EDGE_CURVE('',#3736,#3735,#535,.T.);
#4300=EDGE_CURVE('',#3738,#3544,#536,.T.);
#4301=EDGE_CURVE('',#3583,#3738,#537,.T.);
#4302=EDGE_CURVE('',#3739,#3740,#538,.T.);
#4303=EDGE_CURVE('',#3740,#3583,#539,.T.);
#4304=EDGE_CURVE('',#3739,#3583,#540,.T.);
#4305=EDGE_CURVE('',#3741,#3735,#541,.T.);
#4306=EDGE_CURVE('',#3736,#3741,#542,.T.);
#4307=EDGE_CURVE('',#3742,#3743,#543,.T.);
#4308=EDGE_CURVE('',#3742,#3741,#544,.T.);
#4309=EDGE_CURVE('',#3741,#3743,#545,.T.);
#4310=EDGE_CURVE('',#3744,#3741,#546,.T.);
#4311=EDGE_CURVE('',#3744,#3743,#547,.T.);
#4312=EDGE_CURVE('',#3745,#3746,#548,.T.);
#4313=EDGE_CURVE('',#3746,#3744,#549,.T.);
#4314=EDGE_CURVE('',#3745,#3744,#550,.T.);
#4315=EDGE_CURVE('',#3747,#3746,#551,.T.);
#4316=EDGE_CURVE('',#3747,#3745,#552,.T.);
#4317=EDGE_CURVE('',#3748,#3587,#553,.T.);
#4318=EDGE_CURVE('',#3589,#3748,#554,.T.);
#4319=EDGE_CURVE('',#3749,#3747,#555,.T.);
#4320=EDGE_CURVE('',#3747,#3750,#556,.T.);
#4321=EDGE_CURVE('',#3749,#3750,#557,.T.);
#4322=EDGE_CURVE('',#3751,#3752,#558,.T.);
#4323=EDGE_CURVE('',#3752,#3589,#559,.T.);
#4324=EDGE_CURVE('',#3751,#3589,#560,.T.);
#4325=EDGE_CURVE('',#3750,#3745,#561,.T.);
#4326=EDGE_CURVE('',#3750,#3744,#562,.T.);
#4327=EDGE_CURVE('',#3750,#3741,#563,.T.);
#4328=EDGE_CURVE('',#3741,#3753,#564,.T.);
#4329=EDGE_CURVE('',#3750,#3753,#565,.T.);
#4330=EDGE_CURVE('',#3753,#3735,#566,.T.);
#4331=EDGE_CURVE('',#3753,#3732,#567,.T.);
#4332=EDGE_CURVE('',#3750,#3732,#568,.T.);
#4333=EDGE_CURVE('',#3754,#3732,#569,.T.);
#4334=EDGE_CURVE('',#3750,#3754,#570,.T.);
#4335=EDGE_CURVE('',#3755,#3756,#571,.T.);
#4336=EDGE_CURVE('',#3755,#3754,#572,.T.);
#4337=EDGE_CURVE('',#3756,#3754,#573,.T.);
#4338=EDGE_CURVE('',#3757,#3723,#574,.T.);
#4339=EDGE_CURVE('',#3758,#3723,#575,.T.);
#4340=EDGE_CURVE('',#3757,#3758,#576,.T.);
#4341=EDGE_CURVE('',#3757,#3759,#577,.T.);
#4342=EDGE_CURVE('',#3760,#3759,#578,.T.);
#4343=EDGE_CURVE('',#3760,#3757,#579,.T.);
#4344=EDGE_CURVE('',#3594,#3761,#580,.T.);
#4345=EDGE_CURVE('',#3594,#3762,#581,.T.);
#4346=EDGE_CURVE('',#3761,#3762,#582,.T.);
#4347=EDGE_CURVE('',#3511,#3763,#583,.T.);
#4348=EDGE_CURVE('',#3763,#3764,#584,.T.);
#4349=EDGE_CURVE('',#3511,#3764,#585,.T.);
#4350=EDGE_CURVE('',#3511,#3765,#586,.T.);
#4351=EDGE_CURVE('',#3765,#3763,#587,.T.);
#4352=EDGE_CURVE('',#3596,#3765,#588,.T.);
#4353=EDGE_CURVE('',#3593,#3765,#589,.T.);
#4354=EDGE_CURVE('',#3593,#3763,#590,.T.);
#4355=EDGE_CURVE('',#3593,#3764,#591,.T.);
#4356=EDGE_CURVE('',#3594,#3764,#592,.T.);
#4357=EDGE_CURVE('',#3764,#3761,#593,.T.);
#4358=EDGE_CURVE('',#3511,#3761,#594,.T.);
#4359=EDGE_CURVE('',#3511,#3762,#595,.T.);
#4360=EDGE_CURVE('',#3762,#3694,#596,.T.);
#4361=EDGE_CURVE('',#3594,#3694,#597,.T.);
#4362=EDGE_CURVE('',#3594,#3766,#598,.T.);
#4363=EDGE_CURVE('',#3694,#3766,#599,.T.);
#4364=EDGE_CURVE('',#3510,#3766,#600,.T.);
#4365=EDGE_CURVE('',#3766,#3695,#601,.T.);
#4366=EDGE_CURVE('',#3594,#3695,#602,.T.);
#4367=EDGE_CURVE('',#3695,#3696,#603,.T.);
#4368=EDGE_CURVE('',#3594,#3696,#604,.T.);
#4369=EDGE_CURVE('',#3757,#3767,#605,.T.);
#4370=EDGE_CURVE('',#3759,#3767,#606,.T.);
#4371=EDGE_CURVE('',#3723,#3768,#607,.T.);
#4372=EDGE_CURVE('',#3758,#3768,#608,.T.);
#4373=EDGE_CURVE('',#3698,#3722,#609,.T.);
#4374=EDGE_CURVE('',#3723,#3698,#610,.T.);
#4375=EDGE_CURVE('',#3768,#3698,#611,.T.);
#4376=EDGE_CURVE('',#3507,#3768,#612,.T.);
#4377=EDGE_CURVE('',#3507,#3758,#613,.T.);
#4378=EDGE_CURVE('',#3697,#3758,#614,.T.);
#4379=EDGE_CURVE('',#3757,#3697,#615,.T.);
#4380=EDGE_CURVE('',#3767,#3697,#616,.T.);
#4381=EDGE_CURVE('',#3508,#3767,#617,.T.);
#4382=EDGE_CURVE('',#3508,#3759,#618,.T.);
#4383=EDGE_CURVE('',#3508,#3760,#619,.T.);
#4384=EDGE_CURVE('',#3696,#3760,#620,.T.);
#4385=EDGE_CURVE('',#3594,#3760,#621,.T.);
#4386=EDGE_CURVE('',#3594,#3757,#622,.T.);
#4387=EDGE_CURVE('',#3590,#3757,#623,.T.);
#4388=EDGE_CURVE('',#3590,#3723,#624,.T.);
#4389=EDGE_CURVE('',#3769,#3732,#625,.T.);
#4390=EDGE_CURVE('',#3754,#3769,#626,.T.);
#4391=EDGE_CURVE('',#3769,#3727,#627,.T.);
#4392=EDGE_CURVE('',#3726,#3769,#628,.T.);
#4393=EDGE_CURVE('',#3754,#3726,#629,.T.);
#4394=EDGE_CURVE('',#3754,#3725,#630,.T.);
#4395=EDGE_CURVE('',#3756,#3725,#631,.T.);
#4396=EDGE_CURVE('',#3756,#3724,#632,.T.);
#4397=EDGE_CURVE('',#3723,#3756,#633,.T.);
#4398=EDGE_CURVE('',#3590,#3756,#634,.T.);
#4399=EDGE_CURVE('',#3590,#3755,#635,.T.);
#4400=EDGE_CURVE('',#3752,#3590,#636,.T.);
#4401=EDGE_CURVE('',#3752,#3755,#637,.T.);
#4402=EDGE_CURVE('',#3751,#3755,#638,.T.);
#4403=EDGE_CURVE('',#3751,#3754,#639,.T.);
#4404=EDGE_CURVE('',#3751,#3750,#640,.T.);
#4405=EDGE_CURVE('',#3751,#3749,#641,.T.);
#4406=EDGE_CURVE('',#3589,#3749,#642,.T.);
#4407=EDGE_CURVE('',#3749,#3748,#643,.T.);
#4408=EDGE_CURVE('',#3748,#3747,#644,.T.);
#4409=EDGE_CURVE('',#3587,#3747,#645,.T.);
#4410=EDGE_CURVE('',#3587,#3746,#646,.T.);
#4411=EDGE_CURVE('',#3746,#3588,#647,.T.);
#4412=EDGE_CURVE('',#3744,#3588,#648,.T.);
#4413=EDGE_CURVE('',#3743,#3588,#649,.T.);
#4414=EDGE_CURVE('',#3742,#3588,#650,.T.);
#4415=EDGE_CURVE('',#3584,#3742,#651,.T.);
#4416=EDGE_CURVE('',#3740,#3584,#652,.T.);
#4417=EDGE_CURVE('',#3740,#3742,#653,.T.);
#4418=EDGE_CURVE('',#3739,#3742,#654,.T.);
#4419=EDGE_CURVE('',#3739,#3741,#655,.T.);
#4420=EDGE_CURVE('',#3739,#3736,#656,.T.);
#4421=EDGE_CURVE('',#3583,#3736,#657,.T.);
#4422=EDGE_CURVE('',#3736,#3738,#658,.T.);
#4423=EDGE_CURVE('',#3738,#3737,#659,.T.);
#4424=EDGE_CURVE('',#3544,#3737,#660,.T.);
#4425=EDGE_CURVE('',#3737,#3543,#661,.T.);
#4426=EDGE_CURVE('',#3735,#3543,#662,.T.);
#4427=EDGE_CURVE('',#3734,#3735,#663,.T.);
#4428=EDGE_CURVE('',#3733,#3734,#664,.T.);
#4429=EDGE_CURVE('',#3731,#3733,#665,.T.);
#4430=EDGE_CURVE('',#3727,#3731,#666,.T.);
#4431=EDGE_CURVE('',#3704,#3727,#667,.T.);
#4432=EDGE_CURVE('',#3729,#3727,#668,.T.);
#4433=EDGE_CURVE('',#3728,#3729,#669,.T.);
#4434=EDGE_CURVE('',#3703,#3728,#670,.T.);
#4435=EDGE_CURVE('',#3713,#3728,#671,.T.);
#4436=EDGE_CURVE('',#3726,#3713,#672,.T.);
#4437=EDGE_CURVE('',#3724,#3713,#673,.T.);
#4438=EDGE_CURVE('',#3722,#3713,#674,.T.);
#4439=EDGE_CURVE('',#3721,#3713,#675,.T.);
#4440=EDGE_CURVE('',#3717,#3713,#676,.T.);
#4441=EDGE_CURVE('',#3716,#3713,#677,.T.);
#4442=EDGE_CURVE('',#3714,#3713,#678,.T.);
#4443=EDGE_CURVE('',#3715,#3713,#679,.T.);
#4444=EDGE_CURVE('',#3715,#3711,#680,.T.);
#4445=EDGE_CURVE('',#3707,#3711,#681,.T.);
#4446=EDGE_CURVE('',#3707,#3712,#682,.T.);
#4447=EDGE_CURVE('',#3712,#3710,#683,.T.);
#4448=EDGE_CURVE('',#3710,#3703,#684,.T.);
#4449=EDGE_CURVE('',#3709,#3703,#685,.T.);
#4450=EDGE_CURVE('',#3708,#3703,#686,.T.);
#4451=EDGE_CURVE('',#3708,#3537,#687,.T.);
#4452=EDGE_CURVE('',#3700,#3537,#688,.T.);
#4453=EDGE_CURVE('',#3700,#3699,#689,.T.);
#4454=EDGE_CURVE('',#3701,#3699,#690,.T.);
#4455=EDGE_CURVE('',#3701,#3533,#691,.T.);
#4456=EDGE_CURVE('',#3701,#3483,#692,.T.);
#4457=EDGE_CURVE('',#3707,#3482,#693,.T.);
#4458=EDGE_CURVE('',#3689,#3513,#694,.T.);
#4459=EDGE_CURVE('',#3689,#3692,#695,.T.);
#4460=EDGE_CURVE('',#3595,#3689,#696,.T.);
#4461=EDGE_CURVE('',#3595,#3690,#697,.T.);
#4462=EDGE_CURVE('',#3688,#3690,#698,.T.);
#4463=EDGE_CURVE('',#3688,#3514,#699,.T.);
#4464=EDGE_CURVE('',#3515,#3688,#700,.T.);
#4465=EDGE_CURVE('',#3515,#3687,#701,.T.);
#4466=EDGE_CURVE('',#3515,#3686,#702,.T.);
#4467=EDGE_CURVE('',#3515,#3685,#703,.T.);
#4468=EDGE_CURVE('',#3515,#3684,#704,.T.);
#4469=EDGE_CURVE('',#3515,#3598,#705,.T.);
#4470=EDGE_CURVE('',#3515,#3683,#706,.T.);
#4471=EDGE_CURVE('',#3515,#3682,#707,.T.);
#4472=EDGE_CURVE('',#3515,#3600,#708,.T.);
#4473=EDGE_CURVE('',#3515,#3681,#709,.T.);
#4474=EDGE_CURVE('',#3515,#3604,#710,.T.);
#4475=EDGE_CURVE('',#3515,#3770,#711,.T.);
#4476=EDGE_CURVE('',#3770,#3604,#712,.T.);
#4477=EDGE_CURVE('',#3603,#3770,#713,.T.);
#4478=EDGE_CURVE('',#3680,#3770,#714,.T.);
#4479=EDGE_CURVE('',#3680,#3515,#715,.T.);
#4480=EDGE_CURVE('',#3516,#3680,#716,.T.);
#4481=EDGE_CURVE('',#3516,#3679,#717,.T.);
#4482=EDGE_CURVE('',#3678,#3516,#718,.T.);
#4483=EDGE_CURVE('',#3517,#3678,#719,.T.);
#4484=EDGE_CURVE('',#3676,#3678,#720,.T.);
#4485=EDGE_CURVE('',#3603,#3676,#721,.T.);
#4486=EDGE_CURVE('',#3675,#3676,#722,.T.);
#4487=EDGE_CURVE('',#3675,#3518,#723,.T.);
#4488=EDGE_CURVE('',#3672,#3476,#724,.T.);
#4489=EDGE_CURVE('',#3665,#3660,#725,.T.);
#4490=EDGE_CURVE('',#3666,#3665,#726,.T.);
#4491=EDGE_CURVE('',#3666,#3660,#727,.T.);
#4492=EDGE_CURVE('',#3666,#3476,#728,.T.);
#4493=EDGE_CURVE('',#3672,#3666,#729,.T.);
#4494=EDGE_CURVE('',#3620,#3670,#730,.T.);
#4495=EDGE_CURVE('',#3620,#3626,#731,.T.);
#4496=EDGE_CURVE('',#3626,#3670,#732,.T.);
#4497=EDGE_CURVE('',#3625,#3670,#733,.T.);
#4498=EDGE_CURVE('',#3625,#3669,#734,.T.);
#4499=EDGE_CURVE('',#3669,#3668,#735,.T.);
#4500=EDGE_CURVE('',#3666,#3668,#736,.T.);
#4501=EDGE_CURVE('',#3666,#3628,#737,.T.);
#4502=EDGE_CURVE('',#3628,#3667,#738,.T.);
#4503=EDGE_CURVE('',#3628,#3662,#739,.T.);
#4504=EDGE_CURVE('',#3627,#3662,#740,.T.);
#4505=EDGE_CURVE('',#3629,#3652,#741,.T.);
#4506=EDGE_CURVE('',#3627,#3652,#742,.T.);
#4507=EDGE_CURVE('',#3662,#3652,#743,.T.);
#4508=EDGE_CURVE('',#3662,#3653,#744,.T.);
#4509=EDGE_CURVE('',#3663,#3655,#745,.T.);
#4510=EDGE_CURVE('',#3663,#3653,#746,.T.);
#4511=EDGE_CURVE('',#3662,#3663,#747,.T.);
#4512=EDGE_CURVE('',#3662,#3658,#748,.T.);
#4513=EDGE_CURVE('',#3662,#3659,#749,.T.);
#4514=EDGE_CURVE('',#3661,#3659,#750,.T.);
#4515=EDGE_CURVE('',#3476,#3659,#751,.T.);
#4516=EDGE_CURVE('',#3521,#3573,#752,.T.);
#4517=EDGE_CURVE('',#3656,#3573,#753,.T.);
#4518=EDGE_CURVE('',#3656,#3521,#754,.T.);
#4519=EDGE_CURVE('',#3520,#3656,#755,.T.);
#4520=EDGE_CURVE('',#3520,#3657,#756,.T.);
#4521=EDGE_CURVE('',#3654,#3657,#757,.T.);
#4522=EDGE_CURVE('',#3654,#3574,#758,.T.);
#4523=EDGE_CURVE('',#3653,#3574,#759,.T.);
#4524=EDGE_CURVE('',#3651,#3574,#760,.T.);
#4525=EDGE_CURVE('',#3651,#3575,#761,.T.);
#4526=EDGE_CURVE('',#3650,#3575,#762,.T.);
#4527=EDGE_CURVE('',#3650,#3649,#763,.T.);
#4528=EDGE_CURVE('',#3634,#3649,#764,.T.);
#4529=EDGE_CURVE('',#3582,#3634,#765,.T.);
#4530=EDGE_CURVE('',#3647,#3582,#766,.T.);
#4531=EDGE_CURVE('',#3648,#3582,#767,.T.);
#4532=EDGE_CURVE('',#3647,#3648,#768,.T.);
#4533=EDGE_CURVE('',#3646,#3647,#769,.T.);
#4534=EDGE_CURVE('',#3633,#3646,#770,.T.);
#4535=EDGE_CURVE('',#3633,#3645,#771,.T.);
#4536=EDGE_CURVE('',#3643,#3633,#772,.T.);
#4537=EDGE_CURVE('',#3635,#3643,#773,.T.);
#4538=EDGE_CURVE('',#3635,#3642,#774,.T.);
#4539=EDGE_CURVE('',#3642,#3641,#775,.T.);
#4540=EDGE_CURVE('',#3586,#3641,#776,.T.);
#4541=EDGE_CURVE('',#3641,#3585,#777,.T.);
#4542=EDGE_CURVE('',#3641,#3640,#778,.T.);
#4543=EDGE_CURVE('',#3638,#3640,#779,.T.);
#4544=EDGE_CURVE('',#3592,#3638,#780,.T.);
#4545=EDGE_CURVE('',#3637,#3592,#781,.T.);
#4546=EDGE_CURVE('',#3639,#3592,#782,.T.);
#4547=EDGE_CURVE('',#3637,#3639,#783,.T.);
#4548=EDGE_CURVE('',#3602,#3637,#784,.T.);
#4549=EDGE_CURVE('',#3606,#3602,#785,.T.);
#4550=EDGE_CURVE('',#3606,#3637,#786,.T.);
#4551=EDGE_CURVE('',#3606,#3635,#787,.T.);
#4552=EDGE_CURVE('',#3606,#3636,#788,.T.);
#4553=EDGE_CURVE('',#3631,#3636,#789,.T.);
#4554=EDGE_CURVE('',#3631,#3633,#790,.T.);
#4555=EDGE_CURVE('',#3631,#3629,#791,.T.);
#4556=EDGE_CURVE('',#3631,#3630,#792,.T.);
#4557=EDGE_CURVE('',#3623,#3630,#793,.T.);
#4558=EDGE_CURVE('',#3623,#3627,#794,.T.);
#4559=EDGE_CURVE('',#3623,#3625,#795,.T.);
#4560=EDGE_CURVE('',#3622,#3625,#796,.T.);
#4561=EDGE_CURVE('',#3622,#3624,#797,.T.);
#4562=EDGE_CURVE('',#3621,#3622,#798,.T.);
#4563=EDGE_CURVE('',#3615,#3621,#799,.T.);
#4564=EDGE_CURVE('',#3615,#3619,#800,.T.);
#4565=EDGE_CURVE('',#3615,#3617,#801,.T.);
#4566=EDGE_CURVE('',#3615,#3618,#802,.T.);
#4567=EDGE_CURVE('',#3616,#3618,#803,.T.);
#4568=EDGE_CURVE('',#3611,#3616,#804,.T.);
#4569=EDGE_CURVE('',#3613,#3616,#805,.T.);
#4570=EDGE_CURVE('',#3613,#3614,#806,.T.);
#4571=EDGE_CURVE('',#3605,#3613,#807,.T.);
#4572=EDGE_CURVE('',#3605,#3612,#808,.T.);
#4573=EDGE_CURVE('',#3612,#3608,#809,.T.);
#4574=EDGE_CURVE('',#3611,#3608,#810,.T.);
#4575=EDGE_CURVE('',#3611,#3607,#811,.T.);
#4576=EDGE_CURVE('',#3607,#3609,#812,.T.);
#4577=EDGE_CURVE('',#3603,#3607,#813,.T.);
#4578=EDGE_CURVE('',#3605,#3603,#814,.T.);
#4579=EDGE_CURVE('',#3603,#3601,#815,.T.);
#4580=EDGE_CURVE('',#3601,#3599,#816,.T.);
#4581=EDGE_CURVE('',#3599,#3591,#817,.T.);
#4582=EDGE_CURVE('',#3597,#3591,#818,.T.);
#4583=EDGE_CURVE('',#3595,#3591,#819,.T.);
#4584=EDGE_CURVE('',#3591,#3593,#820,.T.);
#4585=EDGE_CURVE('',#3591,#3590,#821,.T.);
#4586=EDGE_CURVE('',#3585,#3590,#822,.T.);
#4587=EDGE_CURVE('',#3585,#3587,#823,.T.);
#4588=EDGE_CURVE('',#3585,#3584,#824,.T.);
#4589=EDGE_CURVE('',#3581,#3584,#825,.T.);
#4590=EDGE_CURVE('',#3581,#3544,#826,.T.);
#4591=EDGE_CURVE('',#3575,#3544,#827,.T.);
#4592=EDGE_CURVE('',#3575,#3563,#828,.T.);
#4593=EDGE_CURVE('',#3576,#3563,#829,.T.);
#4594=EDGE_CURVE('',#3523,#3771,#830,.T.);
#4595=EDGE_CURVE('',#3580,#3771,#831,.T.);
#4596=EDGE_CURVE('',#3771,#3568,#832,.T.);
#4597=EDGE_CURVE('',#3771,#3563,#833,.T.);
#4598=EDGE_CURVE('',#3580,#3563,#834,.T.);
#4599=EDGE_CURVE('',#3579,#3563,#835,.T.);
#4600=EDGE_CURVE('',#3579,#3576,#836,.T.);
#4601=EDGE_CURVE('',#3578,#3579,#837,.T.);
#4602=EDGE_CURVE('',#3523,#3578,#838,.T.);
#4603=EDGE_CURVE('',#3523,#3577,#839,.T.);
#4604=EDGE_CURVE('',#3570,#3577,#840,.T.);
#4605=EDGE_CURVE('',#3570,#3576,#841,.T.);
#4606=EDGE_CURVE('',#3574,#3570,#842,.T.);
#4607=EDGE_CURVE('',#3574,#3571,#843,.T.);
#4608=EDGE_CURVE('',#3572,#3571,#844,.T.);
#4609=EDGE_CURVE('',#3522,#3571,#845,.T.);
#4610=EDGE_CURVE('',#3569,#3524,#846,.T.);
#4611=EDGE_CURVE('',#3524,#3567,#847,.T.);
#4612=EDGE_CURVE('',#3569,#3567,#848,.T.);
#4613=EDGE_CURVE('',#3563,#3567,#849,.T.);
#4614=EDGE_CURVE('',#3563,#3566,#850,.T.);
#4615=EDGE_CURVE('',#3563,#3565,#851,.T.);
#4616=EDGE_CURVE('',#3566,#3565,#852,.T.);
#4617=EDGE_CURVE('',#3525,#3565,#853,.T.);
#4618=EDGE_CURVE('',#3526,#3561,#854,.T.);
#4619=EDGE_CURVE('',#3564,#3561,#855,.T.);
#4620=EDGE_CURVE('',#3561,#3546,#856,.T.);
#4621=EDGE_CURVE('',#3562,#3546,#857,.T.);
#4622=EDGE_CURVE('',#3562,#3560,#858,.T.);
#4623=EDGE_CURVE('',#3527,#3560,#859,.T.);
#4624=EDGE_CURVE('',#3527,#3559,#860,.T.);
#4625=EDGE_CURVE('',#3559,#3557,#861,.T.);
#4626=EDGE_CURVE('',#3557,#3546,#862,.T.);
#4627=EDGE_CURVE('',#3546,#3558,#863,.T.);
#4628=EDGE_CURVE('',#3558,#3556,#864,.T.);
#4629=EDGE_CURVE('',#3527,#3556,#865,.T.);
#4630=EDGE_CURVE('',#3556,#3528,#866,.T.);
#4631=EDGE_CURVE('',#3528,#3554,#867,.T.);
#4632=EDGE_CURVE('',#3529,#3553,#868,.T.);
#4633=EDGE_CURVE('',#3555,#3553,#869,.T.);
#4634=EDGE_CURVE('',#3546,#3553,#870,.T.);
#4635=EDGE_CURVE('',#3546,#3552,#871,.T.);
#4636=EDGE_CURVE('',#3552,#3551,#872,.T.);
#4637=EDGE_CURVE('',#3530,#3551,#873,.T.);
#4638=EDGE_CURVE('',#3551,#3549,#874,.T.);
#4639=EDGE_CURVE('',#3549,#3545,#875,.T.);
#4640=EDGE_CURVE('',#3550,#3545,#876,.T.);
#4641=EDGE_CURVE('',#3550,#3548,#877,.T.);
#4642=EDGE_CURVE('',#3530,#3548,#878,.T.);
#4643=EDGE_CURVE('',#3530,#3547,#879,.T.);
#4644=EDGE_CURVE('',#3547,#3540,#880,.T.);
#4645=EDGE_CURVE('',#3547,#3542,#881,.T.);
#4646=EDGE_CURVE('',#3545,#3542,#882,.T.);
#4647=EDGE_CURVE('',#3544,#3542,#883,.T.);
#4648=EDGE_CURVE('',#3542,#3537,#884,.T.);
#4649=EDGE_CURVE('',#3538,#3537,#885,.T.);
#4650=EDGE_CURVE('',#3538,#3542,#886,.T.);
#4651=EDGE_CURVE('',#3539,#3542,#887,.T.);
#4652=EDGE_CURVE('',#3541,#3539,#888,.T.);
#4653=EDGE_CURVE('',#3530,#3539,#889,.T.);
#4654=EDGE_CURVE('',#3536,#3531,#890,.T.);
#4655=EDGE_CURVE('',#3531,#3534,#891,.T.);
#4656=EDGE_CURVE('',#3531,#3533,#892,.T.);
#4657=EDGE_CURVE('',#3531,#3486,#893,.T.);
#4658=ORIENTED_EDGE('',*,*,#3772,.T.);
#4659=ORIENTED_EDGE('',*,*,#3773,.T.);
#4660=ORIENTED_EDGE('',*,*,#3774,.F.);
#4661=ORIENTED_EDGE('',*,*,#3773,.F.);
#4662=ORIENTED_EDGE('',*,*,#3775,.F.);
#4663=ORIENTED_EDGE('',*,*,#3776,.T.);
#4664=ORIENTED_EDGE('',*,*,#3777,.F.);
#4665=ORIENTED_EDGE('',*,*,#3778,.T.);
#4666=ORIENTED_EDGE('',*,*,#3779,.F.);
#4667=ORIENTED_EDGE('',*,*,#3780,.T.);
#4668=ORIENTED_EDGE('',*,*,#3781,.F.);
#4669=ORIENTED_EDGE('',*,*,#3782,.T.);
#4670=ORIENTED_EDGE('',*,*,#3772,.F.);
#4671=ORIENTED_EDGE('',*,*,#3783,.T.);
#4672=ORIENTED_EDGE('',*,*,#3784,.T.);
#4673=ORIENTED_EDGE('',*,*,#3774,.T.);
#4674=ORIENTED_EDGE('',*,*,#3784,.F.);
#4675=ORIENTED_EDGE('',*,*,#3783,.F.);
#4676=ORIENTED_EDGE('',*,*,#3775,.T.);
#4677=ORIENTED_EDGE('',*,*,#3785,.T.);
#4678=ORIENTED_EDGE('',*,*,#3786,.T.);
#4679=ORIENTED_EDGE('',*,*,#3787,.T.);
#4680=ORIENTED_EDGE('',*,*,#3787,.F.);
#4681=ORIENTED_EDGE('',*,*,#3788,.F.);
#4682=ORIENTED_EDGE('',*,*,#3789,.F.);
#4683=ORIENTED_EDGE('',*,*,#3776,.F.);
#4684=ORIENTED_EDGE('',*,*,#3786,.F.);
#4685=ORIENTED_EDGE('',*,*,#3790,.T.);
#4686=ORIENTED_EDGE('',*,*,#3791,.F.);
#4687=ORIENTED_EDGE('',*,*,#3792,.T.);
#4688=ORIENTED_EDGE('',*,*,#3793,.F.);
#4689=ORIENTED_EDGE('',*,*,#3794,.T.);
#4690=ORIENTED_EDGE('',*,*,#3795,.F.);
#4691=ORIENTED_EDGE('',*,*,#3788,.T.);
#4692=ORIENTED_EDGE('',*,*,#3796,.F.);
#4693=ORIENTED_EDGE('',*,*,#3797,.F.);
#4694=ORIENTED_EDGE('',*,*,#3798,.F.);
#4695=ORIENTED_EDGE('',*,*,#3799,.F.);
#4696=ORIENTED_EDGE('',*,*,#3777,.T.);
#4697=ORIENTED_EDGE('',*,*,#3789,.T.);
#4698=ORIENTED_EDGE('',*,*,#3795,.T.);
#4699=ORIENTED_EDGE('',*,*,#3800,.T.);
#4700=ORIENTED_EDGE('',*,*,#3800,.F.);
#4701=ORIENTED_EDGE('',*,*,#3794,.F.);
#4702=ORIENTED_EDGE('',*,*,#3801,.F.);
#4703=ORIENTED_EDGE('',*,*,#3778,.F.);
#4704=ORIENTED_EDGE('',*,*,#3779,.T.);
#4705=ORIENTED_EDGE('',*,*,#3801,.T.);
#4706=ORIENTED_EDGE('',*,*,#3793,.T.);
#4707=ORIENTED_EDGE('',*,*,#3802,.T.);
#4708=ORIENTED_EDGE('',*,*,#3802,.F.);
#4709=ORIENTED_EDGE('',*,*,#3792,.F.);
#4710=ORIENTED_EDGE('',*,*,#3803,.F.);
#4711=ORIENTED_EDGE('',*,*,#3780,.F.);
#4712=ORIENTED_EDGE('',*,*,#3781,.T.);
#4713=ORIENTED_EDGE('',*,*,#3803,.T.);
#4714=ORIENTED_EDGE('',*,*,#3791,.T.);
#4715=ORIENTED_EDGE('',*,*,#3804,.T.);
#4716=ORIENTED_EDGE('',*,*,#3785,.F.);
#4717=ORIENTED_EDGE('',*,*,#3782,.F.);
#4718=ORIENTED_EDGE('',*,*,#3804,.F.);
#4719=ORIENTED_EDGE('',*,*,#3790,.F.);
#4720=ORIENTED_EDGE('',*,*,#3796,.T.);
#4721=ORIENTED_EDGE('',*,*,#3805,.F.);
#4722=ORIENTED_EDGE('',*,*,#3806,.F.);
#4723=ORIENTED_EDGE('',*,*,#3807,.T.);
#4724=ORIENTED_EDGE('',*,*,#3808,.F.);
#4725=ORIENTED_EDGE('',*,*,#3809,.T.);
#4726=ORIENTED_EDGE('',*,*,#3799,.T.);
#4727=ORIENTED_EDGE('',*,*,#3810,.F.);
#4728=ORIENTED_EDGE('',*,*,#3811,.F.);
#4729=ORIENTED_EDGE('',*,*,#3812,.F.);
#4730=ORIENTED_EDGE('',*,*,#3813,.F.);
#4731=ORIENTED_EDGE('',*,*,#3814,.F.);
#4732=ORIENTED_EDGE('',*,*,#3815,.F.);
#4733=ORIENTED_EDGE('',*,*,#3816,.F.);
#4734=ORIENTED_EDGE('',*,*,#3817,.F.);
#4735=ORIENTED_EDGE('',*,*,#3818,.F.);
#4736=ORIENTED_EDGE('',*,*,#3819,.F.);
#4737=ORIENTED_EDGE('',*,*,#3820,.F.);
#4738=ORIENTED_EDGE('',*,*,#3821,.F.);
#4739=ORIENTED_EDGE('',*,*,#3822,.F.);
#4740=ORIENTED_EDGE('',*,*,#3823,.F.);
#4741=ORIENTED_EDGE('',*,*,#3805,.T.);
#4742=ORIENTED_EDGE('',*,*,#3824,.T.);
#4743=ORIENTED_EDGE('',*,*,#3807,.F.);
#4744=ORIENTED_EDGE('',*,*,#3825,.F.);
#4745=ORIENTED_EDGE('',*,*,#3826,.F.);
#4746=ORIENTED_EDGE('',*,*,#3827,.F.);
#4747=ORIENTED_EDGE('',*,*,#3828,.F.);
#4748=ORIENTED_EDGE('',*,*,#3829,.F.);
#4749=ORIENTED_EDGE('',*,*,#3830,.F.);
#4750=ORIENTED_EDGE('',*,*,#3798,.T.);
#4751=ORIENTED_EDGE('',*,*,#3831,.F.);
#4752=ORIENTED_EDGE('',*,*,#3832,.F.);
#4753=ORIENTED_EDGE('',*,*,#3833,.F.);
#4754=ORIENTED_EDGE('',*,*,#3834,.F.);
#4755=ORIENTED_EDGE('',*,*,#3835,.F.);
#4756=ORIENTED_EDGE('',*,*,#3836,.F.);
#4757=ORIENTED_EDGE('',*,*,#3837,.F.);
#4758=ORIENTED_EDGE('',*,*,#3838,.F.);
#4759=ORIENTED_EDGE('',*,*,#3810,.T.);
#4760=ORIENTED_EDGE('',*,*,#3797,.T.);
#4761=ORIENTED_EDGE('',*,*,#3809,.F.);
#4762=ORIENTED_EDGE('',*,*,#3839,.F.);
#4763=ORIENTED_EDGE('',*,*,#3840,.F.);
#4764=ORIENTED_EDGE('',*,*,#3841,.F.);
#4765=ORIENTED_EDGE('',*,*,#3842,.F.);
#4766=ORIENTED_EDGE('',*,*,#3843,.F.);
#4767=ORIENTED_EDGE('',*,*,#3844,.F.);
#4768=ORIENTED_EDGE('',*,*,#3845,.F.);
#4769=ORIENTED_EDGE('',*,*,#3846,.F.);
#4770=ORIENTED_EDGE('',*,*,#3847,.F.);
#4771=ORIENTED_EDGE('',*,*,#3848,.F.);
#4772=ORIENTED_EDGE('',*,*,#3849,.F.);
#4773=ORIENTED_EDGE('',*,*,#3850,.F.);
#4774=ORIENTED_EDGE('',*,*,#3851,.F.);
#4775=ORIENTED_EDGE('',*,*,#3852,.F.);
#4776=ORIENTED_EDGE('',*,*,#3853,.F.);
#4777=ORIENTED_EDGE('',*,*,#3854,.F.);
#4778=ORIENTED_EDGE('',*,*,#3855,.F.);
#4779=ORIENTED_EDGE('',*,*,#3856,.F.);
#4780=ORIENTED_EDGE('',*,*,#3857,.F.);
#4781=ORIENTED_EDGE('',*,*,#3831,.T.);
#4782=ORIENTED_EDGE('',*,*,#3856,.T.);
#4783=ORIENTED_EDGE('',*,*,#3858,.T.);
#4784=ORIENTED_EDGE('',*,*,#3859,.T.);
#4785=ORIENTED_EDGE('',*,*,#3855,.T.);
#4786=ORIENTED_EDGE('',*,*,#3860,.T.);
#4787=ORIENTED_EDGE('',*,*,#3861,.T.);
#4788=ORIENTED_EDGE('',*,*,#3858,.F.);
#4789=ORIENTED_EDGE('',*,*,#3854,.T.);
#4790=ORIENTED_EDGE('',*,*,#3862,.T.);
#4791=ORIENTED_EDGE('',*,*,#3863,.T.);
#4792=ORIENTED_EDGE('',*,*,#3860,.F.);
#4793=ORIENTED_EDGE('',*,*,#3853,.T.);
#4794=ORIENTED_EDGE('',*,*,#3864,.T.);
#4795=ORIENTED_EDGE('',*,*,#3865,.T.);
#4796=ORIENTED_EDGE('',*,*,#3862,.F.);
#4797=ORIENTED_EDGE('',*,*,#3852,.T.);
#4798=ORIENTED_EDGE('',*,*,#3866,.T.);
#4799=ORIENTED_EDGE('',*,*,#3867,.T.);
#4800=ORIENTED_EDGE('',*,*,#3864,.F.);
#4801=ORIENTED_EDGE('',*,*,#3851,.T.);
#4802=ORIENTED_EDGE('',*,*,#3868,.T.);
#4803=ORIENTED_EDGE('',*,*,#3869,.T.);
#4804=ORIENTED_EDGE('',*,*,#3866,.F.);
#4805=ORIENTED_EDGE('',*,*,#3850,.T.);
#4806=ORIENTED_EDGE('',*,*,#3870,.T.);
#4807=ORIENTED_EDGE('',*,*,#3871,.T.);
#4808=ORIENTED_EDGE('',*,*,#3868,.F.);
#4809=ORIENTED_EDGE('',*,*,#3849,.T.);
#4810=ORIENTED_EDGE('',*,*,#3872,.T.);
#4811=ORIENTED_EDGE('',*,*,#3873,.T.);
#4812=ORIENTED_EDGE('',*,*,#3870,.F.);
#4813=ORIENTED_EDGE('',*,*,#3848,.T.);
#4814=ORIENTED_EDGE('',*,*,#3874,.T.);
#4815=ORIENTED_EDGE('',*,*,#3875,.T.);
#4816=ORIENTED_EDGE('',*,*,#3872,.F.);
#4817=ORIENTED_EDGE('',*,*,#3847,.T.);
#4818=ORIENTED_EDGE('',*,*,#3876,.T.);
#4819=ORIENTED_EDGE('',*,*,#3877,.T.);
#4820=ORIENTED_EDGE('',*,*,#3874,.F.);
#4821=ORIENTED_EDGE('',*,*,#3846,.T.);
#4822=ORIENTED_EDGE('',*,*,#3878,.T.);
#4823=ORIENTED_EDGE('',*,*,#3876,.F.);
#4824=ORIENTED_EDGE('',*,*,#3845,.T.);
#4825=ORIENTED_EDGE('',*,*,#3879,.T.);
#4826=ORIENTED_EDGE('',*,*,#3878,.F.);
#4827=ORIENTED_EDGE('',*,*,#3844,.T.);
#4828=ORIENTED_EDGE('',*,*,#3880,.T.);
#4829=ORIENTED_EDGE('',*,*,#3881,.T.);
#4830=ORIENTED_EDGE('',*,*,#3879,.F.);
#4831=ORIENTED_EDGE('',*,*,#3843,.T.);
#4832=ORIENTED_EDGE('',*,*,#3882,.T.);
#4833=ORIENTED_EDGE('',*,*,#3883,.T.);
#4834=ORIENTED_EDGE('',*,*,#3880,.F.);
#4835=ORIENTED_EDGE('',*,*,#3842,.T.);
#4836=ORIENTED_EDGE('',*,*,#3884,.T.);
#4837=ORIENTED_EDGE('',*,*,#3885,.T.);
#4838=ORIENTED_EDGE('',*,*,#3882,.F.);
#4839=ORIENTED_EDGE('',*,*,#3841,.T.);
#4840=ORIENTED_EDGE('',*,*,#3886,.T.);
#4841=ORIENTED_EDGE('',*,*,#3884,.F.);
#4842=ORIENTED_EDGE('',*,*,#3840,.T.);
#4843=ORIENTED_EDGE('',*,*,#3887,.T.);
#4844=ORIENTED_EDGE('',*,*,#3888,.T.);
#4845=ORIENTED_EDGE('',*,*,#3886,.F.);
#4846=ORIENTED_EDGE('',*,*,#3839,.T.);
#4847=ORIENTED_EDGE('',*,*,#3808,.T.);
#4848=ORIENTED_EDGE('',*,*,#3889,.T.);
#4849=ORIENTED_EDGE('',*,*,#3887,.F.);
#4850=ORIENTED_EDGE('',*,*,#3823,.T.);
#4851=ORIENTED_EDGE('',*,*,#3890,.T.);
#4852=ORIENTED_EDGE('',*,*,#3891,.F.);
#4853=ORIENTED_EDGE('',*,*,#3806,.T.);
#4854=ORIENTED_EDGE('',*,*,#3822,.T.);
#4855=ORIENTED_EDGE('',*,*,#3892,.T.);
#4856=ORIENTED_EDGE('',*,*,#3893,.F.);
#4857=ORIENTED_EDGE('',*,*,#3890,.F.);
#4858=ORIENTED_EDGE('',*,*,#3821,.T.);
#4859=ORIENTED_EDGE('',*,*,#3894,.T.);
#4860=ORIENTED_EDGE('',*,*,#3895,.F.);
#4861=ORIENTED_EDGE('',*,*,#3892,.F.);
#4862=ORIENTED_EDGE('',*,*,#3820,.T.);
#4863=ORIENTED_EDGE('',*,*,#3896,.T.);
#4864=ORIENTED_EDGE('',*,*,#3897,.F.);
#4865=ORIENTED_EDGE('',*,*,#3894,.F.);
#4866=ORIENTED_EDGE('',*,*,#3819,.T.);
#4867=ORIENTED_EDGE('',*,*,#3898,.T.);
#4868=ORIENTED_EDGE('',*,*,#3899,.F.);
#4869=ORIENTED_EDGE('',*,*,#3896,.F.);
#4870=ORIENTED_EDGE('',*,*,#3818,.T.);
#4871=ORIENTED_EDGE('',*,*,#3900,.T.);
#4872=ORIENTED_EDGE('',*,*,#3901,.F.);
#4873=ORIENTED_EDGE('',*,*,#3898,.F.);
#4874=ORIENTED_EDGE('',*,*,#3817,.T.);
#4875=ORIENTED_EDGE('',*,*,#3902,.T.);
#4876=ORIENTED_EDGE('',*,*,#3903,.F.);
#4877=ORIENTED_EDGE('',*,*,#3900,.F.);
#4878=ORIENTED_EDGE('',*,*,#3816,.T.);
#4879=ORIENTED_EDGE('',*,*,#3904,.T.);
#4880=ORIENTED_EDGE('',*,*,#3905,.F.);
#4881=ORIENTED_EDGE('',*,*,#3902,.F.);
#4882=ORIENTED_EDGE('',*,*,#3815,.T.);
#4883=ORIENTED_EDGE('',*,*,#3906,.T.);
#4884=ORIENTED_EDGE('',*,*,#3907,.F.);
#4885=ORIENTED_EDGE('',*,*,#3904,.F.);
#4886=ORIENTED_EDGE('',*,*,#3814,.T.);
#4887=ORIENTED_EDGE('',*,*,#3908,.F.);
#4888=ORIENTED_EDGE('',*,*,#3906,.F.);
#4889=ORIENTED_EDGE('',*,*,#3813,.T.);
#4890=ORIENTED_EDGE('',*,*,#3909,.F.);
#4891=ORIENTED_EDGE('',*,*,#3910,.F.);
#4892=ORIENTED_EDGE('',*,*,#3908,.T.);
#4893=ORIENTED_EDGE('',*,*,#3812,.T.);
#4894=ORIENTED_EDGE('',*,*,#3911,.F.);
#4895=ORIENTED_EDGE('',*,*,#3912,.F.);
#4896=ORIENTED_EDGE('',*,*,#3909,.T.);
#4897=ORIENTED_EDGE('',*,*,#3838,.T.);
#4898=ORIENTED_EDGE('',*,*,#3913,.F.);
#4899=ORIENTED_EDGE('',*,*,#3914,.F.);
#4900=ORIENTED_EDGE('',*,*,#3915,.F.);
#4901=ORIENTED_EDGE('',*,*,#3911,.T.);
#4902=ORIENTED_EDGE('',*,*,#3811,.T.);
#4903=ORIENTED_EDGE('',*,*,#3835,.T.);
#4904=ORIENTED_EDGE('',*,*,#3916,.F.);
#4905=ORIENTED_EDGE('',*,*,#3917,.T.);
#4906=ORIENTED_EDGE('',*,*,#3918,.T.);
#4907=ORIENTED_EDGE('',*,*,#3919,.F.);
#4908=ORIENTED_EDGE('',*,*,#3920,.F.);
#4909=ORIENTED_EDGE('',*,*,#3921,.F.);
#4910=ORIENTED_EDGE('',*,*,#3922,.T.);
#4911=ORIENTED_EDGE('',*,*,#3923,.T.);
#4912=ORIENTED_EDGE('',*,*,#3924,.F.);
#4913=ORIENTED_EDGE('',*,*,#3925,.T.);
#4914=ORIENTED_EDGE('',*,*,#3926,.F.);
#4915=ORIENTED_EDGE('',*,*,#3924,.T.);
#4916=ORIENTED_EDGE('',*,*,#3927,.F.);
#4917=ORIENTED_EDGE('',*,*,#3928,.T.);
#4918=ORIENTED_EDGE('',*,*,#3929,.F.);
#4919=ORIENTED_EDGE('',*,*,#3930,.T.);
#4920=ORIENTED_EDGE('',*,*,#3931,.F.);
#4921=ORIENTED_EDGE('',*,*,#3932,.T.);
#4922=ORIENTED_EDGE('',*,*,#3933,.F.);
#4923=ORIENTED_EDGE('',*,*,#3931,.T.);
#4924=ORIENTED_EDGE('',*,*,#3934,.F.);
#4925=ORIENTED_EDGE('',*,*,#3935,.F.);
#4926=ORIENTED_EDGE('',*,*,#3936,.T.);
#4927=ORIENTED_EDGE('',*,*,#3937,.F.);
#4928=ORIENTED_EDGE('',*,*,#3938,.T.);
#4929=ORIENTED_EDGE('',*,*,#3939,.T.);
#4930=ORIENTED_EDGE('',*,*,#3940,.F.);
#4931=ORIENTED_EDGE('',*,*,#3941,.F.);
#4932=ORIENTED_EDGE('',*,*,#3942,.T.);
#4933=ORIENTED_EDGE('',*,*,#3943,.F.);
#4934=ORIENTED_EDGE('',*,*,#3944,.T.);
#4935=ORIENTED_EDGE('',*,*,#3945,.F.);
#4936=ORIENTED_EDGE('',*,*,#3939,.F.);
#4937=ORIENTED_EDGE('',*,*,#3946,.T.);
#4938=ORIENTED_EDGE('',*,*,#3947,.T.);
#4939=ORIENTED_EDGE('',*,*,#3948,.T.);
#4940=ORIENTED_EDGE('',*,*,#3949,.F.);
#4941=ORIENTED_EDGE('',*,*,#3950,.T.);
#4942=ORIENTED_EDGE('',*,*,#3951,.T.);
#4943=ORIENTED_EDGE('',*,*,#3952,.T.);
#4944=ORIENTED_EDGE('',*,*,#3953,.F.);
#4945=ORIENTED_EDGE('',*,*,#3954,.T.);
#4946=ORIENTED_EDGE('',*,*,#3952,.F.);
#4947=ORIENTED_EDGE('',*,*,#3955,.T.);
#4948=ORIENTED_EDGE('',*,*,#3956,.T.);
#4949=ORIENTED_EDGE('',*,*,#3957,.T.);
#4950=ORIENTED_EDGE('',*,*,#3951,.F.);
#4951=ORIENTED_EDGE('',*,*,#3958,.F.);
#4952=ORIENTED_EDGE('',*,*,#3959,.T.);
#4953=ORIENTED_EDGE('',*,*,#3960,.F.);
#4954=ORIENTED_EDGE('',*,*,#3961,.T.);
#4955=ORIENTED_EDGE('',*,*,#3962,.F.);
#4956=ORIENTED_EDGE('',*,*,#3963,.T.);
#4957=ORIENTED_EDGE('',*,*,#3964,.T.);
#4958=ORIENTED_EDGE('',*,*,#3965,.T.);
#4959=ORIENTED_EDGE('',*,*,#3966,.F.);
#4960=ORIENTED_EDGE('',*,*,#3967,.F.);
#4961=ORIENTED_EDGE('',*,*,#3968,.T.);
#4962=ORIENTED_EDGE('',*,*,#3969,.T.);
#4963=ORIENTED_EDGE('',*,*,#3970,.T.);
#4964=ORIENTED_EDGE('',*,*,#3971,.F.);
#4965=ORIENTED_EDGE('',*,*,#3972,.T.);
#4966=ORIENTED_EDGE('',*,*,#3973,.T.);
#4967=ORIENTED_EDGE('',*,*,#3974,.F.);
#4968=ORIENTED_EDGE('',*,*,#3975,.T.);
#4969=ORIENTED_EDGE('',*,*,#3976,.T.);
#4970=ORIENTED_EDGE('',*,*,#3977,.T.);
#4971=ORIENTED_EDGE('',*,*,#3978,.F.);
#4972=ORIENTED_EDGE('',*,*,#3979,.F.);
#4973=ORIENTED_EDGE('',*,*,#3980,.T.);
#4974=ORIENTED_EDGE('',*,*,#3977,.F.);
#4975=ORIENTED_EDGE('',*,*,#3981,.T.);
#4976=ORIENTED_EDGE('',*,*,#3982,.F.);
#4977=ORIENTED_EDGE('',*,*,#3983,.T.);
#4978=ORIENTED_EDGE('',*,*,#3984,.T.);
#4979=ORIENTED_EDGE('',*,*,#3985,.F.);
#4980=ORIENTED_EDGE('',*,*,#3986,.T.);
#4981=ORIENTED_EDGE('',*,*,#3987,.T.);
#4982=ORIENTED_EDGE('',*,*,#3985,.T.);
#4983=ORIENTED_EDGE('',*,*,#3988,.F.);
#4984=ORIENTED_EDGE('',*,*,#3989,.F.);
#4985=ORIENTED_EDGE('',*,*,#3990,.F.);
#4986=ORIENTED_EDGE('',*,*,#3991,.T.);
#4987=ORIENTED_EDGE('',*,*,#3992,.F.);
#4988=ORIENTED_EDGE('',*,*,#3993,.T.);
#4989=ORIENTED_EDGE('',*,*,#3994,.T.);
#4990=ORIENTED_EDGE('',*,*,#3995,.F.);
#4991=ORIENTED_EDGE('',*,*,#3996,.T.);
#4992=ORIENTED_EDGE('',*,*,#3997,.F.);
#4993=ORIENTED_EDGE('',*,*,#3938,.F.);
#4994=ORIENTED_EDGE('',*,*,#3998,.F.);
#4995=ORIENTED_EDGE('',*,*,#3967,.T.);
#4996=ORIENTED_EDGE('',*,*,#3999,.F.);
#4997=ORIENTED_EDGE('',*,*,#4000,.T.);
#4998=ORIENTED_EDGE('',*,*,#4001,.T.);
#4999=ORIENTED_EDGE('',*,*,#4002,.F.);
#5000=ORIENTED_EDGE('',*,*,#4003,.F.);
#5001=ORIENTED_EDGE('',*,*,#4004,.T.);
#5002=ORIENTED_EDGE('',*,*,#4005,.F.);
#5003=ORIENTED_EDGE('',*,*,#4006,.F.);
#5004=ORIENTED_EDGE('',*,*,#4007,.T.);
#5005=ORIENTED_EDGE('',*,*,#4008,.T.);
#5006=ORIENTED_EDGE('',*,*,#4009,.T.);
#5007=ORIENTED_EDGE('',*,*,#4010,.F.);
#5008=ORIENTED_EDGE('',*,*,#4011,.F.);
#5009=ORIENTED_EDGE('',*,*,#4012,.F.);
#5010=ORIENTED_EDGE('',*,*,#4013,.T.);
#5011=ORIENTED_EDGE('',*,*,#4014,.F.);
#5012=ORIENTED_EDGE('',*,*,#4015,.T.);
#5013=ORIENTED_EDGE('',*,*,#4016,.T.);
#5014=ORIENTED_EDGE('',*,*,#4017,.F.);
#5015=ORIENTED_EDGE('',*,*,#4018,.T.);
#5016=ORIENTED_EDGE('',*,*,#4019,.F.);
#5017=ORIENTED_EDGE('',*,*,#4020,.T.);
#5018=ORIENTED_EDGE('',*,*,#4021,.F.);
#5019=ORIENTED_EDGE('',*,*,#4022,.F.);
#5020=ORIENTED_EDGE('',*,*,#4023,.F.);
#5021=ORIENTED_EDGE('',*,*,#4024,.T.);
#5022=ORIENTED_EDGE('',*,*,#4025,.T.);
#5023=ORIENTED_EDGE('',*,*,#4026,.F.);
#5024=ORIENTED_EDGE('',*,*,#4027,.T.);
#5025=ORIENTED_EDGE('',*,*,#4028,.T.);
#5026=ORIENTED_EDGE('',*,*,#4029,.F.);
#5027=ORIENTED_EDGE('',*,*,#4030,.T.);
#5028=ORIENTED_EDGE('',*,*,#4031,.T.);
#5029=ORIENTED_EDGE('',*,*,#4032,.T.);
#5030=ORIENTED_EDGE('',*,*,#4033,.F.);
#5031=ORIENTED_EDGE('',*,*,#4034,.F.);
#5032=ORIENTED_EDGE('',*,*,#4035,.F.);
#5033=ORIENTED_EDGE('',*,*,#4036,.F.);
#5034=ORIENTED_EDGE('',*,*,#4037,.T.);
#5035=ORIENTED_EDGE('',*,*,#4038,.T.);
#5036=ORIENTED_EDGE('',*,*,#4039,.F.);
#5037=ORIENTED_EDGE('',*,*,#4040,.F.);
#5038=ORIENTED_EDGE('',*,*,#4041,.F.);
#5039=ORIENTED_EDGE('',*,*,#4042,.T.);
#5040=ORIENTED_EDGE('',*,*,#4043,.F.);
#5041=ORIENTED_EDGE('',*,*,#4044,.F.);
#5042=ORIENTED_EDGE('',*,*,#4045,.T.);
#5043=ORIENTED_EDGE('',*,*,#4046,.F.);
#5044=ORIENTED_EDGE('',*,*,#4047,.F.);
#5045=ORIENTED_EDGE('',*,*,#4048,.T.);
#5046=ORIENTED_EDGE('',*,*,#4049,.F.);
#5047=ORIENTED_EDGE('',*,*,#4036,.T.);
#5048=ORIENTED_EDGE('',*,*,#4050,.T.);
#5049=ORIENTED_EDGE('',*,*,#4051,.F.);
#5050=ORIENTED_EDGE('',*,*,#4052,.F.);
#5051=ORIENTED_EDGE('',*,*,#4053,.F.);
#5052=ORIENTED_EDGE('',*,*,#4054,.T.);
#5053=ORIENTED_EDGE('',*,*,#4055,.T.);
#5054=ORIENTED_EDGE('',*,*,#4056,.F.);
#5055=ORIENTED_EDGE('',*,*,#4057,.F.);
#5056=ORIENTED_EDGE('',*,*,#4058,.T.);
#5057=ORIENTED_EDGE('',*,*,#4059,.F.);
#5058=ORIENTED_EDGE('',*,*,#4055,.F.);
#5059=ORIENTED_EDGE('',*,*,#4060,.F.);
#5060=ORIENTED_EDGE('',*,*,#4061,.T.);
#5061=ORIENTED_EDGE('',*,*,#4062,.F.);
#5062=ORIENTED_EDGE('',*,*,#4063,.T.);
#5063=ORIENTED_EDGE('',*,*,#4064,.T.);
#5064=ORIENTED_EDGE('',*,*,#4065,.F.);
#5065=ORIENTED_EDGE('',*,*,#4066,.T.);
#5066=ORIENTED_EDGE('',*,*,#4067,.F.);
#5067=ORIENTED_EDGE('',*,*,#4061,.F.);
#5068=ORIENTED_EDGE('',*,*,#4068,.F.);
#5069=ORIENTED_EDGE('',*,*,#4069,.F.);
#5070=ORIENTED_EDGE('',*,*,#4070,.T.);
#5071=ORIENTED_EDGE('',*,*,#4071,.F.);
#5072=ORIENTED_EDGE('',*,*,#4072,.T.);
#5073=ORIENTED_EDGE('',*,*,#4073,.T.);
#5074=ORIENTED_EDGE('',*,*,#4074,.F.);
#5075=ORIENTED_EDGE('',*,*,#4075,.F.);
#5076=ORIENTED_EDGE('',*,*,#4076,.T.);
#5077=ORIENTED_EDGE('',*,*,#4077,.F.);
#5078=ORIENTED_EDGE('',*,*,#4078,.F.);
#5079=ORIENTED_EDGE('',*,*,#4079,.T.);
#5080=ORIENTED_EDGE('',*,*,#4080,.F.);
#5081=ORIENTED_EDGE('',*,*,#4081,.F.);
#5082=ORIENTED_EDGE('',*,*,#4082,.T.);
#5083=ORIENTED_EDGE('',*,*,#4083,.F.);
#5084=ORIENTED_EDGE('',*,*,#4084,.F.);
#5085=ORIENTED_EDGE('',*,*,#4085,.T.);
#5086=ORIENTED_EDGE('',*,*,#4051,.T.);
#5087=ORIENTED_EDGE('',*,*,#4053,.T.);
#5088=ORIENTED_EDGE('',*,*,#4086,.F.);
#5089=ORIENTED_EDGE('',*,*,#4079,.F.);
#5090=ORIENTED_EDGE('',*,*,#4087,.F.);
#5091=ORIENTED_EDGE('',*,*,#4065,.T.);
#5092=ORIENTED_EDGE('',*,*,#4086,.T.);
#5093=ORIENTED_EDGE('',*,*,#4087,.T.);
#5094=ORIENTED_EDGE('',*,*,#4088,.F.);
#5095=ORIENTED_EDGE('',*,*,#4088,.T.);
#5096=ORIENTED_EDGE('',*,*,#4078,.T.);
#5097=ORIENTED_EDGE('',*,*,#4089,.F.);
#5098=ORIENTED_EDGE('',*,*,#4090,.F.);
#5099=ORIENTED_EDGE('',*,*,#4091,.F.);
#5100=ORIENTED_EDGE('',*,*,#4092,.T.);
#5101=ORIENTED_EDGE('',*,*,#4093,.T.);
#5102=ORIENTED_EDGE('',*,*,#4094,.T.);
#5103=ORIENTED_EDGE('',*,*,#4031,.F.);
#5104=ORIENTED_EDGE('',*,*,#4016,.F.);
#5105=ORIENTED_EDGE('',*,*,#4095,.T.);
#5106=ORIENTED_EDGE('',*,*,#4096,.T.);
#5107=ORIENTED_EDGE('',*,*,#4097,.T.);
#5108=ORIENTED_EDGE('',*,*,#4098,.T.);
#5109=ORIENTED_EDGE('',*,*,#4092,.F.);
#5110=ORIENTED_EDGE('',*,*,#4099,.T.);
#5111=ORIENTED_EDGE('',*,*,#4100,.F.);
#5112=ORIENTED_EDGE('',*,*,#4101,.F.);
#5113=ORIENTED_EDGE('',*,*,#4102,.F.);
#5114=ORIENTED_EDGE('',*,*,#4103,.T.);
#5115=ORIENTED_EDGE('',*,*,#4104,.T.);
#5116=ORIENTED_EDGE('',*,*,#4105,.T.);
#5117=ORIENTED_EDGE('',*,*,#4106,.F.);
#5118=ORIENTED_EDGE('',*,*,#4104,.F.);
#5119=ORIENTED_EDGE('',*,*,#4107,.F.);
#5120=ORIENTED_EDGE('',*,*,#4108,.F.);
#5121=ORIENTED_EDGE('',*,*,#4080,.T.);
#5122=ORIENTED_EDGE('',*,*,#4109,.F.);
#5123=ORIENTED_EDGE('',*,*,#4100,.T.);
#5124=ORIENTED_EDGE('',*,*,#4102,.T.);
#5125=ORIENTED_EDGE('',*,*,#4109,.T.);
#5126=ORIENTED_EDGE('',*,*,#4110,.T.);
#5127=ORIENTED_EDGE('',*,*,#4007,.F.);
#5128=ORIENTED_EDGE('',*,*,#4110,.F.);
#5129=ORIENTED_EDGE('',*,*,#4106,.T.);
#5130=ORIENTED_EDGE('',*,*,#4111,.T.);
#5131=ORIENTED_EDGE('',*,*,#4112,.T.);
#5132=ORIENTED_EDGE('',*,*,#4113,.T.);
#5133=ORIENTED_EDGE('',*,*,#4111,.F.);
#5134=ORIENTED_EDGE('',*,*,#4001,.F.);
#5135=ORIENTED_EDGE('',*,*,#4114,.T.);
#5136=ORIENTED_EDGE('',*,*,#4115,.T.);
#5137=ORIENTED_EDGE('',*,*,#4116,.T.);
#5138=ORIENTED_EDGE('',*,*,#4117,.T.);
#5139=ORIENTED_EDGE('',*,*,#4082,.F.);
#5140=ORIENTED_EDGE('',*,*,#4118,.T.);
#5141=ORIENTED_EDGE('',*,*,#4119,.T.);
#5142=ORIENTED_EDGE('',*,*,#4116,.F.);
#5143=ORIENTED_EDGE('',*,*,#4120,.T.);
#5144=ORIENTED_EDGE('',*,*,#4121,.F.);
#5145=ORIENTED_EDGE('',*,*,#4122,.F.);
#5146=ORIENTED_EDGE('',*,*,#4123,.T.);
#5147=ORIENTED_EDGE('',*,*,#4124,.F.);
#5148=ORIENTED_EDGE('',*,*,#4125,.T.);
#5149=ORIENTED_EDGE('',*,*,#4126,.F.);
#5150=ORIENTED_EDGE('',*,*,#4127,.F.);
#5151=ORIENTED_EDGE('',*,*,#4128,.T.);
#5152=ORIENTED_EDGE('',*,*,#4129,.F.);
#5153=ORIENTED_EDGE('',*,*,#4130,.T.);
#5154=ORIENTED_EDGE('',*,*,#4125,.F.);
#5155=ORIENTED_EDGE('',*,*,#4131,.T.);
#5156=ORIENTED_EDGE('',*,*,#4132,.F.);
#5157=ORIENTED_EDGE('',*,*,#4133,.T.);
#5158=ORIENTED_EDGE('',*,*,#4134,.F.);
#5159=ORIENTED_EDGE('',*,*,#4135,.T.);
#5160=ORIENTED_EDGE('',*,*,#4136,.F.);
#5161=ORIENTED_EDGE('',*,*,#4137,.F.);
#5162=ORIENTED_EDGE('',*,*,#4136,.T.);
#5163=ORIENTED_EDGE('',*,*,#4138,.F.);
#5164=ORIENTED_EDGE('',*,*,#4131,.F.);
#5165=ORIENTED_EDGE('',*,*,#4139,.T.);
#5166=ORIENTED_EDGE('',*,*,#4140,.F.);
#5167=ORIENTED_EDGE('',*,*,#4141,.F.);
#5168=ORIENTED_EDGE('',*,*,#4142,.T.);
#5169=ORIENTED_EDGE('',*,*,#4143,.T.);
#5170=ORIENTED_EDGE('',*,*,#4144,.F.);
#5171=ORIENTED_EDGE('',*,*,#4145,.T.);
#5172=ORIENTED_EDGE('',*,*,#4146,.F.);
#5173=ORIENTED_EDGE('',*,*,#4147,.T.);
#5174=ORIENTED_EDGE('',*,*,#4148,.T.);
#5175=ORIENTED_EDGE('',*,*,#4072,.F.);
#5176=ORIENTED_EDGE('',*,*,#4149,.T.);
#5177=ORIENTED_EDGE('',*,*,#4150,.F.);
#5178=ORIENTED_EDGE('',*,*,#4151,.F.);
#5179=ORIENTED_EDGE('',*,*,#4152,.T.);
#5180=ORIENTED_EDGE('',*,*,#4153,.T.);
#5181=ORIENTED_EDGE('',*,*,#4154,.F.);
#5182=ORIENTED_EDGE('',*,*,#3827,.T.);
#5183=ORIENTED_EDGE('',*,*,#4155,.F.);
#5184=ORIENTED_EDGE('',*,*,#4156,.T.);
#5185=ORIENTED_EDGE('',*,*,#4156,.F.);
#5186=ORIENTED_EDGE('',*,*,#4153,.F.);
#5187=ORIENTED_EDGE('',*,*,#4157,.T.);
#5188=ORIENTED_EDGE('',*,*,#4157,.F.);
#5189=ORIENTED_EDGE('',*,*,#4158,.F.);
#5190=ORIENTED_EDGE('',*,*,#3828,.T.);
#5191=ORIENTED_EDGE('',*,*,#4152,.F.);
#5192=ORIENTED_EDGE('',*,*,#4159,.F.);
#5193=ORIENTED_EDGE('',*,*,#4158,.T.);
#5194=ORIENTED_EDGE('',*,*,#4159,.T.);
#5195=ORIENTED_EDGE('',*,*,#4160,.F.);
#5196=ORIENTED_EDGE('',*,*,#3829,.T.);
#5197=ORIENTED_EDGE('',*,*,#4058,.F.);
#5198=ORIENTED_EDGE('',*,*,#4161,.T.);
#5199=ORIENTED_EDGE('',*,*,#4060,.T.);
#5200=ORIENTED_EDGE('',*,*,#4162,.T.);
#5201=ORIENTED_EDGE('',*,*,#4160,.T.);
#5202=ORIENTED_EDGE('',*,*,#4161,.F.);
#5203=ORIENTED_EDGE('',*,*,#4162,.F.);
#5204=ORIENTED_EDGE('',*,*,#4044,.T.);
#5205=ORIENTED_EDGE('',*,*,#3830,.T.);
#5206=ORIENTED_EDGE('',*,*,#3824,.F.);
#5207=ORIENTED_EDGE('',*,*,#4163,.T.);
#5208=ORIENTED_EDGE('',*,*,#4164,.T.);
#5209=ORIENTED_EDGE('',*,*,#3889,.F.);
#5210=ORIENTED_EDGE('',*,*,#4165,.T.);
#5211=ORIENTED_EDGE('',*,*,#4166,.T.);
#5212=ORIENTED_EDGE('',*,*,#4167,.F.);
#5213=ORIENTED_EDGE('',*,*,#4168,.T.);
#5214=ORIENTED_EDGE('',*,*,#3885,.F.);
#5215=ORIENTED_EDGE('',*,*,#4169,.T.);
#5216=ORIENTED_EDGE('',*,*,#4170,.T.);
#5217=ORIENTED_EDGE('',*,*,#4171,.F.);
#5218=ORIENTED_EDGE('',*,*,#4042,.F.);
#5219=ORIENTED_EDGE('',*,*,#4046,.T.);
#5220=ORIENTED_EDGE('',*,*,#4043,.T.);
#5221=ORIENTED_EDGE('',*,*,#4172,.F.);
#5222=ORIENTED_EDGE('',*,*,#4172,.T.);
#5223=ORIENTED_EDGE('',*,*,#4171,.T.);
#5224=ORIENTED_EDGE('',*,*,#4173,.F.);
#5225=ORIENTED_EDGE('',*,*,#4173,.T.);
#5226=ORIENTED_EDGE('',*,*,#4174,.T.);
#5227=ORIENTED_EDGE('',*,*,#4163,.F.);
#5228=ORIENTED_EDGE('',*,*,#4170,.F.);
#5229=ORIENTED_EDGE('',*,*,#4175,.T.);
#5230=ORIENTED_EDGE('',*,*,#4174,.F.);
#5231=ORIENTED_EDGE('',*,*,#4165,.F.);
#5232=ORIENTED_EDGE('',*,*,#4164,.F.);
#5233=ORIENTED_EDGE('',*,*,#4176,.T.);
#5234=ORIENTED_EDGE('',*,*,#4175,.F.);
#5235=ORIENTED_EDGE('',*,*,#4177,.T.);
#5236=ORIENTED_EDGE('',*,*,#4176,.F.);
#5237=ORIENTED_EDGE('',*,*,#4177,.F.);
#5238=ORIENTED_EDGE('',*,*,#4178,.T.);
#5239=ORIENTED_EDGE('',*,*,#4166,.F.);
#5240=ORIENTED_EDGE('',*,*,#4179,.F.);
#5241=ORIENTED_EDGE('',*,*,#4180,.T.);
#5242=ORIENTED_EDGE('',*,*,#4181,.F.);
#5243=ORIENTED_EDGE('',*,*,#4180,.F.);
#5244=ORIENTED_EDGE('',*,*,#4182,.T.);
#5245=ORIENTED_EDGE('',*,*,#4183,.F.);
#5246=ORIENTED_EDGE('',*,*,#4033,.T.);
#5247=ORIENTED_EDGE('',*,*,#4184,.T.);
#5248=ORIENTED_EDGE('',*,*,#4185,.F.);
#5249=ORIENTED_EDGE('',*,*,#4026,.T.);
#5250=ORIENTED_EDGE('',*,*,#4186,.F.);
#5251=ORIENTED_EDGE('',*,*,#4184,.F.);
#5252=ORIENTED_EDGE('',*,*,#4187,.F.);
#5253=ORIENTED_EDGE('',*,*,#4028,.F.);
#5254=ORIENTED_EDGE('',*,*,#4188,.T.);
#5255=ORIENTED_EDGE('',*,*,#4188,.F.);
#5256=ORIENTED_EDGE('',*,*,#4189,.T.);
#5257=ORIENTED_EDGE('',*,*,#4190,.F.);
#5258=ORIENTED_EDGE('',*,*,#4023,.T.);
#5259=ORIENTED_EDGE('',*,*,#4191,.F.);
#5260=ORIENTED_EDGE('',*,*,#4189,.F.);
#5261=ORIENTED_EDGE('',*,*,#4192,.F.);
#5262=ORIENTED_EDGE('',*,*,#4025,.F.);
#5263=ORIENTED_EDGE('',*,*,#4193,.T.);
#5264=ORIENTED_EDGE('',*,*,#4194,.T.);
#5265=ORIENTED_EDGE('',*,*,#4195,.F.);
#5266=ORIENTED_EDGE('',*,*,#4193,.F.);
#5267=ORIENTED_EDGE('',*,*,#4196,.T.);
#5268=ORIENTED_EDGE('',*,*,#4197,.F.);
#5269=ORIENTED_EDGE('',*,*,#4194,.F.);
#5270=ORIENTED_EDGE('',*,*,#4198,.T.);
#5271=ORIENTED_EDGE('',*,*,#4199,.F.);
#5272=ORIENTED_EDGE('',*,*,#4196,.F.);
#5273=ORIENTED_EDGE('',*,*,#4198,.F.);
#5274=ORIENTED_EDGE('',*,*,#4200,.T.);
#5275=ORIENTED_EDGE('',*,*,#4201,.F.);
#5276=ORIENTED_EDGE('',*,*,#4202,.F.);
#5277=ORIENTED_EDGE('',*,*,#4203,.F.);
#5278=ORIENTED_EDGE('',*,*,#4204,.T.);
#5279=ORIENTED_EDGE('',*,*,#4205,.T.);
#5280=ORIENTED_EDGE('',*,*,#4206,.F.);
#5281=ORIENTED_EDGE('',*,*,#4207,.F.);
#5282=ORIENTED_EDGE('',*,*,#4208,.T.);
#5283=ORIENTED_EDGE('',*,*,#4206,.T.);
#5284=ORIENTED_EDGE('',*,*,#4209,.F.);
#5285=ORIENTED_EDGE('',*,*,#3873,.F.);
#5286=ORIENTED_EDGE('',*,*,#4210,.T.);
#5287=ORIENTED_EDGE('',*,*,#4211,.T.);
#5288=ORIENTED_EDGE('',*,*,#4209,.T.);
#5289=ORIENTED_EDGE('',*,*,#4212,.T.);
#5290=ORIENTED_EDGE('',*,*,#4210,.F.);
#5291=ORIENTED_EDGE('',*,*,#4205,.F.);
#5292=ORIENTED_EDGE('',*,*,#4213,.T.);
#5293=ORIENTED_EDGE('',*,*,#4212,.F.);
#5294=ORIENTED_EDGE('',*,*,#4213,.F.);
#5295=ORIENTED_EDGE('',*,*,#4022,.T.);
#5296=ORIENTED_EDGE('',*,*,#4214,.F.);
#5297=ORIENTED_EDGE('',*,*,#4215,.F.);
#5298=ORIENTED_EDGE('',*,*,#4211,.F.);
#5299=ORIENTED_EDGE('',*,*,#4214,.T.);
#5300=ORIENTED_EDGE('',*,*,#4215,.T.);
#5301=ORIENTED_EDGE('',*,*,#4216,.T.);
#5302=ORIENTED_EDGE('',*,*,#3871,.F.);
#5303=ORIENTED_EDGE('',*,*,#3869,.F.);
#5304=ORIENTED_EDGE('',*,*,#4217,.T.);
#5305=ORIENTED_EDGE('',*,*,#4218,.T.);
#5306=ORIENTED_EDGE('',*,*,#3867,.F.);
#5307=ORIENTED_EDGE('',*,*,#4219,.T.);
#5308=ORIENTED_EDGE('',*,*,#4220,.T.);
#5309=ORIENTED_EDGE('',*,*,#4221,.T.);
#5310=ORIENTED_EDGE('',*,*,#3865,.F.);
#5311=ORIENTED_EDGE('',*,*,#4222,.T.);
#5312=ORIENTED_EDGE('',*,*,#3863,.F.);
#5313=ORIENTED_EDGE('',*,*,#4223,.T.);
#5314=ORIENTED_EDGE('',*,*,#4224,.T.);
#5315=ORIENTED_EDGE('',*,*,#3861,.F.);
#5316=ORIENTED_EDGE('',*,*,#4225,.T.);
#5317=ORIENTED_EDGE('',*,*,#4226,.T.);
#5318=ORIENTED_EDGE('',*,*,#4227,.F.);
#5319=ORIENTED_EDGE('',*,*,#4228,.T.);
#5320=ORIENTED_EDGE('',*,*,#3919,.T.);
#5321=ORIENTED_EDGE('',*,*,#4229,.T.);
#5322=ORIENTED_EDGE('',*,*,#4230,.F.);
#5323=ORIENTED_EDGE('',*,*,#4231,.T.);
#5324=ORIENTED_EDGE('',*,*,#3923,.F.);
#5325=ORIENTED_EDGE('',*,*,#3920,.T.);
#5326=ORIENTED_EDGE('',*,*,#4232,.T.);
#5327=ORIENTED_EDGE('',*,*,#4232,.F.);
#5328=ORIENTED_EDGE('',*,*,#4228,.F.);
#5329=ORIENTED_EDGE('',*,*,#4233,.T.);
#5330=ORIENTED_EDGE('',*,*,#4234,.F.);
#5331=ORIENTED_EDGE('',*,*,#4235,.T.);
#5332=ORIENTED_EDGE('',*,*,#4236,.T.);
#5333=ORIENTED_EDGE('',*,*,#4231,.F.);
#5334=ORIENTED_EDGE('',*,*,#4237,.F.);
#5335=ORIENTED_EDGE('',*,*,#4238,.T.);
#5336=ORIENTED_EDGE('',*,*,#4239,.F.);
#5337=ORIENTED_EDGE('',*,*,#4240,.T.);
#5338=ORIENTED_EDGE('',*,*,#4237,.T.);
#5339=ORIENTED_EDGE('',*,*,#4241,.F.);
#5340=ORIENTED_EDGE('',*,*,#4242,.T.);
#5341=ORIENTED_EDGE('',*,*,#4239,.T.);
#5342=ORIENTED_EDGE('',*,*,#4243,.T.);
#5343=ORIENTED_EDGE('',*,*,#4244,.T.);
#5344=ORIENTED_EDGE('',*,*,#4242,.F.);
#5345=ORIENTED_EDGE('',*,*,#4245,.T.);
#5346=ORIENTED_EDGE('',*,*,#4246,.T.);
#5347=ORIENTED_EDGE('',*,*,#4243,.F.);
#5348=ORIENTED_EDGE('',*,*,#4247,.T.);
#5349=ORIENTED_EDGE('',*,*,#4248,.T.);
#5350=ORIENTED_EDGE('',*,*,#4245,.F.);
#5351=ORIENTED_EDGE('',*,*,#4249,.T.);
#5352=ORIENTED_EDGE('',*,*,#4250,.F.);
#5353=ORIENTED_EDGE('',*,*,#4251,.F.);
#5354=ORIENTED_EDGE('',*,*,#4252,.T.);
#5355=ORIENTED_EDGE('',*,*,#4249,.F.);
#5356=ORIENTED_EDGE('',*,*,#4253,.T.);
#5357=ORIENTED_EDGE('',*,*,#4254,.T.);
#5358=ORIENTED_EDGE('',*,*,#4255,.T.);
#5359=ORIENTED_EDGE('',*,*,#4256,.F.);
#5360=ORIENTED_EDGE('',*,*,#4257,.T.);
#5361=ORIENTED_EDGE('',*,*,#4258,.T.);
#5362=ORIENTED_EDGE('',*,*,#4254,.F.);
#5363=ORIENTED_EDGE('',*,*,#4259,.T.);
#5364=ORIENTED_EDGE('',*,*,#4260,.T.);
#5365=ORIENTED_EDGE('',*,*,#4257,.F.);
#5366=ORIENTED_EDGE('',*,*,#4261,.T.);
#5367=ORIENTED_EDGE('',*,*,#4262,.T.);
#5368=ORIENTED_EDGE('',*,*,#4259,.F.);
#5369=ORIENTED_EDGE('',*,*,#4261,.F.);
#5370=ORIENTED_EDGE('',*,*,#4263,.F.);
#5371=ORIENTED_EDGE('',*,*,#4264,.T.);
#5372=ORIENTED_EDGE('',*,*,#4263,.T.);
#5373=ORIENTED_EDGE('',*,*,#4265,.F.);
#5374=ORIENTED_EDGE('',*,*,#4266,.T.);
#5375=ORIENTED_EDGE('',*,*,#4266,.F.);
#5376=ORIENTED_EDGE('',*,*,#4267,.F.);
#5377=ORIENTED_EDGE('',*,*,#4268,.T.);
#5378=ORIENTED_EDGE('',*,*,#4269,.F.);
#5379=ORIENTED_EDGE('',*,*,#4270,.T.);
#5380=ORIENTED_EDGE('',*,*,#4267,.T.);
#5381=ORIENTED_EDGE('',*,*,#4271,.F.);
#5382=ORIENTED_EDGE('',*,*,#4272,.T.);
#5383=ORIENTED_EDGE('',*,*,#4270,.F.);
#5384=ORIENTED_EDGE('',*,*,#4273,.T.);
#5385=ORIENTED_EDGE('',*,*,#4274,.F.);
#5386=ORIENTED_EDGE('',*,*,#4275,.F.);
#5387=ORIENTED_EDGE('',*,*,#4276,.T.);
#5388=ORIENTED_EDGE('',*,*,#4277,.F.);
#5389=ORIENTED_EDGE('',*,*,#4278,.F.);
#5390=ORIENTED_EDGE('',*,*,#4279,.T.);
#5391=ORIENTED_EDGE('',*,*,#4280,.F.);
#5392=ORIENTED_EDGE('',*,*,#4281,.F.);
#5393=ORIENTED_EDGE('',*,*,#4235,.F.);
#5394=ORIENTED_EDGE('',*,*,#4282,.T.);
#5395=ORIENTED_EDGE('',*,*,#4283,.T.);
#5396=ORIENTED_EDGE('',*,*,#4284,.F.);
#5397=ORIENTED_EDGE('',*,*,#4285,.T.);
#5398=ORIENTED_EDGE('',*,*,#4286,.T.);
#5399=ORIENTED_EDGE('',*,*,#4287,.T.);
#5400=ORIENTED_EDGE('',*,*,#4288,.F.);
#5401=ORIENTED_EDGE('',*,*,#4289,.F.);
#5402=ORIENTED_EDGE('',*,*,#4236,.F.);
#5403=ORIENTED_EDGE('',*,*,#4284,.T.);
#5404=ORIENTED_EDGE('',*,*,#4290,.T.);
#5405=ORIENTED_EDGE('',*,*,#4290,.F.);
#5406=ORIENTED_EDGE('',*,*,#4291,.T.);
#5407=ORIENTED_EDGE('',*,*,#3934,.T.);
#5408=ORIENTED_EDGE('',*,*,#4292,.T.);
#5409=ORIENTED_EDGE('',*,*,#4291,.F.);
#5410=ORIENTED_EDGE('',*,*,#4286,.F.);
#5411=ORIENTED_EDGE('',*,*,#4292,.F.);
#5412=ORIENTED_EDGE('',*,*,#4293,.T.);
#5413=ORIENTED_EDGE('',*,*,#4294,.T.);
#5414=ORIENTED_EDGE('',*,*,#4295,.T.);
#5415=ORIENTED_EDGE('',*,*,#4296,.F.);
#5416=ORIENTED_EDGE('',*,*,#4287,.F.);
#5417=ORIENTED_EDGE('',*,*,#4297,.T.);
#5418=ORIENTED_EDGE('',*,*,#4298,.T.);
#5419=ORIENTED_EDGE('',*,*,#4299,.F.);
#5420=ORIENTED_EDGE('',*,*,#4300,.F.);
#5421=ORIENTED_EDGE('',*,*,#4301,.F.);
#5422=ORIENTED_EDGE('',*,*,#4002,.T.);
#5423=ORIENTED_EDGE('',*,*,#4302,.T.);
#5424=ORIENTED_EDGE('',*,*,#4303,.T.);
#5425=ORIENTED_EDGE('',*,*,#4304,.F.);
#5426=ORIENTED_EDGE('',*,*,#4305,.F.);
#5427=ORIENTED_EDGE('',*,*,#4306,.F.);
#5428=ORIENTED_EDGE('',*,*,#4299,.T.);
#5429=ORIENTED_EDGE('',*,*,#4307,.F.);
#5430=ORIENTED_EDGE('',*,*,#4308,.T.);
#5431=ORIENTED_EDGE('',*,*,#4309,.T.);
#5432=ORIENTED_EDGE('',*,*,#4309,.F.);
#5433=ORIENTED_EDGE('',*,*,#4310,.F.);
#5434=ORIENTED_EDGE('',*,*,#4311,.T.);
#5435=ORIENTED_EDGE('',*,*,#4312,.T.);
#5436=ORIENTED_EDGE('',*,*,#4313,.T.);
#5437=ORIENTED_EDGE('',*,*,#4314,.F.);
#5438=ORIENTED_EDGE('',*,*,#4315,.T.);
#5439=ORIENTED_EDGE('',*,*,#4312,.F.);
#5440=ORIENTED_EDGE('',*,*,#4316,.F.);
#5441=ORIENTED_EDGE('',*,*,#4317,.F.);
#5442=ORIENTED_EDGE('',*,*,#4318,.F.);
#5443=ORIENTED_EDGE('',*,*,#4011,.T.);
#5444=ORIENTED_EDGE('',*,*,#4319,.T.);
#5445=ORIENTED_EDGE('',*,*,#4320,.T.);
#5446=ORIENTED_EDGE('',*,*,#4321,.F.);
#5447=ORIENTED_EDGE('',*,*,#4322,.T.);
#5448=ORIENTED_EDGE('',*,*,#4323,.T.);
#5449=ORIENTED_EDGE('',*,*,#4324,.F.);
#5450=ORIENTED_EDGE('',*,*,#4325,.F.);
#5451=ORIENTED_EDGE('',*,*,#4320,.F.);
#5452=ORIENTED_EDGE('',*,*,#4316,.T.);
#5453=ORIENTED_EDGE('',*,*,#4325,.T.);
#5454=ORIENTED_EDGE('',*,*,#4314,.T.);
#5455=ORIENTED_EDGE('',*,*,#4326,.F.);
#5456=ORIENTED_EDGE('',*,*,#4326,.T.);
#5457=ORIENTED_EDGE('',*,*,#4310,.T.);
#5458=ORIENTED_EDGE('',*,*,#4327,.F.);
#5459=ORIENTED_EDGE('',*,*,#4327,.T.);
#5460=ORIENTED_EDGE('',*,*,#4328,.T.);
#5461=ORIENTED_EDGE('',*,*,#4329,.F.);
#5462=ORIENTED_EDGE('',*,*,#4330,.F.);
#5463=ORIENTED_EDGE('',*,*,#4328,.F.);
#5464=ORIENTED_EDGE('',*,*,#4305,.T.);
#5465=ORIENTED_EDGE('',*,*,#4295,.F.);
#5466=ORIENTED_EDGE('',*,*,#4331,.F.);
#5467=ORIENTED_EDGE('',*,*,#4330,.T.);
#5468=ORIENTED_EDGE('',*,*,#4329,.T.);
#5469=ORIENTED_EDGE('',*,*,#4331,.T.);
#5470=ORIENTED_EDGE('',*,*,#4332,.F.);
#5471=ORIENTED_EDGE('',*,*,#4333,.F.);
#5472=ORIENTED_EDGE('',*,*,#4334,.F.);
#5473=ORIENTED_EDGE('',*,*,#4332,.T.);
#5474=ORIENTED_EDGE('',*,*,#4335,.F.);
#5475=ORIENTED_EDGE('',*,*,#4336,.T.);
#5476=ORIENTED_EDGE('',*,*,#4337,.F.);
#5477=ORIENTED_EDGE('',*,*,#4338,.T.);
#5478=ORIENTED_EDGE('',*,*,#4339,.F.);
#5479=ORIENTED_EDGE('',*,*,#4340,.F.);
#5480=ORIENTED_EDGE('',*,*,#4341,.T.);
#5481=ORIENTED_EDGE('',*,*,#4342,.F.);
#5482=ORIENTED_EDGE('',*,*,#4343,.T.);
#5483=ORIENTED_EDGE('',*,*,#4344,.F.);
#5484=ORIENTED_EDGE('',*,*,#4345,.T.);
#5485=ORIENTED_EDGE('',*,*,#4346,.F.);
#5486=ORIENTED_EDGE('',*,*,#4347,.T.);
#5487=ORIENTED_EDGE('',*,*,#4348,.T.);
#5488=ORIENTED_EDGE('',*,*,#4349,.F.);
#5489=ORIENTED_EDGE('',*,*,#4350,.T.);
#5490=ORIENTED_EDGE('',*,*,#4351,.T.);
#5491=ORIENTED_EDGE('',*,*,#4347,.F.);
#5492=ORIENTED_EDGE('',*,*,#4350,.F.);
#5493=ORIENTED_EDGE('',*,*,#4216,.F.);
#5494=ORIENTED_EDGE('',*,*,#4352,.T.);
#5495=ORIENTED_EDGE('',*,*,#4353,.T.);
#5496=ORIENTED_EDGE('',*,*,#4352,.F.);
#5497=ORIENTED_EDGE('',*,*,#4021,.T.);
#5498=ORIENTED_EDGE('',*,*,#4354,.T.);
#5499=ORIENTED_EDGE('',*,*,#4351,.F.);
#5500=ORIENTED_EDGE('',*,*,#4353,.F.);
#5501=ORIENTED_EDGE('',*,*,#4354,.F.);
#5502=ORIENTED_EDGE('',*,*,#4355,.T.);
#5503=ORIENTED_EDGE('',*,*,#4348,.F.);
#5504=ORIENTED_EDGE('',*,*,#4355,.F.);
#5505=ORIENTED_EDGE('',*,*,#4017,.T.);
#5506=ORIENTED_EDGE('',*,*,#4356,.T.);
#5507=ORIENTED_EDGE('',*,*,#4357,.F.);
#5508=ORIENTED_EDGE('',*,*,#4356,.F.);
#5509=ORIENTED_EDGE('',*,*,#4344,.T.);
#5510=ORIENTED_EDGE('',*,*,#4349,.T.);
#5511=ORIENTED_EDGE('',*,*,#4357,.T.);
#5512=ORIENTED_EDGE('',*,*,#4358,.F.);
#5513=ORIENTED_EDGE('',*,*,#4358,.T.);
#5514=ORIENTED_EDGE('',*,*,#4346,.T.);
#5515=ORIENTED_EDGE('',*,*,#4359,.F.);
#5516=ORIENTED_EDGE('',*,*,#4359,.T.);
#5517=ORIENTED_EDGE('',*,*,#4360,.T.);
#5518=ORIENTED_EDGE('',*,*,#4217,.F.);
#5519=ORIENTED_EDGE('',*,*,#4345,.F.);
#5520=ORIENTED_EDGE('',*,*,#4361,.T.);
#5521=ORIENTED_EDGE('',*,*,#4360,.F.);
#5522=ORIENTED_EDGE('',*,*,#4361,.F.);
#5523=ORIENTED_EDGE('',*,*,#4362,.T.);
#5524=ORIENTED_EDGE('',*,*,#4363,.F.);
#5525=ORIENTED_EDGE('',*,*,#4218,.F.);
#5526=ORIENTED_EDGE('',*,*,#4363,.T.);
#5527=ORIENTED_EDGE('',*,*,#4364,.F.);
#5528=ORIENTED_EDGE('',*,*,#4364,.T.);
#5529=ORIENTED_EDGE('',*,*,#4365,.T.);
#5530=ORIENTED_EDGE('',*,*,#4219,.F.);
#5531=ORIENTED_EDGE('',*,*,#4362,.F.);
#5532=ORIENTED_EDGE('',*,*,#4366,.T.);
#5533=ORIENTED_EDGE('',*,*,#4365,.F.);
#5534=ORIENTED_EDGE('',*,*,#4222,.F.);
#5535=ORIENTED_EDGE('',*,*,#4220,.F.);
#5536=ORIENTED_EDGE('',*,*,#4367,.T.);
#5537=ORIENTED_EDGE('',*,*,#4366,.F.);
#5538=ORIENTED_EDGE('',*,*,#4368,.T.);
#5539=ORIENTED_EDGE('',*,*,#4367,.F.);
#5540=ORIENTED_EDGE('',*,*,#4369,.T.);
#5541=ORIENTED_EDGE('',*,*,#4370,.F.);
#5542=ORIENTED_EDGE('',*,*,#4341,.F.);
#5543=ORIENTED_EDGE('',*,*,#4371,.T.);
#5544=ORIENTED_EDGE('',*,*,#4372,.F.);
#5545=ORIENTED_EDGE('',*,*,#4339,.T.);
#5546=ORIENTED_EDGE('',*,*,#4271,.T.);
#5547=ORIENTED_EDGE('',*,*,#4226,.F.);
#5548=ORIENTED_EDGE('',*,*,#4373,.T.);
#5549=ORIENTED_EDGE('',*,*,#4374,.F.);
#5550=ORIENTED_EDGE('',*,*,#4275,.T.);
#5551=ORIENTED_EDGE('',*,*,#4373,.F.);
#5552=ORIENTED_EDGE('',*,*,#4371,.F.);
#5553=ORIENTED_EDGE('',*,*,#4374,.T.);
#5554=ORIENTED_EDGE('',*,*,#4375,.F.);
#5555=ORIENTED_EDGE('',*,*,#4376,.T.);
#5556=ORIENTED_EDGE('',*,*,#4375,.T.);
#5557=ORIENTED_EDGE('',*,*,#4225,.F.);
#5558=ORIENTED_EDGE('',*,*,#4377,.T.);
#5559=ORIENTED_EDGE('',*,*,#4372,.T.);
#5560=ORIENTED_EDGE('',*,*,#4376,.F.);
#5561=ORIENTED_EDGE('',*,*,#4377,.F.);
#5562=ORIENTED_EDGE('',*,*,#4224,.F.);
#5563=ORIENTED_EDGE('',*,*,#4378,.T.);
#5564=ORIENTED_EDGE('',*,*,#4379,.F.);
#5565=ORIENTED_EDGE('',*,*,#4340,.T.);
#5566=ORIENTED_EDGE('',*,*,#4378,.F.);
#5567=ORIENTED_EDGE('',*,*,#4369,.F.);
#5568=ORIENTED_EDGE('',*,*,#4379,.T.);
#5569=ORIENTED_EDGE('',*,*,#4380,.F.);
#5570=ORIENTED_EDGE('',*,*,#4381,.T.);
#5571=ORIENTED_EDGE('',*,*,#4380,.T.);
#5572=ORIENTED_EDGE('',*,*,#4223,.F.);
#5573=ORIENTED_EDGE('',*,*,#4382,.T.);
#5574=ORIENTED_EDGE('',*,*,#4370,.T.);
#5575=ORIENTED_EDGE('',*,*,#4381,.F.);
#5576=ORIENTED_EDGE('',*,*,#4383,.T.);
#5577=ORIENTED_EDGE('',*,*,#4342,.T.);
#5578=ORIENTED_EDGE('',*,*,#4382,.F.);
#5579=ORIENTED_EDGE('',*,*,#4383,.F.);
#5580=ORIENTED_EDGE('',*,*,#4221,.F.);
#5581=ORIENTED_EDGE('',*,*,#4384,.T.);
#5582=ORIENTED_EDGE('',*,*,#4368,.F.);
#5583=ORIENTED_EDGE('',*,*,#4385,.T.);
#5584=ORIENTED_EDGE('',*,*,#4384,.F.);
#5585=ORIENTED_EDGE('',*,*,#4386,.T.);
#5586=ORIENTED_EDGE('',*,*,#4343,.F.);
#5587=ORIENTED_EDGE('',*,*,#4385,.F.);
#5588=ORIENTED_EDGE('',*,*,#4386,.F.);
#5589=ORIENTED_EDGE('',*,*,#4019,.T.);
#5590=ORIENTED_EDGE('',*,*,#4387,.T.);
#5591=ORIENTED_EDGE('',*,*,#4338,.F.);
#5592=ORIENTED_EDGE('',*,*,#4387,.F.);
#5593=ORIENTED_EDGE('',*,*,#4388,.T.);
#5594=ORIENTED_EDGE('',*,*,#4333,.T.);
#5595=ORIENTED_EDGE('',*,*,#4389,.F.);
#5596=ORIENTED_EDGE('',*,*,#4390,.F.);
#5597=ORIENTED_EDGE('',*,*,#4391,.F.);
#5598=ORIENTED_EDGE('',*,*,#4389,.T.);
#5599=ORIENTED_EDGE('',*,*,#4289,.T.);
#5600=ORIENTED_EDGE('',*,*,#4279,.F.);
#5601=ORIENTED_EDGE('',*,*,#4392,.T.);
#5602=ORIENTED_EDGE('',*,*,#4391,.T.);
#5603=ORIENTED_EDGE('',*,*,#4390,.T.);
#5604=ORIENTED_EDGE('',*,*,#4392,.F.);
#5605=ORIENTED_EDGE('',*,*,#4393,.F.);
#5606=ORIENTED_EDGE('',*,*,#4393,.T.);
#5607=ORIENTED_EDGE('',*,*,#4276,.F.);
#5608=ORIENTED_EDGE('',*,*,#4394,.F.);
#5609=ORIENTED_EDGE('',*,*,#4395,.F.);
#5610=ORIENTED_EDGE('',*,*,#4337,.T.);
#5611=ORIENTED_EDGE('',*,*,#4394,.T.);
#5612=ORIENTED_EDGE('',*,*,#4395,.T.);
#5613=ORIENTED_EDGE('',*,*,#4278,.T.);
#5614=ORIENTED_EDGE('',*,*,#4396,.F.);
#5615=ORIENTED_EDGE('',*,*,#4273,.F.);
#5616=ORIENTED_EDGE('',*,*,#4397,.T.);
#5617=ORIENTED_EDGE('',*,*,#4396,.T.);
#5618=ORIENTED_EDGE('',*,*,#4388,.F.);
#5619=ORIENTED_EDGE('',*,*,#4398,.T.);
#5620=ORIENTED_EDGE('',*,*,#4397,.F.);
#5621=ORIENTED_EDGE('',*,*,#4335,.T.);
#5622=ORIENTED_EDGE('',*,*,#4398,.F.);
#5623=ORIENTED_EDGE('',*,*,#4399,.T.);
#5624=ORIENTED_EDGE('',*,*,#4400,.T.);
#5625=ORIENTED_EDGE('',*,*,#4012,.T.);
#5626=ORIENTED_EDGE('',*,*,#4323,.F.);
#5627=ORIENTED_EDGE('',*,*,#4401,.T.);
#5628=ORIENTED_EDGE('',*,*,#4399,.F.);
#5629=ORIENTED_EDGE('',*,*,#4400,.F.);
#5630=ORIENTED_EDGE('',*,*,#4401,.F.);
#5631=ORIENTED_EDGE('',*,*,#4322,.F.);
#5632=ORIENTED_EDGE('',*,*,#4402,.T.);
#5633=ORIENTED_EDGE('',*,*,#4403,.T.);
#5634=ORIENTED_EDGE('',*,*,#4336,.F.);
#5635=ORIENTED_EDGE('',*,*,#4402,.F.);
#5636=ORIENTED_EDGE('',*,*,#4404,.T.);
#5637=ORIENTED_EDGE('',*,*,#4334,.T.);
#5638=ORIENTED_EDGE('',*,*,#4403,.F.);
#5639=ORIENTED_EDGE('',*,*,#4405,.T.);
#5640=ORIENTED_EDGE('',*,*,#4321,.T.);
#5641=ORIENTED_EDGE('',*,*,#4404,.F.);
#5642=ORIENTED_EDGE('',*,*,#4324,.T.);
#5643=ORIENTED_EDGE('',*,*,#4406,.T.);
#5644=ORIENTED_EDGE('',*,*,#4405,.F.);
#5645=ORIENTED_EDGE('',*,*,#4407,.F.);
#5646=ORIENTED_EDGE('',*,*,#4406,.F.);
#5647=ORIENTED_EDGE('',*,*,#4318,.T.);
#5648=ORIENTED_EDGE('',*,*,#4319,.F.);
#5649=ORIENTED_EDGE('',*,*,#4407,.T.);
#5650=ORIENTED_EDGE('',*,*,#4408,.T.);
#5651=ORIENTED_EDGE('',*,*,#4317,.T.);
#5652=ORIENTED_EDGE('',*,*,#4409,.T.);
#5653=ORIENTED_EDGE('',*,*,#4408,.F.);
#5654=ORIENTED_EDGE('',*,*,#4315,.F.);
#5655=ORIENTED_EDGE('',*,*,#4409,.F.);
#5656=ORIENTED_EDGE('',*,*,#4410,.T.);
#5657=ORIENTED_EDGE('',*,*,#4411,.F.);
#5658=ORIENTED_EDGE('',*,*,#4410,.F.);
#5659=ORIENTED_EDGE('',*,*,#4010,.T.);
#5660=ORIENTED_EDGE('',*,*,#4412,.F.);
#5661=ORIENTED_EDGE('',*,*,#4313,.F.);
#5662=ORIENTED_EDGE('',*,*,#4411,.T.);
#5663=ORIENTED_EDGE('',*,*,#4413,.F.);
#5664=ORIENTED_EDGE('',*,*,#4311,.F.);
#5665=ORIENTED_EDGE('',*,*,#4412,.T.);
#5666=ORIENTED_EDGE('',*,*,#4307,.T.);
#5667=ORIENTED_EDGE('',*,*,#4413,.T.);
#5668=ORIENTED_EDGE('',*,*,#4414,.F.);
#5669=ORIENTED_EDGE('',*,*,#4009,.F.);
#5670=ORIENTED_EDGE('',*,*,#4415,.T.);
#5671=ORIENTED_EDGE('',*,*,#4414,.T.);
#5672=ORIENTED_EDGE('',*,*,#4416,.T.);
#5673=ORIENTED_EDGE('',*,*,#4003,.T.);
#5674=ORIENTED_EDGE('',*,*,#4303,.F.);
#5675=ORIENTED_EDGE('',*,*,#4417,.T.);
#5676=ORIENTED_EDGE('',*,*,#4415,.F.);
#5677=ORIENTED_EDGE('',*,*,#4416,.F.);
#5678=ORIENTED_EDGE('',*,*,#4417,.F.);
#5679=ORIENTED_EDGE('',*,*,#4302,.F.);
#5680=ORIENTED_EDGE('',*,*,#4418,.T.);
#5681=ORIENTED_EDGE('',*,*,#4419,.T.);
#5682=ORIENTED_EDGE('',*,*,#4308,.F.);
#5683=ORIENTED_EDGE('',*,*,#4418,.F.);
#5684=ORIENTED_EDGE('',*,*,#4420,.T.);
#5685=ORIENTED_EDGE('',*,*,#4306,.T.);
#5686=ORIENTED_EDGE('',*,*,#4419,.F.);
#5687=ORIENTED_EDGE('',*,*,#4304,.T.);
#5688=ORIENTED_EDGE('',*,*,#4421,.T.);
#5689=ORIENTED_EDGE('',*,*,#4420,.F.);
#5690=ORIENTED_EDGE('',*,*,#4422,.F.);
#5691=ORIENTED_EDGE('',*,*,#4421,.F.);
#5692=ORIENTED_EDGE('',*,*,#4301,.T.);
#5693=ORIENTED_EDGE('',*,*,#4297,.F.);
#5694=ORIENTED_EDGE('',*,*,#4422,.T.);
#5695=ORIENTED_EDGE('',*,*,#4423,.T.);
#5696=ORIENTED_EDGE('',*,*,#4300,.T.);
#5697=ORIENTED_EDGE('',*,*,#4424,.T.);
#5698=ORIENTED_EDGE('',*,*,#4423,.F.);
#5699=ORIENTED_EDGE('',*,*,#4424,.F.);
#5700=ORIENTED_EDGE('',*,*,#3935,.T.);
#5701=ORIENTED_EDGE('',*,*,#4425,.F.);
#5702=ORIENTED_EDGE('',*,*,#4426,.F.);
#5703=ORIENTED_EDGE('',*,*,#4298,.F.);
#5704=ORIENTED_EDGE('',*,*,#4425,.T.);
#5705=ORIENTED_EDGE('',*,*,#4294,.F.);
#5706=ORIENTED_EDGE('',*,*,#4427,.T.);
#5707=ORIENTED_EDGE('',*,*,#4426,.T.);
#5708=ORIENTED_EDGE('',*,*,#4296,.T.);
#5709=ORIENTED_EDGE('',*,*,#4427,.F.);
#5710=ORIENTED_EDGE('',*,*,#4428,.F.);
#5711=ORIENTED_EDGE('',*,*,#4293,.F.);
#5712=ORIENTED_EDGE('',*,*,#4429,.T.);
#5713=ORIENTED_EDGE('',*,*,#4428,.T.);
#5714=ORIENTED_EDGE('',*,*,#4288,.T.);
#5715=ORIENTED_EDGE('',*,*,#4429,.F.);
#5716=ORIENTED_EDGE('',*,*,#4430,.F.);
#5717=ORIENTED_EDGE('',*,*,#4285,.F.);
#5718=ORIENTED_EDGE('',*,*,#4431,.T.);
#5719=ORIENTED_EDGE('',*,*,#4430,.T.);
#5720=ORIENTED_EDGE('',*,*,#4432,.T.);
#5721=ORIENTED_EDGE('',*,*,#4431,.F.);
#5722=ORIENTED_EDGE('',*,*,#4283,.F.);
#5723=ORIENTED_EDGE('',*,*,#4280,.T.);
#5724=ORIENTED_EDGE('',*,*,#4432,.F.);
#5725=ORIENTED_EDGE('',*,*,#4433,.F.);
#5726=ORIENTED_EDGE('',*,*,#4282,.F.);
#5727=ORIENTED_EDGE('',*,*,#4434,.T.);
#5728=ORIENTED_EDGE('',*,*,#4433,.T.);
#5729=ORIENTED_EDGE('',*,*,#4435,.T.);
#5730=ORIENTED_EDGE('',*,*,#4434,.F.);
#5731=ORIENTED_EDGE('',*,*,#4252,.F.);
#5732=ORIENTED_EDGE('',*,*,#4281,.T.);
#5733=ORIENTED_EDGE('',*,*,#4435,.F.);
#5734=ORIENTED_EDGE('',*,*,#4436,.F.);
#5735=ORIENTED_EDGE('',*,*,#4437,.F.);
#5736=ORIENTED_EDGE('',*,*,#4277,.T.);
#5737=ORIENTED_EDGE('',*,*,#4436,.T.);
#5738=ORIENTED_EDGE('',*,*,#4274,.T.);
#5739=ORIENTED_EDGE('',*,*,#4437,.T.);
#5740=ORIENTED_EDGE('',*,*,#4438,.F.);
#5741=ORIENTED_EDGE('',*,*,#4439,.F.);
#5742=ORIENTED_EDGE('',*,*,#4272,.F.);
#5743=ORIENTED_EDGE('',*,*,#4438,.T.);
#5744=ORIENTED_EDGE('',*,*,#4440,.F.);
#5745=ORIENTED_EDGE('',*,*,#4262,.F.);
#5746=ORIENTED_EDGE('',*,*,#4264,.F.);
#5747=ORIENTED_EDGE('',*,*,#4268,.F.);
#5748=ORIENTED_EDGE('',*,*,#4439,.T.);
#5749=ORIENTED_EDGE('',*,*,#4441,.F.);
#5750=ORIENTED_EDGE('',*,*,#4260,.F.);
#5751=ORIENTED_EDGE('',*,*,#4440,.T.);
#5752=ORIENTED_EDGE('',*,*,#4442,.F.);
#5753=ORIENTED_EDGE('',*,*,#4258,.F.);
#5754=ORIENTED_EDGE('',*,*,#4441,.T.);
#5755=ORIENTED_EDGE('',*,*,#4443,.F.);
#5756=ORIENTED_EDGE('',*,*,#4255,.F.);
#5757=ORIENTED_EDGE('',*,*,#4442,.T.);
#5758=ORIENTED_EDGE('',*,*,#4253,.F.);
#5759=ORIENTED_EDGE('',*,*,#4444,.F.);
#5760=ORIENTED_EDGE('',*,*,#4443,.T.);
#5761=ORIENTED_EDGE('',*,*,#4256,.T.);
#5762=ORIENTED_EDGE('',*,*,#4444,.T.);
#5763=ORIENTED_EDGE('',*,*,#4445,.F.);
#5764=ORIENTED_EDGE('',*,*,#4445,.T.);
#5765=ORIENTED_EDGE('',*,*,#4251,.T.);
#5766=ORIENTED_EDGE('',*,*,#4446,.F.);
#5767=ORIENTED_EDGE('',*,*,#4446,.T.);
#5768=ORIENTED_EDGE('',*,*,#4447,.T.);
#5769=ORIENTED_EDGE('',*,*,#4247,.F.);
#5770=ORIENTED_EDGE('',*,*,#4250,.T.);
#5771=ORIENTED_EDGE('',*,*,#4448,.F.);
#5772=ORIENTED_EDGE('',*,*,#4447,.F.);
#5773=ORIENTED_EDGE('',*,*,#4449,.F.);
#5774=ORIENTED_EDGE('',*,*,#4248,.F.);
#5775=ORIENTED_EDGE('',*,*,#4448,.T.);
#5776=ORIENTED_EDGE('',*,*,#4450,.F.);
#5777=ORIENTED_EDGE('',*,*,#4246,.F.);
#5778=ORIENTED_EDGE('',*,*,#4449,.T.);
#5779=ORIENTED_EDGE('',*,*,#4234,.T.);
#5780=ORIENTED_EDGE('',*,*,#4451,.F.);
#5781=ORIENTED_EDGE('',*,*,#4450,.T.);
#5782=ORIENTED_EDGE('',*,*,#4452,.F.);
#5783=ORIENTED_EDGE('',*,*,#4238,.F.);
#5784=ORIENTED_EDGE('',*,*,#4240,.F.);
#5785=ORIENTED_EDGE('',*,*,#4244,.F.);
#5786=ORIENTED_EDGE('',*,*,#4451,.T.);
#5787=ORIENTED_EDGE('',*,*,#4233,.F.);
#5788=ORIENTED_EDGE('',*,*,#4453,.F.);
#5789=ORIENTED_EDGE('',*,*,#4452,.T.);
#5790=ORIENTED_EDGE('',*,*,#4454,.F.);
#5791=ORIENTED_EDGE('',*,*,#4229,.F.);
#5792=ORIENTED_EDGE('',*,*,#4453,.T.);
#5793=ORIENTED_EDGE('',*,*,#4227,.T.);
#5794=ORIENTED_EDGE('',*,*,#4455,.F.);
#5795=ORIENTED_EDGE('',*,*,#4454,.T.);
#5796=ORIENTED_EDGE('',*,*,#3834,.T.);
#5797=ORIENTED_EDGE('',*,*,#4456,.F.);
#5798=ORIENTED_EDGE('',*,*,#4455,.T.);
#5799=ORIENTED_EDGE('',*,*,#3916,.T.);
#5800=ORIENTED_EDGE('',*,*,#3833,.T.);
#5801=ORIENTED_EDGE('',*,*,#4457,.F.);
#5802=ORIENTED_EDGE('',*,*,#4241,.T.);
#5803=ORIENTED_EDGE('',*,*,#4230,.T.);
#5804=ORIENTED_EDGE('',*,*,#4456,.T.);
#5805=ORIENTED_EDGE('',*,*,#3857,.T.);
#5806=ORIENTED_EDGE('',*,*,#3859,.F.);
#5807=ORIENTED_EDGE('',*,*,#4269,.T.);
#5808=ORIENTED_EDGE('',*,*,#4265,.T.);
#5809=ORIENTED_EDGE('',*,*,#4457,.T.);
#5810=ORIENTED_EDGE('',*,*,#3832,.T.);
#5811=ORIENTED_EDGE('',*,*,#3875,.F.);
#5812=ORIENTED_EDGE('',*,*,#4202,.T.);
#5813=ORIENTED_EDGE('',*,*,#4458,.T.);
#5814=ORIENTED_EDGE('',*,*,#4208,.F.);
#5815=ORIENTED_EDGE('',*,*,#4458,.F.);
#5816=ORIENTED_EDGE('',*,*,#4459,.T.);
#5817=ORIENTED_EDGE('',*,*,#4460,.F.);
#5818=ORIENTED_EDGE('',*,*,#4207,.T.);
#5819=ORIENTED_EDGE('',*,*,#4459,.F.);
#5820=ORIENTED_EDGE('',*,*,#4461,.F.);
#5821=ORIENTED_EDGE('',*,*,#4460,.T.);
#5822=ORIENTED_EDGE('',*,*,#4204,.F.);
#5823=ORIENTED_EDGE('',*,*,#4461,.T.);
#5824=ORIENTED_EDGE('',*,*,#4462,.F.);
#5825=ORIENTED_EDGE('',*,*,#4200,.F.);
#5826=ORIENTED_EDGE('',*,*,#4203,.T.);
#5827=ORIENTED_EDGE('',*,*,#4463,.F.);
#5828=ORIENTED_EDGE('',*,*,#4462,.T.);
#5829=ORIENTED_EDGE('',*,*,#3877,.F.);
#5830=ORIENTED_EDGE('',*,*,#4464,.T.);
#5831=ORIENTED_EDGE('',*,*,#4463,.T.);
#5832=ORIENTED_EDGE('',*,*,#4465,.T.);
#5833=ORIENTED_EDGE('',*,*,#4201,.T.);
#5834=ORIENTED_EDGE('',*,*,#4464,.F.);
#5835=ORIENTED_EDGE('',*,*,#4466,.T.);
#5836=ORIENTED_EDGE('',*,*,#4199,.T.);
#5837=ORIENTED_EDGE('',*,*,#4465,.F.);
#5838=ORIENTED_EDGE('',*,*,#4467,.T.);
#5839=ORIENTED_EDGE('',*,*,#4197,.T.);
#5840=ORIENTED_EDGE('',*,*,#4466,.F.);
#5841=ORIENTED_EDGE('',*,*,#4468,.T.);
#5842=ORIENTED_EDGE('',*,*,#4195,.T.);
#5843=ORIENTED_EDGE('',*,*,#4467,.F.);
#5844=ORIENTED_EDGE('',*,*,#4469,.T.);
#5845=ORIENTED_EDGE('',*,*,#4192,.T.);
#5846=ORIENTED_EDGE('',*,*,#4468,.F.);
#5847=ORIENTED_EDGE('',*,*,#4470,.T.);
#5848=ORIENTED_EDGE('',*,*,#4191,.T.);
#5849=ORIENTED_EDGE('',*,*,#4469,.F.);
#5850=ORIENTED_EDGE('',*,*,#4471,.T.);
#5851=ORIENTED_EDGE('',*,*,#4190,.T.);
#5852=ORIENTED_EDGE('',*,*,#4470,.F.);
#5853=ORIENTED_EDGE('',*,*,#4472,.T.);
#5854=ORIENTED_EDGE('',*,*,#4187,.T.);
#5855=ORIENTED_EDGE('',*,*,#4471,.F.);
#5856=ORIENTED_EDGE('',*,*,#4473,.T.);
#5857=ORIENTED_EDGE('',*,*,#4186,.T.);
#5858=ORIENTED_EDGE('',*,*,#4472,.F.);
#5859=ORIENTED_EDGE('',*,*,#4474,.T.);
#5860=ORIENTED_EDGE('',*,*,#4185,.T.);
#5861=ORIENTED_EDGE('',*,*,#4473,.F.);
#5862=ORIENTED_EDGE('',*,*,#4475,.T.);
#5863=ORIENTED_EDGE('',*,*,#4476,.T.);
#5864=ORIENTED_EDGE('',*,*,#4474,.F.);
#5865=ORIENTED_EDGE('',*,*,#4477,.F.);
#5866=ORIENTED_EDGE('',*,*,#4034,.T.);
#5867=ORIENTED_EDGE('',*,*,#4476,.F.);
#5868=ORIENTED_EDGE('',*,*,#4182,.F.);
#5869=ORIENTED_EDGE('',*,*,#4477,.T.);
#5870=ORIENTED_EDGE('',*,*,#4478,.F.);
#5871=ORIENTED_EDGE('',*,*,#4475,.F.);
#5872=ORIENTED_EDGE('',*,*,#4479,.F.);
#5873=ORIENTED_EDGE('',*,*,#4478,.T.);
#5874=ORIENTED_EDGE('',*,*,#4479,.T.);
#5875=ORIENTED_EDGE('',*,*,#3881,.F.);
#5876=ORIENTED_EDGE('',*,*,#4480,.T.);
#5877=ORIENTED_EDGE('',*,*,#4481,.T.);
#5878=ORIENTED_EDGE('',*,*,#4183,.T.);
#5879=ORIENTED_EDGE('',*,*,#4480,.F.);
#5880=ORIENTED_EDGE('',*,*,#4481,.F.);
#5881=ORIENTED_EDGE('',*,*,#4482,.F.);
#5882=ORIENTED_EDGE('',*,*,#4181,.T.);
#5883=ORIENTED_EDGE('',*,*,#3883,.F.);
#5884=ORIENTED_EDGE('',*,*,#4483,.T.);
#5885=ORIENTED_EDGE('',*,*,#4482,.T.);
#5886=ORIENTED_EDGE('',*,*,#4483,.F.);
#5887=ORIENTED_EDGE('',*,*,#4168,.F.);
#5888=ORIENTED_EDGE('',*,*,#4484,.T.);
#5889=ORIENTED_EDGE('',*,*,#4485,.F.);
#5890=ORIENTED_EDGE('',*,*,#4179,.T.);
#5891=ORIENTED_EDGE('',*,*,#4484,.F.);
#5892=ORIENTED_EDGE('',*,*,#4178,.F.);
#5893=ORIENTED_EDGE('',*,*,#4485,.T.);
#5894=ORIENTED_EDGE('',*,*,#4486,.F.);
#5895=ORIENTED_EDGE('',*,*,#4169,.F.);
#5896=ORIENTED_EDGE('',*,*,#4487,.F.);
#5897=ORIENTED_EDGE('',*,*,#4486,.T.);
#5898=ORIENTED_EDGE('',*,*,#3888,.F.);
#5899=ORIENTED_EDGE('',*,*,#4167,.T.);
#5900=ORIENTED_EDGE('',*,*,#4487,.T.);
#5901=ORIENTED_EDGE('',*,*,#4155,.T.);
#5902=ORIENTED_EDGE('',*,*,#3826,.T.);
#5903=ORIENTED_EDGE('',*,*,#4488,.F.);
#5904=ORIENTED_EDGE('',*,*,#4137,.T.);
#5905=ORIENTED_EDGE('',*,*,#4143,.F.);
#5906=ORIENTED_EDGE('',*,*,#4489,.T.);
#5907=ORIENTED_EDGE('',*,*,#4490,.T.);
#5908=ORIENTED_EDGE('',*,*,#4142,.F.);
#5909=ORIENTED_EDGE('',*,*,#4145,.F.);
#5910=ORIENTED_EDGE('',*,*,#4491,.T.);
#5911=ORIENTED_EDGE('',*,*,#4489,.F.);
#5912=ORIENTED_EDGE('',*,*,#4490,.F.);
#5913=ORIENTED_EDGE('',*,*,#4492,.T.);
#5914=ORIENTED_EDGE('',*,*,#4134,.T.);
#5915=ORIENTED_EDGE('',*,*,#4491,.F.);
#5916=ORIENTED_EDGE('',*,*,#4493,.F.);
#5917=ORIENTED_EDGE('',*,*,#4488,.T.);
#5918=ORIENTED_EDGE('',*,*,#4492,.F.);
#5919=ORIENTED_EDGE('',*,*,#4494,.F.);
#5920=ORIENTED_EDGE('',*,*,#4154,.T.);
#5921=ORIENTED_EDGE('',*,*,#4493,.T.);
#5922=ORIENTED_EDGE('',*,*,#4151,.T.);
#5923=ORIENTED_EDGE('',*,*,#4495,.T.);
#5924=ORIENTED_EDGE('',*,*,#4070,.F.);
#5925=ORIENTED_EDGE('',*,*,#4066,.F.);
#5926=ORIENTED_EDGE('',*,*,#4494,.T.);
#5927=ORIENTED_EDGE('',*,*,#4496,.F.);
#5928=ORIENTED_EDGE('',*,*,#4495,.F.);
#5929=ORIENTED_EDGE('',*,*,#4068,.T.);
#5930=ORIENTED_EDGE('',*,*,#4496,.T.);
#5931=ORIENTED_EDGE('',*,*,#4497,.F.);
#5932=ORIENTED_EDGE('',*,*,#4497,.T.);
#5933=ORIENTED_EDGE('',*,*,#4150,.T.);
#5934=ORIENTED_EDGE('',*,*,#4498,.F.);
#5935=ORIENTED_EDGE('',*,*,#4498,.T.);
#5936=ORIENTED_EDGE('',*,*,#4499,.T.);
#5937=ORIENTED_EDGE('',*,*,#4147,.F.);
#5938=ORIENTED_EDGE('',*,*,#4149,.F.);
#5939=ORIENTED_EDGE('',*,*,#4500,.T.);
#5940=ORIENTED_EDGE('',*,*,#4499,.F.);
#5941=ORIENTED_EDGE('',*,*,#4501,.T.);
#5942=ORIENTED_EDGE('',*,*,#4148,.F.);
#5943=ORIENTED_EDGE('',*,*,#4500,.F.);
#5944=ORIENTED_EDGE('',*,*,#4501,.F.);
#5945=ORIENTED_EDGE('',*,*,#4144,.T.);
#5946=ORIENTED_EDGE('',*,*,#4502,.F.);
#5947=ORIENTED_EDGE('',*,*,#4141,.T.);
#5948=ORIENTED_EDGE('',*,*,#4503,.F.);
#5949=ORIENTED_EDGE('',*,*,#4502,.T.);
#5950=ORIENTED_EDGE('',*,*,#4146,.T.);
#5951=ORIENTED_EDGE('',*,*,#4073,.F.);
#5952=ORIENTED_EDGE('',*,*,#4503,.T.);
#5953=ORIENTED_EDGE('',*,*,#4504,.F.);
#5954=ORIENTED_EDGE('',*,*,#4118,.F.);
#5955=ORIENTED_EDGE('',*,*,#4505,.T.);
#5956=ORIENTED_EDGE('',*,*,#4122,.T.);
#5957=ORIENTED_EDGE('',*,*,#4505,.F.);
#5958=ORIENTED_EDGE('',*,*,#4074,.T.);
#5959=ORIENTED_EDGE('',*,*,#4506,.T.);
#5960=ORIENTED_EDGE('',*,*,#4504,.T.);
#5961=ORIENTED_EDGE('',*,*,#4507,.T.);
#5962=ORIENTED_EDGE('',*,*,#4506,.F.);
#5963=ORIENTED_EDGE('',*,*,#4120,.F.);
#5964=ORIENTED_EDGE('',*,*,#4507,.F.);
#5965=ORIENTED_EDGE('',*,*,#4508,.T.);
#5966=ORIENTED_EDGE('',*,*,#4139,.F.);
#5967=ORIENTED_EDGE('',*,*,#4129,.T.);
#5968=ORIENTED_EDGE('',*,*,#4509,.F.);
#5969=ORIENTED_EDGE('',*,*,#4510,.F.);
#5970=ORIENTED_EDGE('',*,*,#4509,.T.);
#5971=ORIENTED_EDGE('',*,*,#4124,.T.);
#5972=ORIENTED_EDGE('',*,*,#4508,.F.);
#5973=ORIENTED_EDGE('',*,*,#4511,.T.);
#5974=ORIENTED_EDGE('',*,*,#4510,.T.);
#5975=ORIENTED_EDGE('',*,*,#4512,.T.);
#5976=ORIENTED_EDGE('',*,*,#4140,.T.);
#5977=ORIENTED_EDGE('',*,*,#4511,.F.);
#5978=ORIENTED_EDGE('',*,*,#4513,.T.);
#5979=ORIENTED_EDGE('',*,*,#4132,.T.);
#5980=ORIENTED_EDGE('',*,*,#4512,.F.);
#5981=ORIENTED_EDGE('',*,*,#4138,.T.);
#5982=ORIENTED_EDGE('',*,*,#4514,.T.);
#5983=ORIENTED_EDGE('',*,*,#4513,.F.);
#5984=ORIENTED_EDGE('',*,*,#4135,.F.);
#5985=ORIENTED_EDGE('',*,*,#4515,.T.);
#5986=ORIENTED_EDGE('',*,*,#4514,.F.);
#5987=ORIENTED_EDGE('',*,*,#3825,.T.);
#5988=ORIENTED_EDGE('',*,*,#3891,.T.);
#5989=ORIENTED_EDGE('',*,*,#4133,.F.);
#5990=ORIENTED_EDGE('',*,*,#4515,.F.);
#5991=ORIENTED_EDGE('',*,*,#3986,.F.);
#5992=ORIENTED_EDGE('',*,*,#4516,.F.);
#5993=ORIENTED_EDGE('',*,*,#3895,.T.);
#5994=ORIENTED_EDGE('',*,*,#4126,.T.);
#5995=ORIENTED_EDGE('',*,*,#4517,.T.);
#5996=ORIENTED_EDGE('',*,*,#3987,.F.);
#5997=ORIENTED_EDGE('',*,*,#4516,.T.);
#5998=ORIENTED_EDGE('',*,*,#4517,.F.);
#5999=ORIENTED_EDGE('',*,*,#4518,.T.);
#6000=ORIENTED_EDGE('',*,*,#3893,.T.);
#6001=ORIENTED_EDGE('',*,*,#4518,.F.);
#6002=ORIENTED_EDGE('',*,*,#4519,.F.);
#6003=ORIENTED_EDGE('',*,*,#4520,.F.);
#6004=ORIENTED_EDGE('',*,*,#4519,.T.);
#6005=ORIENTED_EDGE('',*,*,#4128,.F.);
#6006=ORIENTED_EDGE('',*,*,#4130,.F.);
#6007=ORIENTED_EDGE('',*,*,#4520,.T.);
#6008=ORIENTED_EDGE('',*,*,#4521,.F.);
#6009=ORIENTED_EDGE('',*,*,#4127,.T.);
#6010=ORIENTED_EDGE('',*,*,#4522,.F.);
#6011=ORIENTED_EDGE('',*,*,#4521,.T.);
#6012=ORIENTED_EDGE('',*,*,#4523,.F.);
#6013=ORIENTED_EDGE('',*,*,#4123,.F.);
#6014=ORIENTED_EDGE('',*,*,#4522,.T.);
#6015=ORIENTED_EDGE('',*,*,#4524,.F.);
#6016=ORIENTED_EDGE('',*,*,#4121,.T.);
#6017=ORIENTED_EDGE('',*,*,#4523,.T.);
#6018=ORIENTED_EDGE('',*,*,#4524,.T.);
#6019=ORIENTED_EDGE('',*,*,#3990,.T.);
#6020=ORIENTED_EDGE('',*,*,#4525,.F.);
#6021=ORIENTED_EDGE('',*,*,#4526,.F.);
#6022=ORIENTED_EDGE('',*,*,#4119,.F.);
#6023=ORIENTED_EDGE('',*,*,#4525,.T.);
#6024=ORIENTED_EDGE('',*,*,#4526,.T.);
#6025=ORIENTED_EDGE('',*,*,#4115,.F.);
#6026=ORIENTED_EDGE('',*,*,#4527,.F.);
#6027=ORIENTED_EDGE('',*,*,#4528,.F.);
#6028=ORIENTED_EDGE('',*,*,#4117,.F.);
#6029=ORIENTED_EDGE('',*,*,#4527,.T.);
#6030=ORIENTED_EDGE('',*,*,#4114,.F.);
#6031=ORIENTED_EDGE('',*,*,#4529,.T.);
#6032=ORIENTED_EDGE('',*,*,#4528,.T.);
#6033=ORIENTED_EDGE('',*,*,#4107,.T.);
#6034=ORIENTED_EDGE('',*,*,#4529,.F.);
#6035=ORIENTED_EDGE('',*,*,#4530,.F.);
#6036=ORIENTED_EDGE('',*,*,#4531,.T.);
#6037=ORIENTED_EDGE('',*,*,#4000,.F.);
#6038=ORIENTED_EDGE('',*,*,#4113,.F.);
#6039=ORIENTED_EDGE('',*,*,#4530,.T.);
#6040=ORIENTED_EDGE('',*,*,#4531,.F.);
#6041=ORIENTED_EDGE('',*,*,#4532,.F.);
#6042=ORIENTED_EDGE('',*,*,#4112,.F.);
#6043=ORIENTED_EDGE('',*,*,#4533,.T.);
#6044=ORIENTED_EDGE('',*,*,#4532,.T.);
#6045=ORIENTED_EDGE('',*,*,#4108,.T.);
#6046=ORIENTED_EDGE('',*,*,#4533,.F.);
#6047=ORIENTED_EDGE('',*,*,#4534,.F.);
#6048=ORIENTED_EDGE('',*,*,#4105,.F.);
#6049=ORIENTED_EDGE('',*,*,#4535,.F.);
#6050=ORIENTED_EDGE('',*,*,#4534,.T.);
#6051=ORIENTED_EDGE('',*,*,#4103,.F.);
#6052=ORIENTED_EDGE('',*,*,#4536,.T.);
#6053=ORIENTED_EDGE('',*,*,#4535,.T.);
#6054=ORIENTED_EDGE('',*,*,#4083,.T.);
#6055=ORIENTED_EDGE('',*,*,#4536,.F.);
#6056=ORIENTED_EDGE('',*,*,#4537,.F.);
#6057=ORIENTED_EDGE('',*,*,#4537,.T.);
#6058=ORIENTED_EDGE('',*,*,#4099,.F.);
#6059=ORIENTED_EDGE('',*,*,#4538,.F.);
#6060=ORIENTED_EDGE('',*,*,#4097,.F.);
#6061=ORIENTED_EDGE('',*,*,#4538,.T.);
#6062=ORIENTED_EDGE('',*,*,#4539,.T.);
#6063=ORIENTED_EDGE('',*,*,#4101,.T.);
#6064=ORIENTED_EDGE('',*,*,#4540,.T.);
#6065=ORIENTED_EDGE('',*,*,#4539,.F.);
#6066=ORIENTED_EDGE('',*,*,#4541,.F.);
#6067=ORIENTED_EDGE('',*,*,#4540,.F.);
#6068=ORIENTED_EDGE('',*,*,#4006,.T.);
#6069=ORIENTED_EDGE('',*,*,#4541,.T.);
#6070=ORIENTED_EDGE('',*,*,#4096,.F.);
#6071=ORIENTED_EDGE('',*,*,#4542,.F.);
#6072=ORIENTED_EDGE('',*,*,#4543,.F.);
#6073=ORIENTED_EDGE('',*,*,#4098,.F.);
#6074=ORIENTED_EDGE('',*,*,#4542,.T.);
#6075=ORIENTED_EDGE('',*,*,#4095,.F.);
#6076=ORIENTED_EDGE('',*,*,#4544,.T.);
#6077=ORIENTED_EDGE('',*,*,#4543,.T.);
#6078=ORIENTED_EDGE('',*,*,#4090,.T.);
#6079=ORIENTED_EDGE('',*,*,#4544,.F.);
#6080=ORIENTED_EDGE('',*,*,#4545,.F.);
#6081=ORIENTED_EDGE('',*,*,#4546,.T.);
#6082=ORIENTED_EDGE('',*,*,#4015,.F.);
#6083=ORIENTED_EDGE('',*,*,#4094,.F.);
#6084=ORIENTED_EDGE('',*,*,#4545,.T.);
#6085=ORIENTED_EDGE('',*,*,#4546,.F.);
#6086=ORIENTED_EDGE('',*,*,#4547,.F.);
#6087=ORIENTED_EDGE('',*,*,#4093,.F.);
#6088=ORIENTED_EDGE('',*,*,#4548,.T.);
#6089=ORIENTED_EDGE('',*,*,#4547,.T.);
#6090=ORIENTED_EDGE('',*,*,#4549,.T.);
#6091=ORIENTED_EDGE('',*,*,#4030,.F.);
#6092=ORIENTED_EDGE('',*,*,#4037,.F.);
#6093=ORIENTED_EDGE('',*,*,#4550,.T.);
#6094=ORIENTED_EDGE('',*,*,#4548,.F.);
#6095=ORIENTED_EDGE('',*,*,#4549,.F.);
#6096=ORIENTED_EDGE('',*,*,#4551,.T.);
#6097=ORIENTED_EDGE('',*,*,#4091,.T.);
#6098=ORIENTED_EDGE('',*,*,#4550,.F.);
#6099=ORIENTED_EDGE('',*,*,#4552,.T.);
#6100=ORIENTED_EDGE('',*,*,#4084,.T.);
#6101=ORIENTED_EDGE('',*,*,#4551,.F.);
#6102=ORIENTED_EDGE('',*,*,#4089,.T.);
#6103=ORIENTED_EDGE('',*,*,#4553,.T.);
#6104=ORIENTED_EDGE('',*,*,#4552,.F.);
#6105=ORIENTED_EDGE('',*,*,#4085,.F.);
#6106=ORIENTED_EDGE('',*,*,#4553,.F.);
#6107=ORIENTED_EDGE('',*,*,#4554,.T.);
#6108=ORIENTED_EDGE('',*,*,#4555,.T.);
#6109=ORIENTED_EDGE('',*,*,#4081,.T.);
#6110=ORIENTED_EDGE('',*,*,#4554,.F.);
#6111=ORIENTED_EDGE('',*,*,#4556,.T.);
#6112=ORIENTED_EDGE('',*,*,#4075,.T.);
#6113=ORIENTED_EDGE('',*,*,#4555,.F.);
#6114=ORIENTED_EDGE('',*,*,#4077,.T.);
#6115=ORIENTED_EDGE('',*,*,#4557,.T.);
#6116=ORIENTED_EDGE('',*,*,#4556,.F.);
#6117=ORIENTED_EDGE('',*,*,#4076,.F.);
#6118=ORIENTED_EDGE('',*,*,#4557,.F.);
#6119=ORIENTED_EDGE('',*,*,#4558,.T.);
#6120=ORIENTED_EDGE('',*,*,#4559,.T.);
#6121=ORIENTED_EDGE('',*,*,#4071,.T.);
#6122=ORIENTED_EDGE('',*,*,#4558,.F.);
#6123=ORIENTED_EDGE('',*,*,#4559,.F.);
#6124=ORIENTED_EDGE('',*,*,#4064,.F.);
#6125=ORIENTED_EDGE('',*,*,#4560,.T.);
#6126=ORIENTED_EDGE('',*,*,#4561,.T.);
#6127=ORIENTED_EDGE('',*,*,#4069,.T.);
#6128=ORIENTED_EDGE('',*,*,#4560,.F.);
#6129=ORIENTED_EDGE('',*,*,#4562,.F.);
#6130=ORIENTED_EDGE('',*,*,#4067,.T.);
#6131=ORIENTED_EDGE('',*,*,#4561,.F.);
#6132=ORIENTED_EDGE('',*,*,#4063,.F.);
#6133=ORIENTED_EDGE('',*,*,#4563,.T.);
#6134=ORIENTED_EDGE('',*,*,#4562,.T.);
#6135=ORIENTED_EDGE('',*,*,#4564,.T.);
#6136=ORIENTED_EDGE('',*,*,#4062,.T.);
#6137=ORIENTED_EDGE('',*,*,#4563,.F.);
#6138=ORIENTED_EDGE('',*,*,#4565,.T.);
#6139=ORIENTED_EDGE('',*,*,#4059,.T.);
#6140=ORIENTED_EDGE('',*,*,#4564,.F.);
#6141=ORIENTED_EDGE('',*,*,#4566,.T.);
#6142=ORIENTED_EDGE('',*,*,#4056,.T.);
#6143=ORIENTED_EDGE('',*,*,#4565,.F.);
#6144=ORIENTED_EDGE('',*,*,#4567,.T.);
#6145=ORIENTED_EDGE('',*,*,#4566,.F.);
#6146=ORIENTED_EDGE('',*,*,#4052,.T.);
#6147=ORIENTED_EDGE('',*,*,#4057,.T.);
#6148=ORIENTED_EDGE('',*,*,#4567,.F.);
#6149=ORIENTED_EDGE('',*,*,#4568,.F.);
#6150=ORIENTED_EDGE('',*,*,#4568,.T.);
#6151=ORIENTED_EDGE('',*,*,#4569,.F.);
#6152=ORIENTED_EDGE('',*,*,#4048,.F.);
#6153=ORIENTED_EDGE('',*,*,#4054,.F.);
#6154=ORIENTED_EDGE('',*,*,#4570,.F.);
#6155=ORIENTED_EDGE('',*,*,#4569,.T.);
#6156=ORIENTED_EDGE('',*,*,#4050,.F.);
#6157=ORIENTED_EDGE('',*,*,#4571,.T.);
#6158=ORIENTED_EDGE('',*,*,#4570,.T.);
#6159=ORIENTED_EDGE('',*,*,#4572,.T.);
#6160=ORIENTED_EDGE('',*,*,#4049,.T.);
#6161=ORIENTED_EDGE('',*,*,#4571,.F.);
#6162=ORIENTED_EDGE('',*,*,#4040,.T.);
#6163=ORIENTED_EDGE('',*,*,#4573,.F.);
#6164=ORIENTED_EDGE('',*,*,#4572,.F.);
#6165=ORIENTED_EDGE('',*,*,#4047,.T.);
#6166=ORIENTED_EDGE('',*,*,#4573,.T.);
#6167=ORIENTED_EDGE('',*,*,#4574,.F.);
#6168=ORIENTED_EDGE('',*,*,#4574,.T.);
#6169=ORIENTED_EDGE('',*,*,#4039,.T.);
#6170=ORIENTED_EDGE('',*,*,#4575,.F.);
#6171=ORIENTED_EDGE('',*,*,#4045,.F.);
#6172=ORIENTED_EDGE('',*,*,#4575,.T.);
#6173=ORIENTED_EDGE('',*,*,#4576,.T.);
#6174=ORIENTED_EDGE('',*,*,#4577,.F.);
#6175=ORIENTED_EDGE('',*,*,#4041,.T.);
#6176=ORIENTED_EDGE('',*,*,#4576,.F.);
#6177=ORIENTED_EDGE('',*,*,#4038,.F.);
#6178=ORIENTED_EDGE('',*,*,#4578,.T.);
#6179=ORIENTED_EDGE('',*,*,#4577,.T.);
#6180=ORIENTED_EDGE('',*,*,#4035,.T.);
#6181=ORIENTED_EDGE('',*,*,#4579,.F.);
#6182=ORIENTED_EDGE('',*,*,#4578,.F.);
#6183=ORIENTED_EDGE('',*,*,#4032,.F.);
#6184=ORIENTED_EDGE('',*,*,#4579,.T.);
#6185=ORIENTED_EDGE('',*,*,#4580,.T.);
#6186=ORIENTED_EDGE('',*,*,#4029,.T.);
#6187=ORIENTED_EDGE('',*,*,#4581,.F.);
#6188=ORIENTED_EDGE('',*,*,#4580,.F.);
#6189=ORIENTED_EDGE('',*,*,#4027,.F.);
#6190=ORIENTED_EDGE('',*,*,#4581,.T.);
#6191=ORIENTED_EDGE('',*,*,#4582,.F.);
#6192=ORIENTED_EDGE('',*,*,#4024,.F.);
#6193=ORIENTED_EDGE('',*,*,#4582,.T.);
#6194=ORIENTED_EDGE('',*,*,#4583,.F.);
#6195=ORIENTED_EDGE('',*,*,#4020,.F.);
#6196=ORIENTED_EDGE('',*,*,#4583,.T.);
#6197=ORIENTED_EDGE('',*,*,#4584,.T.);
#6198=ORIENTED_EDGE('',*,*,#4585,.T.);
#6199=ORIENTED_EDGE('',*,*,#4018,.F.);
#6200=ORIENTED_EDGE('',*,*,#4584,.F.);
#6201=ORIENTED_EDGE('',*,*,#4014,.T.);
#6202=ORIENTED_EDGE('',*,*,#4586,.T.);
#6203=ORIENTED_EDGE('',*,*,#4585,.F.);
#6204=ORIENTED_EDGE('',*,*,#4013,.F.);
#6205=ORIENTED_EDGE('',*,*,#4586,.F.);
#6206=ORIENTED_EDGE('',*,*,#4587,.T.);
#6207=ORIENTED_EDGE('',*,*,#4008,.F.);
#6208=ORIENTED_EDGE('',*,*,#4587,.F.);
#6209=ORIENTED_EDGE('',*,*,#4588,.T.);
#6210=ORIENTED_EDGE('',*,*,#4005,.T.);
#6211=ORIENTED_EDGE('',*,*,#4589,.T.);
#6212=ORIENTED_EDGE('',*,*,#4588,.F.);
#6213=ORIENTED_EDGE('',*,*,#4004,.F.);
#6214=ORIENTED_EDGE('',*,*,#4589,.F.);
#6215=ORIENTED_EDGE('',*,*,#4590,.T.);
#6216=ORIENTED_EDGE('',*,*,#3999,.T.);
#6217=ORIENTED_EDGE('',*,*,#4591,.T.);
#6218=ORIENTED_EDGE('',*,*,#4590,.F.);
#6219=ORIENTED_EDGE('',*,*,#4592,.T.);
#6220=ORIENTED_EDGE('',*,*,#3998,.T.);
#6221=ORIENTED_EDGE('',*,*,#4591,.F.);
#6222=ORIENTED_EDGE('',*,*,#4592,.F.);
#6223=ORIENTED_EDGE('',*,*,#3989,.T.);
#6224=ORIENTED_EDGE('',*,*,#4593,.T.);
#6225=ORIENTED_EDGE('',*,*,#3996,.F.);
#6226=ORIENTED_EDGE('',*,*,#4594,.T.);
#6227=ORIENTED_EDGE('',*,*,#4595,.F.);
#6228=ORIENTED_EDGE('',*,*,#4594,.F.);
#6229=ORIENTED_EDGE('',*,*,#3979,.T.);
#6230=ORIENTED_EDGE('',*,*,#4596,.F.);
#6231=ORIENTED_EDGE('',*,*,#4597,.F.);
#6232=ORIENTED_EDGE('',*,*,#4596,.T.);
#6233=ORIENTED_EDGE('',*,*,#3976,.F.);
#6234=ORIENTED_EDGE('',*,*,#4598,.F.);
#6235=ORIENTED_EDGE('',*,*,#4595,.T.);
#6236=ORIENTED_EDGE('',*,*,#4597,.T.);
#6237=ORIENTED_EDGE('',*,*,#4599,.F.);
#6238=ORIENTED_EDGE('',*,*,#3997,.T.);
#6239=ORIENTED_EDGE('',*,*,#4598,.T.);
#6240=ORIENTED_EDGE('',*,*,#4593,.F.);
#6241=ORIENTED_EDGE('',*,*,#4600,.F.);
#6242=ORIENTED_EDGE('',*,*,#4599,.T.);
#6243=ORIENTED_EDGE('',*,*,#4600,.T.);
#6244=ORIENTED_EDGE('',*,*,#3994,.F.);
#6245=ORIENTED_EDGE('',*,*,#4601,.T.);
#6246=ORIENTED_EDGE('',*,*,#4602,.F.);
#6247=ORIENTED_EDGE('',*,*,#3995,.T.);
#6248=ORIENTED_EDGE('',*,*,#4601,.F.);
#6249=ORIENTED_EDGE('',*,*,#4603,.F.);
#6250=ORIENTED_EDGE('',*,*,#4602,.T.);
#6251=ORIENTED_EDGE('',*,*,#3993,.F.);
#6252=ORIENTED_EDGE('',*,*,#3981,.F.);
#6253=ORIENTED_EDGE('',*,*,#4603,.T.);
#6254=ORIENTED_EDGE('',*,*,#4604,.F.);
#6255=ORIENTED_EDGE('',*,*,#3992,.T.);
#6256=ORIENTED_EDGE('',*,*,#4605,.F.);
#6257=ORIENTED_EDGE('',*,*,#4604,.T.);
#6258=ORIENTED_EDGE('',*,*,#3991,.F.);
#6259=ORIENTED_EDGE('',*,*,#4606,.T.);
#6260=ORIENTED_EDGE('',*,*,#4605,.T.);
#6261=ORIENTED_EDGE('',*,*,#4607,.T.);
#6262=ORIENTED_EDGE('',*,*,#3982,.T.);
#6263=ORIENTED_EDGE('',*,*,#4606,.F.);
#6264=ORIENTED_EDGE('',*,*,#3988,.T.);
#6265=ORIENTED_EDGE('',*,*,#4608,.T.);
#6266=ORIENTED_EDGE('',*,*,#4607,.F.);
#6267=ORIENTED_EDGE('',*,*,#3984,.F.);
#6268=ORIENTED_EDGE('',*,*,#4609,.T.);
#6269=ORIENTED_EDGE('',*,*,#4608,.F.);
#6270=ORIENTED_EDGE('',*,*,#3897,.T.);
#6271=ORIENTED_EDGE('',*,*,#3983,.F.);
#6272=ORIENTED_EDGE('',*,*,#4609,.F.);
#6273=ORIENTED_EDGE('',*,*,#3980,.F.);
#6274=ORIENTED_EDGE('',*,*,#3899,.T.);
#6275=ORIENTED_EDGE('',*,*,#4610,.F.);
#6276=ORIENTED_EDGE('',*,*,#3975,.F.);
#6277=ORIENTED_EDGE('',*,*,#4611,.F.);
#6278=ORIENTED_EDGE('',*,*,#3901,.T.);
#6279=ORIENTED_EDGE('',*,*,#4610,.T.);
#6280=ORIENTED_EDGE('',*,*,#4611,.T.);
#6281=ORIENTED_EDGE('',*,*,#4612,.F.);
#6282=ORIENTED_EDGE('',*,*,#3978,.T.);
#6283=ORIENTED_EDGE('',*,*,#4612,.T.);
#6284=ORIENTED_EDGE('',*,*,#4613,.F.);
#6285=ORIENTED_EDGE('',*,*,#4613,.T.);
#6286=ORIENTED_EDGE('',*,*,#3974,.T.);
#6287=ORIENTED_EDGE('',*,*,#4614,.F.);
#6288=ORIENTED_EDGE('',*,*,#4615,.T.);
#6289=ORIENTED_EDGE('',*,*,#3971,.T.);
#6290=ORIENTED_EDGE('',*,*,#3968,.F.);
#6291=ORIENTED_EDGE('',*,*,#4614,.T.);
#6292=ORIENTED_EDGE('',*,*,#4616,.T.);
#6293=ORIENTED_EDGE('',*,*,#4615,.F.);
#6294=ORIENTED_EDGE('',*,*,#3973,.F.);
#6295=ORIENTED_EDGE('',*,*,#4617,.T.);
#6296=ORIENTED_EDGE('',*,*,#4616,.F.);
#6297=ORIENTED_EDGE('',*,*,#4617,.F.);
#6298=ORIENTED_EDGE('',*,*,#3903,.T.);
#6299=ORIENTED_EDGE('',*,*,#3972,.F.);
#6300=ORIENTED_EDGE('',*,*,#4618,.F.);
#6301=ORIENTED_EDGE('',*,*,#3905,.T.);
#6302=ORIENTED_EDGE('',*,*,#3964,.F.);
#6303=ORIENTED_EDGE('',*,*,#3970,.F.);
#6304=ORIENTED_EDGE('',*,*,#4618,.T.);
#6305=ORIENTED_EDGE('',*,*,#4619,.F.);
#6306=ORIENTED_EDGE('',*,*,#3969,.F.);
#6307=ORIENTED_EDGE('',*,*,#4619,.T.);
#6308=ORIENTED_EDGE('',*,*,#4620,.T.);
#6309=ORIENTED_EDGE('',*,*,#4620,.F.);
#6310=ORIENTED_EDGE('',*,*,#3966,.T.);
#6311=ORIENTED_EDGE('',*,*,#4621,.T.);
#6312=ORIENTED_EDGE('',*,*,#4621,.F.);
#6313=ORIENTED_EDGE('',*,*,#4622,.T.);
#6314=ORIENTED_EDGE('',*,*,#3962,.T.);
#6315=ORIENTED_EDGE('',*,*,#3965,.F.);
#6316=ORIENTED_EDGE('',*,*,#4623,.T.);
#6317=ORIENTED_EDGE('',*,*,#4622,.F.);
#6318=ORIENTED_EDGE('',*,*,#4623,.F.);
#6319=ORIENTED_EDGE('',*,*,#4624,.T.);
#6320=ORIENTED_EDGE('',*,*,#3963,.F.);
#6321=ORIENTED_EDGE('',*,*,#4624,.F.);
#6322=ORIENTED_EDGE('',*,*,#3958,.T.);
#6323=ORIENTED_EDGE('',*,*,#4625,.F.);
#6324=ORIENTED_EDGE('',*,*,#3961,.F.);
#6325=ORIENTED_EDGE('',*,*,#4625,.T.);
#6326=ORIENTED_EDGE('',*,*,#4626,.T.);
#6327=ORIENTED_EDGE('',*,*,#4627,.F.);
#6328=ORIENTED_EDGE('',*,*,#4626,.F.);
#6329=ORIENTED_EDGE('',*,*,#3960,.T.);
#6330=ORIENTED_EDGE('',*,*,#4627,.T.);
#6331=ORIENTED_EDGE('',*,*,#4628,.T.);
#6332=ORIENTED_EDGE('',*,*,#3956,.F.);
#6333=ORIENTED_EDGE('',*,*,#3959,.F.);
#6334=ORIENTED_EDGE('',*,*,#4629,.T.);
#6335=ORIENTED_EDGE('',*,*,#4628,.F.);
#6336=ORIENTED_EDGE('',*,*,#3907,.T.);
#6337=ORIENTED_EDGE('',*,*,#4630,.F.);
#6338=ORIENTED_EDGE('',*,*,#4629,.F.);
#6339=ORIENTED_EDGE('',*,*,#4631,.T.);
#6340=ORIENTED_EDGE('',*,*,#3957,.F.);
#6341=ORIENTED_EDGE('',*,*,#4630,.T.);
#6342=ORIENTED_EDGE('',*,*,#3955,.F.);
#6343=ORIENTED_EDGE('',*,*,#4631,.F.);
#6344=ORIENTED_EDGE('',*,*,#3910,.T.);
#6345=ORIENTED_EDGE('',*,*,#4632,.F.);
#6346=ORIENTED_EDGE('',*,*,#3912,.T.);
#6347=ORIENTED_EDGE('',*,*,#3950,.F.);
#6348=ORIENTED_EDGE('',*,*,#3954,.F.);
#6349=ORIENTED_EDGE('',*,*,#4632,.T.);
#6350=ORIENTED_EDGE('',*,*,#4633,.F.);
#6351=ORIENTED_EDGE('',*,*,#3953,.T.);
#6352=ORIENTED_EDGE('',*,*,#4633,.T.);
#6353=ORIENTED_EDGE('',*,*,#4634,.F.);
#6354=ORIENTED_EDGE('',*,*,#4634,.T.);
#6355=ORIENTED_EDGE('',*,*,#3949,.T.);
#6356=ORIENTED_EDGE('',*,*,#4635,.F.);
#6357=ORIENTED_EDGE('',*,*,#4635,.T.);
#6358=ORIENTED_EDGE('',*,*,#4636,.T.);
#6359=ORIENTED_EDGE('',*,*,#3946,.F.);
#6360=ORIENTED_EDGE('',*,*,#3948,.F.);
#6361=ORIENTED_EDGE('',*,*,#4637,.T.);
#6362=ORIENTED_EDGE('',*,*,#4636,.F.);
#6363=ORIENTED_EDGE('',*,*,#4637,.F.);
#6364=ORIENTED_EDGE('',*,*,#3943,.T.);
#6365=ORIENTED_EDGE('',*,*,#4638,.F.);
#6366=ORIENTED_EDGE('',*,*,#4639,.T.);
#6367=ORIENTED_EDGE('',*,*,#3947,.F.);
#6368=ORIENTED_EDGE('',*,*,#4638,.T.);
#6369=ORIENTED_EDGE('',*,*,#4639,.F.);
#6370=ORIENTED_EDGE('',*,*,#3945,.T.);
#6371=ORIENTED_EDGE('',*,*,#4640,.T.);
#6372=ORIENTED_EDGE('',*,*,#4640,.F.);
#6373=ORIENTED_EDGE('',*,*,#4641,.T.);
#6374=ORIENTED_EDGE('',*,*,#3941,.T.);
#6375=ORIENTED_EDGE('',*,*,#3944,.F.);
#6376=ORIENTED_EDGE('',*,*,#4642,.T.);
#6377=ORIENTED_EDGE('',*,*,#4641,.F.);
#6378=ORIENTED_EDGE('',*,*,#4642,.F.);
#6379=ORIENTED_EDGE('',*,*,#4643,.T.);
#6380=ORIENTED_EDGE('',*,*,#3942,.F.);
#6381=ORIENTED_EDGE('',*,*,#4643,.F.);
#6382=ORIENTED_EDGE('',*,*,#3929,.T.);
#6383=ORIENTED_EDGE('',*,*,#4644,.F.);
#6384=ORIENTED_EDGE('',*,*,#4645,.F.);
#6385=ORIENTED_EDGE('',*,*,#4644,.T.);
#6386=ORIENTED_EDGE('',*,*,#3933,.T.);
#6387=ORIENTED_EDGE('',*,*,#3940,.T.);
#6388=ORIENTED_EDGE('',*,*,#4645,.T.);
#6389=ORIENTED_EDGE('',*,*,#4646,.F.);
#6390=ORIENTED_EDGE('',*,*,#4647,.F.);
#6391=ORIENTED_EDGE('',*,*,#3937,.T.);
#6392=ORIENTED_EDGE('',*,*,#4646,.T.);
#6393=ORIENTED_EDGE('',*,*,#3936,.F.);
#6394=ORIENTED_EDGE('',*,*,#4647,.T.);
#6395=ORIENTED_EDGE('',*,*,#4648,.T.);
#6396=ORIENTED_EDGE('',*,*,#4649,.F.);
#6397=ORIENTED_EDGE('',*,*,#3926,.T.);
#6398=ORIENTED_EDGE('',*,*,#3921,.T.);
#6399=ORIENTED_EDGE('',*,*,#4648,.F.);
#6400=ORIENTED_EDGE('',*,*,#4650,.F.);
#6401=ORIENTED_EDGE('',*,*,#4649,.T.);
#6402=ORIENTED_EDGE('',*,*,#4651,.F.);
#6403=ORIENTED_EDGE('',*,*,#3927,.T.);
#6404=ORIENTED_EDGE('',*,*,#4650,.T.);
#6405=ORIENTED_EDGE('',*,*,#3932,.F.);
#6406=ORIENTED_EDGE('',*,*,#4652,.T.);
#6407=ORIENTED_EDGE('',*,*,#4651,.T.);
#6408=ORIENTED_EDGE('',*,*,#3930,.F.);
#6409=ORIENTED_EDGE('',*,*,#4653,.T.);
#6410=ORIENTED_EDGE('',*,*,#4652,.F.);
#6411=ORIENTED_EDGE('',*,*,#3915,.T.);
#6412=ORIENTED_EDGE('',*,*,#3928,.F.);
#6413=ORIENTED_EDGE('',*,*,#4653,.F.);
#6414=ORIENTED_EDGE('',*,*,#3925,.F.);
#6415=ORIENTED_EDGE('',*,*,#3914,.T.);
#6416=ORIENTED_EDGE('',*,*,#4654,.F.);
#6417=ORIENTED_EDGE('',*,*,#4655,.T.);
#6418=ORIENTED_EDGE('',*,*,#3922,.F.);
#6419=ORIENTED_EDGE('',*,*,#4654,.T.);
#6420=ORIENTED_EDGE('',*,*,#3918,.F.);
#6421=ORIENTED_EDGE('',*,*,#4655,.F.);
#6422=ORIENTED_EDGE('',*,*,#4656,.T.);
#6423=ORIENTED_EDGE('',*,*,#3836,.T.);
#6424=ORIENTED_EDGE('',*,*,#3917,.F.);
#6425=ORIENTED_EDGE('',*,*,#4656,.F.);
#6426=ORIENTED_EDGE('',*,*,#4657,.T.);
#6427=ORIENTED_EDGE('',*,*,#3837,.T.);
#6428=ORIENTED_EDGE('',*,*,#4657,.F.);
#6429=ORIENTED_EDGE('',*,*,#3913,.T.);
#6430=TOROIDAL_SURFACE('',#6987,5.25,0.25);
#6431=TOROIDAL_SURFACE('',#6996,4.75,0.25);
#6432=ADVANCED_FACE('',(#2314),#6430,.T.);
#6433=ADVANCED_FACE('',(#2315,#19),#1767,.T.);
#6434=ADVANCED_FACE('',(#2316),#6431,.F.);
#6435=ADVANCED_FACE('',(#2317),#1768,.T.);
#6436=ADVANCED_FACE('',(#2318),#15,.T.);
#6437=ADVANCED_FACE('',(#2319),#1769,.T.);
#6438=ADVANCED_FACE('',(#2320,#20),#1770,.F.);
#6439=ADVANCED_FACE('',(#2321),#16,.T.);
#6440=ADVANCED_FACE('',(#2322),#1771,.T.);
#6441=ADVANCED_FACE('',(#2323),#17,.T.);
#6442=ADVANCED_FACE('',(#2324),#1772,.T.);
#6443=ADVANCED_FACE('',(#2325),#18,.T.);
#6444=ADVANCED_FACE('',(#2326),#1773,.T.);
#6445=ADVANCED_FACE('',(#2327),#1774,.F.);
#6446=ADVANCED_FACE('',(#2328),#1775,.F.);
#6447=ADVANCED_FACE('',(#2329),#1776,.F.);
#6448=ADVANCED_FACE('',(#2330),#1777,.F.);
#6449=ADVANCED_FACE('',(#2331),#1778,.F.);
#6450=ADVANCED_FACE('',(#2332),#1779,.T.);
#6451=ADVANCED_FACE('',(#2333),#1780,.T.);
#6452=ADVANCED_FACE('',(#2334),#1781,.T.);
#6453=ADVANCED_FACE('',(#2335),#1782,.T.);
#6454=ADVANCED_FACE('',(#2336),#1783,.T.);
#6455=ADVANCED_FACE('',(#2337),#1784,.T.);
#6456=ADVANCED_FACE('',(#2338),#1785,.T.);
#6457=ADVANCED_FACE('',(#2339),#1786,.T.);
#6458=ADVANCED_FACE('',(#2340),#1787,.T.);
#6459=ADVANCED_FACE('',(#2341),#1788,.T.);
#6460=ADVANCED_FACE('',(#2342),#1789,.T.);
#6461=ADVANCED_FACE('',(#2343),#1790,.T.);
#6462=ADVANCED_FACE('',(#2344),#1791,.T.);
#6463=ADVANCED_FACE('',(#2345),#1792,.T.);
#6464=ADVANCED_FACE('',(#2346),#1793,.T.);
#6465=ADVANCED_FACE('',(#2347),#1794,.T.);
#6466=ADVANCED_FACE('',(#2348),#1795,.T.);
#6467=ADVANCED_FACE('',(#2349),#1796,.T.);
#6468=ADVANCED_FACE('',(#2350),#1797,.T.);
#6469=ADVANCED_FACE('',(#2351),#1798,.T.);
#6470=ADVANCED_FACE('',(#2352),#1799,.T.);
#6471=ADVANCED_FACE('',(#2353),#1800,.T.);
#6472=ADVANCED_FACE('',(#2354),#1801,.T.);
#6473=ADVANCED_FACE('',(#2355),#1802,.T.);
#6474=ADVANCED_FACE('',(#2356),#1803,.T.);
#6475=ADVANCED_FACE('',(#2357),#1804,.T.);
#6476=ADVANCED_FACE('',(#2358),#1805,.T.);
#6477=ADVANCED_FACE('',(#2359),#1806,.T.);
#6478=ADVANCED_FACE('',(#2360),#1807,.T.);
#6479=ADVANCED_FACE('',(#2361),#1808,.T.);
#6480=ADVANCED_FACE('',(#2362),#1809,.T.);
#6481=ADVANCED_FACE('',(#2363),#1810,.T.);
#6482=ADVANCED_FACE('',(#2364),#1811,.T.);
#6483=ADVANCED_FACE('',(#2365),#1812,.T.);
#6484=ADVANCED_FACE('',(#2366),#1813,.T.);
#6485=ADVANCED_FACE('',(#2367),#1814,.T.);
#6486=ADVANCED_FACE('',(#2368),#1815,.T.);
#6487=ADVANCED_FACE('',(#2369),#1816,.T.);
#6488=ADVANCED_FACE('',(#2370),#1817,.T.);
#6489=ADVANCED_FACE('',(#2371),#1818,.T.);
#6490=ADVANCED_FACE('',(#2372),#1819,.T.);
#6491=ADVANCED_FACE('',(#2373),#1820,.T.);
#6492=ADVANCED_FACE('',(#2374),#1821,.T.);
#6493=ADVANCED_FACE('',(#2375),#1822,.T.);
#6494=ADVANCED_FACE('',(#2376),#1823,.T.);
#6495=ADVANCED_FACE('',(#2377),#1824,.T.);
#6496=ADVANCED_FACE('',(#2378),#1825,.T.);
#6497=ADVANCED_FACE('',(#2379),#1826,.T.);
#6498=ADVANCED_FACE('',(#2380),#1827,.T.);
#6499=ADVANCED_FACE('',(#2381),#1828,.T.);
#6500=ADVANCED_FACE('',(#2382),#1829,.T.);
#6501=ADVANCED_FACE('',(#2383),#1830,.T.);
#6502=ADVANCED_FACE('',(#2384),#1831,.T.);
#6503=ADVANCED_FACE('',(#2385),#1832,.T.);
#6504=ADVANCED_FACE('',(#2386),#1833,.T.);
#6505=ADVANCED_FACE('',(#2387),#1834,.T.);
#6506=ADVANCED_FACE('',(#2388),#1835,.T.);
#6507=ADVANCED_FACE('',(#2389),#1836,.T.);
#6508=ADVANCED_FACE('',(#2390),#1837,.T.);
#6509=ADVANCED_FACE('',(#2391),#1838,.T.);
#6510=ADVANCED_FACE('',(#2392),#1839,.T.);
#6511=ADVANCED_FACE('',(#2393),#1840,.T.);
#6512=ADVANCED_FACE('',(#2394),#1841,.T.);
#6513=ADVANCED_FACE('',(#2395),#1842,.T.);
#6514=ADVANCED_FACE('',(#2396),#1843,.T.);
#6515=ADVANCED_FACE('',(#2397),#1844,.T.);
#6516=ADVANCED_FACE('',(#2398),#1845,.T.);
#6517=ADVANCED_FACE('',(#2399),#1846,.T.);
#6518=ADVANCED_FACE('',(#2400),#1847,.T.);
#6519=ADVANCED_FACE('',(#2401),#1848,.T.);
#6520=ADVANCED_FACE('',(#2402),#1849,.T.);
#6521=ADVANCED_FACE('',(#2403),#1850,.T.);
#6522=ADVANCED_FACE('',(#2404),#1851,.T.);
#6523=ADVANCED_FACE('',(#2405),#1852,.T.);
#6524=ADVANCED_FACE('',(#2406),#1853,.T.);
#6525=ADVANCED_FACE('',(#2407),#1854,.T.);
#6526=ADVANCED_FACE('',(#2408),#1855,.T.);
#6527=ADVANCED_FACE('',(#2409),#1856,.T.);
#6528=ADVANCED_FACE('',(#2410),#1857,.T.);
#6529=ADVANCED_FACE('',(#2411),#1858,.T.);
#6530=ADVANCED_FACE('',(#2412),#1859,.T.);
#6531=ADVANCED_FACE('',(#2413),#1860,.T.);
#6532=ADVANCED_FACE('',(#2414),#1861,.T.);
#6533=ADVANCED_FACE('',(#2415),#1862,.T.);
#6534=ADVANCED_FACE('',(#2416),#1863,.T.);
#6535=ADVANCED_FACE('',(#2417),#1864,.T.);
#6536=ADVANCED_FACE('',(#2418),#1865,.T.);
#6537=ADVANCED_FACE('',(#2419),#1866,.T.);
#6538=ADVANCED_FACE('',(#2420),#1867,.T.);
#6539=ADVANCED_FACE('',(#2421),#1868,.T.);
#6540=ADVANCED_FACE('',(#2422),#1869,.T.);
#6541=ADVANCED_FACE('',(#2423),#1870,.T.);
#6542=ADVANCED_FACE('',(#2424),#1871,.T.);
#6543=ADVANCED_FACE('',(#2425),#1872,.T.);
#6544=ADVANCED_FACE('',(#2426),#1873,.T.);
#6545=ADVANCED_FACE('',(#2427),#1874,.T.);
#6546=ADVANCED_FACE('',(#2428),#1875,.T.);
#6547=ADVANCED_FACE('',(#2429),#1876,.T.);
#6548=ADVANCED_FACE('',(#2430),#1877,.T.);
#6549=ADVANCED_FACE('',(#2431),#1878,.T.);
#6550=ADVANCED_FACE('',(#2432),#1879,.T.);
#6551=ADVANCED_FACE('',(#2433),#1880,.T.);
#6552=ADVANCED_FACE('',(#2434),#1881,.T.);
#6553=ADVANCED_FACE('',(#2435),#1882,.T.);
#6554=ADVANCED_FACE('',(#2436),#1883,.T.);
#6555=ADVANCED_FACE('',(#2437),#1884,.T.);
#6556=ADVANCED_FACE('',(#2438),#1885,.T.);
#6557=ADVANCED_FACE('',(#2439),#1886,.T.);
#6558=ADVANCED_FACE('',(#2440),#1887,.T.);
#6559=ADVANCED_FACE('',(#2441),#1888,.T.);
#6560=ADVANCED_FACE('',(#2442),#1889,.T.);
#6561=ADVANCED_FACE('',(#2443),#1890,.T.);
#6562=ADVANCED_FACE('',(#2444),#1891,.T.);
#6563=ADVANCED_FACE('',(#2445),#1892,.T.);
#6564=ADVANCED_FACE('',(#2446),#1893,.T.);
#6565=ADVANCED_FACE('',(#2447),#1894,.T.);
#6566=ADVANCED_FACE('',(#2448),#1895,.T.);
#6567=ADVANCED_FACE('',(#2449),#1896,.T.);
#6568=ADVANCED_FACE('',(#2450),#1897,.T.);
#6569=ADVANCED_FACE('',(#2451),#1898,.T.);
#6570=ADVANCED_FACE('',(#2452),#1899,.T.);
#6571=ADVANCED_FACE('',(#2453),#1900,.T.);
#6572=ADVANCED_FACE('',(#2454),#1901,.T.);
#6573=ADVANCED_FACE('',(#2455),#1902,.T.);
#6574=ADVANCED_FACE('',(#2456),#1903,.T.);
#6575=ADVANCED_FACE('',(#2457),#1904,.T.);
#6576=ADVANCED_FACE('',(#2458),#1905,.T.);
#6577=ADVANCED_FACE('',(#2459),#1906,.T.);
#6578=ADVANCED_FACE('',(#2460),#1907,.T.);
#6579=ADVANCED_FACE('',(#2461),#1908,.T.);
#6580=ADVANCED_FACE('',(#2462),#1909,.T.);
#6581=ADVANCED_FACE('',(#2463),#1910,.T.);
#6582=ADVANCED_FACE('',(#2464),#1911,.T.);
#6583=ADVANCED_FACE('',(#2465),#1912,.T.);
#6584=ADVANCED_FACE('',(#2466),#1913,.T.);
#6585=ADVANCED_FACE('',(#2467),#1914,.T.);
#6586=ADVANCED_FACE('',(#2468),#1915,.T.);
#6587=ADVANCED_FACE('',(#2469),#1916,.T.);
#6588=ADVANCED_FACE('',(#2470),#1917,.T.);
#6589=ADVANCED_FACE('',(#2471),#1918,.T.);
#6590=ADVANCED_FACE('',(#2472),#1919,.T.);
#6591=ADVANCED_FACE('',(#2473),#1920,.T.);
#6592=ADVANCED_FACE('',(#2474),#1921,.T.);
#6593=ADVANCED_FACE('',(#2475),#1922,.T.);
#6594=ADVANCED_FACE('',(#2476),#1923,.T.);
#6595=ADVANCED_FACE('',(#2477),#1924,.T.);
#6596=ADVANCED_FACE('',(#2478),#1925,.T.);
#6597=ADVANCED_FACE('',(#2479),#1926,.T.);
#6598=ADVANCED_FACE('',(#2480),#1927,.T.);
#6599=ADVANCED_FACE('',(#2481),#1928,.T.);
#6600=ADVANCED_FACE('',(#2482),#1929,.T.);
#6601=ADVANCED_FACE('',(#2483),#1930,.T.);
#6602=ADVANCED_FACE('',(#2484),#1931,.T.);
#6603=ADVANCED_FACE('',(#2485),#1932,.T.);
#6604=ADVANCED_FACE('',(#2486),#1933,.T.);
#6605=ADVANCED_FACE('',(#2487),#1934,.T.);
#6606=ADVANCED_FACE('',(#2488),#1935,.T.);
#6607=ADVANCED_FACE('',(#2489),#1936,.T.);
#6608=ADVANCED_FACE('',(#2490),#1937,.T.);
#6609=ADVANCED_FACE('',(#2491),#1938,.T.);
#6610=ADVANCED_FACE('',(#2492),#1939,.T.);
#6611=ADVANCED_FACE('',(#2493),#1940,.T.);
#6612=ADVANCED_FACE('',(#2494),#1941,.T.);
#6613=ADVANCED_FACE('',(#2495),#1942,.T.);
#6614=ADVANCED_FACE('',(#2496),#1943,.T.);
#6615=ADVANCED_FACE('',(#2497),#1944,.T.);
#6616=ADVANCED_FACE('',(#2498),#1945,.T.);
#6617=ADVANCED_FACE('',(#2499),#1946,.T.);
#6618=ADVANCED_FACE('',(#2500),#1947,.T.);
#6619=ADVANCED_FACE('',(#2501),#1948,.T.);
#6620=ADVANCED_FACE('',(#2502),#1949,.T.);
#6621=ADVANCED_FACE('',(#2503),#1950,.T.);
#6622=ADVANCED_FACE('',(#2504),#1951,.T.);
#6623=ADVANCED_FACE('',(#2505),#1952,.T.);
#6624=ADVANCED_FACE('',(#2506),#1953,.T.);
#6625=ADVANCED_FACE('',(#2507),#1954,.T.);
#6626=ADVANCED_FACE('',(#2508),#1955,.T.);
#6627=ADVANCED_FACE('',(#2509),#1956,.T.);
#6628=ADVANCED_FACE('',(#2510),#1957,.T.);
#6629=ADVANCED_FACE('',(#2511),#1958,.T.);
#6630=ADVANCED_FACE('',(#2512),#1959,.T.);
#6631=ADVANCED_FACE('',(#2513),#1960,.T.);
#6632=ADVANCED_FACE('',(#2514),#1961,.T.);
#6633=ADVANCED_FACE('',(#2515),#1962,.T.);
#6634=ADVANCED_FACE('',(#2516),#1963,.T.);
#6635=ADVANCED_FACE('',(#2517),#1964,.T.);
#6636=ADVANCED_FACE('',(#2518),#1965,.T.);
#6637=ADVANCED_FACE('',(#2519),#1966,.T.);
#6638=ADVANCED_FACE('',(#2520),#1967,.T.);
#6639=ADVANCED_FACE('',(#2521),#1968,.T.);
#6640=ADVANCED_FACE('',(#2522),#1969,.T.);
#6641=ADVANCED_FACE('',(#2523),#1970,.T.);
#6642=ADVANCED_FACE('',(#2524),#1971,.T.);
#6643=ADVANCED_FACE('',(#2525),#1972,.T.);
#6644=ADVANCED_FACE('',(#2526),#1973,.T.);
#6645=ADVANCED_FACE('',(#2527),#1974,.T.);
#6646=ADVANCED_FACE('',(#2528),#1975,.T.);
#6647=ADVANCED_FACE('',(#2529),#1976,.T.);
#6648=ADVANCED_FACE('',(#2530),#1977,.T.);
#6649=ADVANCED_FACE('',(#2531),#1978,.T.);
#6650=ADVANCED_FACE('',(#2532),#1979,.T.);
#6651=ADVANCED_FACE('',(#2533),#1980,.T.);
#6652=ADVANCED_FACE('',(#2534),#1981,.T.);
#6653=ADVANCED_FACE('',(#2535),#1982,.T.);
#6654=ADVANCED_FACE('',(#2536),#1983,.T.);
#6655=ADVANCED_FACE('',(#2537),#1984,.T.);
#6656=ADVANCED_FACE('',(#2538),#1985,.T.);
#6657=ADVANCED_FACE('',(#2539),#1986,.T.);
#6658=ADVANCED_FACE('',(#2540),#1987,.T.);
#6659=ADVANCED_FACE('',(#2541),#1988,.T.);
#6660=ADVANCED_FACE('',(#2542),#1989,.T.);
#6661=ADVANCED_FACE('',(#2543),#1990,.T.);
#6662=ADVANCED_FACE('',(#2544),#1991,.T.);
#6663=ADVANCED_FACE('',(#2545),#1992,.T.);
#6664=ADVANCED_FACE('',(#2546),#1993,.T.);
#6665=ADVANCED_FACE('',(#2547),#1994,.T.);
#6666=ADVANCED_FACE('',(#2548),#1995,.T.);
#6667=ADVANCED_FACE('',(#2549),#1996,.T.);
#6668=ADVANCED_FACE('',(#2550),#1997,.T.);
#6669=ADVANCED_FACE('',(#2551),#1998,.T.);
#6670=ADVANCED_FACE('',(#2552),#1999,.T.);
#6671=ADVANCED_FACE('',(#2553),#2000,.T.);
#6672=ADVANCED_FACE('',(#2554),#2001,.T.);
#6673=ADVANCED_FACE('',(#2555),#2002,.T.);
#6674=ADVANCED_FACE('',(#2556),#2003,.T.);
#6675=ADVANCED_FACE('',(#2557),#2004,.T.);
#6676=ADVANCED_FACE('',(#2558),#2005,.T.);
#6677=ADVANCED_FACE('',(#2559),#2006,.T.);
#6678=ADVANCED_FACE('',(#2560),#2007,.T.);
#6679=ADVANCED_FACE('',(#2561),#2008,.T.);
#6680=ADVANCED_FACE('',(#2562),#2009,.T.);
#6681=ADVANCED_FACE('',(#2563),#2010,.T.);
#6682=ADVANCED_FACE('',(#2564),#2011,.T.);
#6683=ADVANCED_FACE('',(#2565),#2012,.T.);
#6684=ADVANCED_FACE('',(#2566),#2013,.T.);
#6685=ADVANCED_FACE('',(#2567),#2014,.T.);
#6686=ADVANCED_FACE('',(#2568),#2015,.T.);
#6687=ADVANCED_FACE('',(#2569),#2016,.T.);
#6688=ADVANCED_FACE('',(#2570),#2017,.T.);
#6689=ADVANCED_FACE('',(#2571),#2018,.T.);
#6690=ADVANCED_FACE('',(#2572),#2019,.T.);
#6691=ADVANCED_FACE('',(#2573),#2020,.T.);
#6692=ADVANCED_FACE('',(#2574),#2021,.T.);
#6693=ADVANCED_FACE('',(#2575),#2022,.T.);
#6694=ADVANCED_FACE('',(#2576),#2023,.T.);
#6695=ADVANCED_FACE('',(#2577),#2024,.T.);
#6696=ADVANCED_FACE('',(#2578),#2025,.T.);
#6697=ADVANCED_FACE('',(#2579),#2026,.T.);
#6698=ADVANCED_FACE('',(#2580),#2027,.T.);
#6699=ADVANCED_FACE('',(#2581),#2028,.T.);
#6700=ADVANCED_FACE('',(#2582),#2029,.T.);
#6701=ADVANCED_FACE('',(#2583),#2030,.T.);
#6702=ADVANCED_FACE('',(#2584),#2031,.T.);
#6703=ADVANCED_FACE('',(#2585),#2032,.T.);
#6704=ADVANCED_FACE('',(#2586),#2033,.T.);
#6705=ADVANCED_FACE('',(#2587),#2034,.T.);
#6706=ADVANCED_FACE('',(#2588),#2035,.T.);
#6707=ADVANCED_FACE('',(#2589),#2036,.T.);
#6708=ADVANCED_FACE('',(#2590),#2037,.T.);
#6709=ADVANCED_FACE('',(#2591),#2038,.T.);
#6710=ADVANCED_FACE('',(#2592),#2039,.T.);
#6711=ADVANCED_FACE('',(#2593),#2040,.T.);
#6712=ADVANCED_FACE('',(#2594),#2041,.T.);
#6713=ADVANCED_FACE('',(#2595),#2042,.T.);
#6714=ADVANCED_FACE('',(#2596),#2043,.T.);
#6715=ADVANCED_FACE('',(#2597),#2044,.T.);
#6716=ADVANCED_FACE('',(#2598),#2045,.T.);
#6717=ADVANCED_FACE('',(#2599),#2046,.T.);
#6718=ADVANCED_FACE('',(#2600),#2047,.T.);
#6719=ADVANCED_FACE('',(#2601),#2048,.T.);
#6720=ADVANCED_FACE('',(#2602),#2049,.T.);
#6721=ADVANCED_FACE('',(#2603),#2050,.T.);
#6722=ADVANCED_FACE('',(#2604),#2051,.T.);
#6723=ADVANCED_FACE('',(#2605),#2052,.T.);
#6724=ADVANCED_FACE('',(#2606),#2053,.T.);
#6725=ADVANCED_FACE('',(#2607),#2054,.T.);
#6726=ADVANCED_FACE('',(#2608),#2055,.T.);
#6727=ADVANCED_FACE('',(#2609),#2056,.T.);
#6728=ADVANCED_FACE('',(#2610),#2057,.T.);
#6729=ADVANCED_FACE('',(#2611),#2058,.T.);
#6730=ADVANCED_FACE('',(#2612),#2059,.T.);
#6731=ADVANCED_FACE('',(#2613),#2060,.T.);
#6732=ADVANCED_FACE('',(#2614),#2061,.T.);
#6733=ADVANCED_FACE('',(#2615),#2062,.T.);
#6734=ADVANCED_FACE('',(#2616),#2063,.T.);
#6735=ADVANCED_FACE('',(#2617),#2064,.T.);
#6736=ADVANCED_FACE('',(#2618),#2065,.T.);
#6737=ADVANCED_FACE('',(#2619),#2066,.T.);
#6738=ADVANCED_FACE('',(#2620),#2067,.T.);
#6739=ADVANCED_FACE('',(#2621),#2068,.T.);
#6740=ADVANCED_FACE('',(#2622),#2069,.T.);
#6741=ADVANCED_FACE('',(#2623),#2070,.T.);
#6742=ADVANCED_FACE('',(#2624),#2071,.T.);
#6743=ADVANCED_FACE('',(#2625),#2072,.T.);
#6744=ADVANCED_FACE('',(#2626),#2073,.T.);
#6745=ADVANCED_FACE('',(#2627),#2074,.T.);
#6746=ADVANCED_FACE('',(#2628),#2075,.T.);
#6747=ADVANCED_FACE('',(#2629),#2076,.T.);
#6748=ADVANCED_FACE('',(#2630),#2077,.T.);
#6749=ADVANCED_FACE('',(#2631),#2078,.T.);
#6750=ADVANCED_FACE('',(#2632),#2079,.T.);
#6751=ADVANCED_FACE('',(#2633),#2080,.T.);
#6752=ADVANCED_FACE('',(#2634),#2081,.T.);
#6753=ADVANCED_FACE('',(#2635),#2082,.T.);
#6754=ADVANCED_FACE('',(#2636),#2083,.T.);
#6755=ADVANCED_FACE('',(#2637),#2084,.T.);
#6756=ADVANCED_FACE('',(#2638),#2085,.T.);
#6757=ADVANCED_FACE('',(#2639),#2086,.T.);
#6758=ADVANCED_FACE('',(#2640),#2087,.T.);
#6759=ADVANCED_FACE('',(#2641),#2088,.T.);
#6760=ADVANCED_FACE('',(#2642),#2089,.T.);
#6761=ADVANCED_FACE('',(#2643),#2090,.T.);
#6762=ADVANCED_FACE('',(#2644),#2091,.T.);
#6763=ADVANCED_FACE('',(#2645),#2092,.T.);
#6764=ADVANCED_FACE('',(#2646),#2093,.T.);
#6765=ADVANCED_FACE('',(#2647),#2094,.T.);
#6766=ADVANCED_FACE('',(#2648),#2095,.T.);
#6767=ADVANCED_FACE('',(#2649),#2096,.T.);
#6768=ADVANCED_FACE('',(#2650),#2097,.T.);
#6769=ADVANCED_FACE('',(#2651),#2098,.T.);
#6770=ADVANCED_FACE('',(#2652),#2099,.T.);
#6771=ADVANCED_FACE('',(#2653),#2100,.T.);
#6772=ADVANCED_FACE('',(#2654),#2101,.T.);
#6773=ADVANCED_FACE('',(#2655),#2102,.T.);
#6774=ADVANCED_FACE('',(#2656),#2103,.T.);
#6775=ADVANCED_FACE('',(#2657),#2104,.T.);
#6776=ADVANCED_FACE('',(#2658),#2105,.T.);
#6777=ADVANCED_FACE('',(#2659),#2106,.T.);
#6778=ADVANCED_FACE('',(#2660),#2107,.T.);
#6779=ADVANCED_FACE('',(#2661),#2108,.T.);
#6780=ADVANCED_FACE('',(#2662),#2109,.T.);
#6781=ADVANCED_FACE('',(#2663),#2110,.T.);
#6782=ADVANCED_FACE('',(#2664),#2111,.T.);
#6783=ADVANCED_FACE('',(#2665),#2112,.T.);
#6784=ADVANCED_FACE('',(#2666),#2113,.T.);
#6785=ADVANCED_FACE('',(#2667),#2114,.T.);
#6786=ADVANCED_FACE('',(#2668),#2115,.T.);
#6787=ADVANCED_FACE('',(#2669),#2116,.T.);
#6788=ADVANCED_FACE('',(#2670),#2117,.T.);
#6789=ADVANCED_FACE('',(#2671),#2118,.T.);
#6790=ADVANCED_FACE('',(#2672),#2119,.T.);
#6791=ADVANCED_FACE('',(#2673),#2120,.T.);
#6792=ADVANCED_FACE('',(#2674),#2121,.T.);
#6793=ADVANCED_FACE('',(#2675),#2122,.T.);
#6794=ADVANCED_FACE('',(#2676),#2123,.T.);
#6795=ADVANCED_FACE('',(#2677),#2124,.T.);
#6796=ADVANCED_FACE('',(#2678),#2125,.T.);
#6797=ADVANCED_FACE('',(#2679),#2126,.T.);
#6798=ADVANCED_FACE('',(#2680),#2127,.T.);
#6799=ADVANCED_FACE('',(#2681),#2128,.T.);
#6800=ADVANCED_FACE('',(#2682),#2129,.T.);
#6801=ADVANCED_FACE('',(#2683),#2130,.T.);
#6802=ADVANCED_FACE('',(#2684),#2131,.T.);
#6803=ADVANCED_FACE('',(#2685),#2132,.T.);
#6804=ADVANCED_FACE('',(#2686),#2133,.T.);
#6805=ADVANCED_FACE('',(#2687),#2134,.T.);
#6806=ADVANCED_FACE('',(#2688),#2135,.T.);
#6807=ADVANCED_FACE('',(#2689),#2136,.T.);
#6808=ADVANCED_FACE('',(#2690),#2137,.T.);
#6809=ADVANCED_FACE('',(#2691),#2138,.T.);
#6810=ADVANCED_FACE('',(#2692),#2139,.T.);
#6811=ADVANCED_FACE('',(#2693),#2140,.T.);
#6812=ADVANCED_FACE('',(#2694),#2141,.T.);
#6813=ADVANCED_FACE('',(#2695),#2142,.T.);
#6814=ADVANCED_FACE('',(#2696),#2143,.T.);
#6815=ADVANCED_FACE('',(#2697),#2144,.T.);
#6816=ADVANCED_FACE('',(#2698),#2145,.T.);
#6817=ADVANCED_FACE('',(#2699),#2146,.T.);
#6818=ADVANCED_FACE('',(#2700),#2147,.T.);
#6819=ADVANCED_FACE('',(#2701),#2148,.T.);
#6820=ADVANCED_FACE('',(#2702),#2149,.T.);
#6821=ADVANCED_FACE('',(#2703),#2150,.T.);
#6822=ADVANCED_FACE('',(#2704),#2151,.T.);
#6823=ADVANCED_FACE('',(#2705),#2152,.T.);
#6824=ADVANCED_FACE('',(#2706),#2153,.T.);
#6825=ADVANCED_FACE('',(#2707),#2154,.T.);
#6826=ADVANCED_FACE('',(#2708),#2155,.T.);
#6827=ADVANCED_FACE('',(#2709),#2156,.T.);
#6828=ADVANCED_FACE('',(#2710),#2157,.T.);
#6829=ADVANCED_FACE('',(#2711),#2158,.T.);
#6830=ADVANCED_FACE('',(#2712),#2159,.T.);
#6831=ADVANCED_FACE('',(#2713),#2160,.T.);
#6832=ADVANCED_FACE('',(#2714),#2161,.T.);
#6833=ADVANCED_FACE('',(#2715),#2162,.T.);
#6834=ADVANCED_FACE('',(#2716),#2163,.T.);
#6835=ADVANCED_FACE('',(#2717),#2164,.T.);
#6836=ADVANCED_FACE('',(#2718),#2165,.T.);
#6837=ADVANCED_FACE('',(#2719),#2166,.T.);
#6838=ADVANCED_FACE('',(#2720),#2167,.T.);
#6839=ADVANCED_FACE('',(#2721),#2168,.T.);
#6840=ADVANCED_FACE('',(#2722),#2169,.T.);
#6841=ADVANCED_FACE('',(#2723),#2170,.T.);
#6842=ADVANCED_FACE('',(#2724),#2171,.T.);
#6843=ADVANCED_FACE('',(#2725),#2172,.T.);
#6844=ADVANCED_FACE('',(#2726),#2173,.T.);
#6845=ADVANCED_FACE('',(#2727),#2174,.T.);
#6846=ADVANCED_FACE('',(#2728),#2175,.T.);
#6847=ADVANCED_FACE('',(#2729),#2176,.T.);
#6848=ADVANCED_FACE('',(#2730),#2177,.T.);
#6849=ADVANCED_FACE('',(#2731),#2178,.T.);
#6850=ADVANCED_FACE('',(#2732),#2179,.T.);
#6851=ADVANCED_FACE('',(#2733),#2180,.T.);
#6852=ADVANCED_FACE('',(#2734),#2181,.T.);
#6853=ADVANCED_FACE('',(#2735),#2182,.T.);
#6854=ADVANCED_FACE('',(#2736),#2183,.T.);
#6855=ADVANCED_FACE('',(#2737),#2184,.T.);
#6856=ADVANCED_FACE('',(#2738),#2185,.T.);
#6857=ADVANCED_FACE('',(#2739),#2186,.T.);
#6858=ADVANCED_FACE('',(#2740),#2187,.T.);
#6859=ADVANCED_FACE('',(#2741),#2188,.T.);
#6860=ADVANCED_FACE('',(#2742),#2189,.T.);
#6861=ADVANCED_FACE('',(#2743),#2190,.T.);
#6862=ADVANCED_FACE('',(#2744),#2191,.T.);
#6863=ADVANCED_FACE('',(#2745),#2192,.T.);
#6864=ADVANCED_FACE('',(#2746),#2193,.T.);
#6865=ADVANCED_FACE('',(#2747),#2194,.T.);
#6866=ADVANCED_FACE('',(#2748),#2195,.T.);
#6867=ADVANCED_FACE('',(#2749),#2196,.T.);
#6868=ADVANCED_FACE('',(#2750),#2197,.T.);
#6869=ADVANCED_FACE('',(#2751),#2198,.T.);
#6870=ADVANCED_FACE('',(#2752),#2199,.T.);
#6871=ADVANCED_FACE('',(#2753),#2200,.T.);
#6872=ADVANCED_FACE('',(#2754),#2201,.T.);
#6873=ADVANCED_FACE('',(#2755),#2202,.T.);
#6874=ADVANCED_FACE('',(#2756),#2203,.T.);
#6875=ADVANCED_FACE('',(#2757),#2204,.T.);
#6876=ADVANCED_FACE('',(#2758),#2205,.T.);
#6877=ADVANCED_FACE('',(#2759),#2206,.T.);
#6878=ADVANCED_FACE('',(#2760),#2207,.T.);
#6879=ADVANCED_FACE('',(#2761),#2208,.T.);
#6880=ADVANCED_FACE('',(#2762),#2209,.T.);
#6881=ADVANCED_FACE('',(#2763),#2210,.T.);
#6882=ADVANCED_FACE('',(#2764),#2211,.T.);
#6883=ADVANCED_FACE('',(#2765),#2212,.T.);
#6884=ADVANCED_FACE('',(#2766),#2213,.T.);
#6885=ADVANCED_FACE('',(#2767),#2214,.T.);
#6886=ADVANCED_FACE('',(#2768),#2215,.T.);
#6887=ADVANCED_FACE('',(#2769),#2216,.T.);
#6888=ADVANCED_FACE('',(#2770),#2217,.T.);
#6889=ADVANCED_FACE('',(#2771),#2218,.T.);
#6890=ADVANCED_FACE('',(#2772),#2219,.T.);
#6891=ADVANCED_FACE('',(#2773),#2220,.T.);
#6892=ADVANCED_FACE('',(#2774),#2221,.T.);
#6893=ADVANCED_FACE('',(#2775),#2222,.T.);
#6894=ADVANCED_FACE('',(#2776),#2223,.T.);
#6895=ADVANCED_FACE('',(#2777),#2224,.T.);
#6896=ADVANCED_FACE('',(#2778),#2225,.T.);
#6897=ADVANCED_FACE('',(#2779),#2226,.T.);
#6898=ADVANCED_FACE('',(#2780),#2227,.T.);
#6899=ADVANCED_FACE('',(#2781),#2228,.T.);
#6900=ADVANCED_FACE('',(#2782),#2229,.T.);
#6901=ADVANCED_FACE('',(#2783),#2230,.T.);
#6902=ADVANCED_FACE('',(#2784),#2231,.T.);
#6903=ADVANCED_FACE('',(#2785),#2232,.T.);
#6904=ADVANCED_FACE('',(#2786),#2233,.T.);
#6905=ADVANCED_FACE('',(#2787),#2234,.T.);
#6906=ADVANCED_FACE('',(#2788),#2235,.T.);
#6907=ADVANCED_FACE('',(#2789),#2236,.T.);
#6908=ADVANCED_FACE('',(#2790),#2237,.T.);
#6909=ADVANCED_FACE('',(#2791),#2238,.T.);
#6910=ADVANCED_FACE('',(#2792),#2239,.T.);
#6911=ADVANCED_FACE('',(#2793),#2240,.T.);
#6912=ADVANCED_FACE('',(#2794),#2241,.T.);
#6913=ADVANCED_FACE('',(#2795),#2242,.T.);
#6914=ADVANCED_FACE('',(#2796),#2243,.T.);
#6915=ADVANCED_FACE('',(#2797),#2244,.T.);
#6916=ADVANCED_FACE('',(#2798),#2245,.T.);
#6917=ADVANCED_FACE('',(#2799),#2246,.T.);
#6918=ADVANCED_FACE('',(#2800),#2247,.T.);
#6919=ADVANCED_FACE('',(#2801),#2248,.T.);
#6920=ADVANCED_FACE('',(#2802),#2249,.T.);
#6921=ADVANCED_FACE('',(#2803),#2250,.T.);
#6922=ADVANCED_FACE('',(#2804),#2251,.T.);
#6923=ADVANCED_FACE('',(#2805),#2252,.T.);
#6924=ADVANCED_FACE('',(#2806),#2253,.T.);
#6925=ADVANCED_FACE('',(#2807),#2254,.T.);
#6926=ADVANCED_FACE('',(#2808),#2255,.T.);
#6927=ADVANCED_FACE('',(#2809),#2256,.T.);
#6928=ADVANCED_FACE('',(#2810),#2257,.T.);
#6929=ADVANCED_FACE('',(#2811),#2258,.T.);
#6930=ADVANCED_FACE('',(#2812),#2259,.T.);
#6931=ADVANCED_FACE('',(#2813),#2260,.T.);
#6932=ADVANCED_FACE('',(#2814),#2261,.T.);
#6933=ADVANCED_FACE('',(#2815),#2262,.T.);
#6934=ADVANCED_FACE('',(#2816),#2263,.T.);
#6935=ADVANCED_FACE('',(#2817),#2264,.T.);
#6936=ADVANCED_FACE('',(#2818),#2265,.T.);
#6937=ADVANCED_FACE('',(#2819),#2266,.T.);
#6938=ADVANCED_FACE('',(#2820),#2267,.T.);
#6939=ADVANCED_FACE('',(#2821),#2268,.T.);
#6940=ADVANCED_FACE('',(#2822),#2269,.T.);
#6941=ADVANCED_FACE('',(#2823),#2270,.T.);
#6942=ADVANCED_FACE('',(#2824),#2271,.T.);
#6943=ADVANCED_FACE('',(#2825),#2272,.T.);
#6944=ADVANCED_FACE('',(#2826),#2273,.T.);
#6945=ADVANCED_FACE('',(#2827),#2274,.T.);
#6946=ADVANCED_FACE('',(#2828),#2275,.T.);
#6947=ADVANCED_FACE('',(#2829),#2276,.T.);
#6948=ADVANCED_FACE('',(#2830),#2277,.T.);
#6949=ADVANCED_FACE('',(#2831),#2278,.T.);
#6950=ADVANCED_FACE('',(#2832),#2279,.T.);
#6951=ADVANCED_FACE('',(#2833),#2280,.T.);
#6952=ADVANCED_FACE('',(#2834),#2281,.T.);
#6953=ADVANCED_FACE('',(#2835),#2282,.T.);
#6954=ADVANCED_FACE('',(#2836),#2283,.T.);
#6955=ADVANCED_FACE('',(#2837),#2284,.T.);
#6956=ADVANCED_FACE('',(#2838),#2285,.T.);
#6957=ADVANCED_FACE('',(#2839),#2286,.T.);
#6958=ADVANCED_FACE('',(#2840),#2287,.T.);
#6959=ADVANCED_FACE('',(#2841),#2288,.T.);
#6960=ADVANCED_FACE('',(#2842),#2289,.T.);
#6961=ADVANCED_FACE('',(#2843),#2290,.T.);
#6962=ADVANCED_FACE('',(#2844),#2291,.T.);
#6963=ADVANCED_FACE('',(#2845),#2292,.T.);
#6964=ADVANCED_FACE('',(#2846),#2293,.T.);
#6965=ADVANCED_FACE('',(#2847),#2294,.T.);
#6966=ADVANCED_FACE('',(#2848),#2295,.T.);
#6967=ADVANCED_FACE('',(#2849),#2296,.T.);
#6968=ADVANCED_FACE('',(#2850),#2297,.T.);
#6969=ADVANCED_FACE('',(#2851),#2298,.T.);
#6970=ADVANCED_FACE('',(#2852),#2299,.T.);
#6971=ADVANCED_FACE('',(#2853),#2300,.T.);
#6972=ADVANCED_FACE('',(#2854),#2301,.T.);
#6973=ADVANCED_FACE('',(#2855),#2302,.T.);
#6974=ADVANCED_FACE('',(#2856),#2303,.T.);
#6975=ADVANCED_FACE('',(#2857),#2304,.T.);
#6976=ADVANCED_FACE('',(#2858),#2305,.T.);
#6977=ADVANCED_FACE('',(#2859),#2306,.T.);
#6978=ADVANCED_FACE('',(#2860),#2307,.T.);
#6979=ADVANCED_FACE('',(#2861),#2308,.T.);
#6980=ADVANCED_FACE('',(#2862),#2309,.T.);
#6981=ADVANCED_FACE('',(#2863),#2310,.T.);
#6982=ADVANCED_FACE('',(#2864),#2311,.T.);
#6983=ADVANCED_FACE('',(#2865),#2312,.T.);
#6984=ADVANCED_FACE('',(#2866),#2313,.T.);
#6985=CLOSED_SHELL('',(#6432,#6433,#6434,#6435,#6436,#6437,#6438,#6439,
#6440,#6441,#6442,#6443,#6444,#6445,#6446,#6447,#6448,#6449,#6450,#6451,
#6452,#6453,#6454,#6455,#6456,#6457,#6458,#6459,#6460,#6461,#6462,#6463,
#6464,#6465,#6466,#6467,#6468,#6469,#6470,#6471,#6472,#6473,#6474,#6475,
#6476,#6477,#6478,#6479,#6480,#6481,#6482,#6483,#6484,#6485,#6486,#6487,
#6488,#6489,#6490,#6491,#6492,#6493,#6494,#6495,#6496,#6497,#6498,#6499,
#6500,#6501,#6502,#6503,#6504,#6505,#6506,#6507,#6508,#6509,#6510,#6511,
#6512,#6513,#6514,#6515,#6516,#6517,#6518,#6519,#6520,#6521,#6522,#6523,
#6524,#6525,#6526,#6527,#6528,#6529,#6530,#6531,#6532,#6533,#6534,#6535,
#6536,#6537,#6538,#6539,#6540,#6541,#6542,#6543,#6544,#6545,#6546,#6547,
#6548,#6549,#6550,#6551,#6552,#6553,#6554,#6555,#6556,#6557,#6558,#6559,
#6560,#6561,#6562,#6563,#6564,#6565,#6566,#6567,#6568,#6569,#6570,#6571,
#6572,#6573,#6574,#6575,#6576,#6577,#6578,#6579,#6580,#6581,#6582,#6583,
#6584,#6585,#6586,#6587,#6588,#6589,#6590,#6591,#6592,#6593,#6594,#6595,
#6596,#6597,#6598,#6599,#6600,#6601,#6602,#6603,#6604,#6605,#6606,#6607,
#6608,#6609,#6610,#6611,#6612,#6613,#6614,#6615,#6616,#6617,#6618,#6619,
#6620,#6621,#6622,#6623,#6624,#6625,#6626,#6627,#6628,#6629,#6630,#6631,
#6632,#6633,#6634,#6635,#6636,#6637,#6638,#6639,#6640,#6641,#6642,#6643,
#6644,#6645,#6646,#6647,#6648,#6649,#6650,#6651,#6652,#6653,#6654,#6655,
#6656,#6657,#6658,#6659,#6660,#6661,#6662,#6663,#6664,#6665,#6666,#6667,
#6668,#6669,#6670,#6671,#6672,#6673,#6674,#6675,#6676,#6677,#6678,#6679,
#6680,#6681,#6682,#6683,#6684,#6685,#6686,#6687,#6688,#6689,#6690,#6691,
#6692,#6693,#6694,#6695,#6696,#6697,#6698,#6699,#6700,#6701,#6702,#6703,
#6704,#6705,#6706,#6707,#6708,#6709,#6710,#6711,#6712,#6713,#6714,#6715,
#6716,#6717,#6718,#6719,#6720,#6721,#6722,#6723,#6724,#6725,#6726,#6727,
#6728,#6729,#6730,#6731,#6732,#6733,#6734,#6735,#6736,#6737,#6738,#6739,
#6740,#6741,#6742,#6743,#6744,#6745,#6746,#6747,#6748,#6749,#6750,#6751,
#6752,#6753,#6754,#6755,#6756,#6757,#6758,#6759,#6760,#6761,#6762,#6763,
#6764,#6765,#6766,#6767,#6768,#6769,#6770,#6771,#6772,#6773,#6774,#6775,
#6776,#6777,#6778,#6779,#6780,#6781,#6782,#6783,#6784,#6785,#6786,#6787,
#6788,#6789,#6790,#6791,#6792,#6793,#6794,#6795,#6796,#6797,#6798,#6799,
#6800,#6801,#6802,#6803,#6804,#6805,#6806,#6807,#6808,#6809,#6810,#6811,
#6812,#6813,#6814,#6815,#6816,#6817,#6818,#6819,#6820,#6821,#6822,#6823,
#6824,#6825,#6826,#6827,#6828,#6829,#6830,#6831,#6832,#6833,#6834,#6835,
#6836,#6837,#6838,#6839,#6840,#6841,#6842,#6843,#6844,#6845,#6846,#6847,
#6848,#6849,#6850,#6851,#6852,#6853,#6854,#6855,#6856,#6857,#6858,#6859,
#6860,#6861,#6862,#6863,#6864,#6865,#6866,#6867,#6868,#6869,#6870,#6871,
#6872,#6873,#6874,#6875,#6876,#6877,#6878,#6879,#6880,#6881,#6882,#6883,
#6884,#6885,#6886,#6887,#6888,#6889,#6890,#6891,#6892,#6893,#6894,#6895,
#6896,#6897,#6898,#6899,#6900,#6901,#6902,#6903,#6904,#6905,#6906,#6907,
#6908,#6909,#6910,#6911,#6912,#6913,#6914,#6915,#6916,#6917,#6918,#6919,
#6920,#6921,#6922,#6923,#6924,#6925,#6926,#6927,#6928,#6929,#6930,#6931,
#6932,#6933,#6934,#6935,#6936,#6937,#6938,#6939,#6940,#6941,#6942,#6943,
#6944,#6945,#6946,#6947,#6948,#6949,#6950,#6951,#6952,#6953,#6954,#6955,
#6956,#6957,#6958,#6959,#6960,#6961,#6962,#6963,#6964,#6965,#6966,#6967,
#6968,#6969,#6970,#6971,#6972,#6973,#6974,#6975,#6976,#6977,#6978,#6979,
#6980,#6981,#6982,#6983,#6984));
#6986=AXIS2_PLACEMENT_3D('',#9560,#7553,#7554);
#6987=AXIS2_PLACEMENT_3D('',#9561,#7555,#7556);
#6988=AXIS2_PLACEMENT_3D('',#9563,#7557,#7558);
#6989=AXIS2_PLACEMENT_3D('',#9565,#7559,#7560);
#6990=AXIS2_PLACEMENT_3D('',#9566,#7561,#7562);
#6991=AXIS2_PLACEMENT_3D('',#9567,#7563,#7564);
#6992=AXIS2_PLACEMENT_3D('',#9570,#7565,#7566);
#6993=AXIS2_PLACEMENT_3D('',#9574,#7568,#7569);
#6994=AXIS2_PLACEMENT_3D('',#9578,#7571,#7572);
#6995=AXIS2_PLACEMENT_3D('',#9582,#7574,#7575);
#6996=AXIS2_PLACEMENT_3D('',#9584,#7577,#7578);
#6997=AXIS2_PLACEMENT_3D('',#9586,#7579,#7580);
#6998=AXIS2_PLACEMENT_3D('',#9587,#7581,#7582);
#6999=AXIS2_PLACEMENT_3D('',#9588,#7583,#7584);
#7000=AXIS2_PLACEMENT_3D('',#9589,#7585,#7586);
#7001=AXIS2_PLACEMENT_3D('',#9593,#7588,#7589);
#7002=AXIS2_PLACEMENT_3D('',#9595,#7591,#7592);
#7003=AXIS2_PLACEMENT_3D('',#9599,#7595,#7596);
#7004=AXIS2_PLACEMENT_3D('',#9603,#7598,#7599);
#7005=AXIS2_PLACEMENT_3D('',#9607,#7601,#7602);
#7006=AXIS2_PLACEMENT_3D('',#9610,#7604,#7605);
#7007=AXIS2_PLACEMENT_3D('',#9619,#7610,#7611);
#7008=AXIS2_PLACEMENT_3D('',#9621,#7613,#7614);
#7009=AXIS2_PLACEMENT_3D('',#9623,#7616,#7617);
#7010=AXIS2_PLACEMENT_3D('',#9625,#7619,#7620);
#7011=AXIS2_PLACEMENT_3D('',#9627,#7622,#7623);
#7012=AXIS2_PLACEMENT_3D('',#9629,#7625,#7626);
#7013=AXIS2_PLACEMENT_3D('',#9630,#7627,#7628);
#7014=AXIS2_PLACEMENT_3D('',#9640,#7634,#7635);
#7015=AXIS2_PLACEMENT_3D('',#9668,#7650,#7651);
#7016=AXIS2_PLACEMENT_3D('',#9682,#7659,#7660);
#7017=AXIS2_PLACEMENT_3D('',#9698,#7669,#7670);
#7018=AXIS2_PLACEMENT_3D('',#9736,#7690,#7691);
#7019=AXIS2_PLACEMENT_3D('',#9740,#7694,#7695);
#7020=AXIS2_PLACEMENT_3D('',#9744,#7698,#7699);
#7021=AXIS2_PLACEMENT_3D('',#9748,#7702,#7703);
#7022=AXIS2_PLACEMENT_3D('',#9752,#7706,#7707);
#7023=AXIS2_PLACEMENT_3D('',#9756,#7710,#7711);
#7024=AXIS2_PLACEMENT_3D('',#9760,#7714,#7715);
#7025=AXIS2_PLACEMENT_3D('',#9764,#7718,#7719);
#7026=AXIS2_PLACEMENT_3D('',#9768,#7722,#7723);
#7027=AXIS2_PLACEMENT_3D('',#9772,#7726,#7727);
#7028=AXIS2_PLACEMENT_3D('',#9776,#7730,#7731);
#7029=AXIS2_PLACEMENT_3D('',#9778,#7733,#7734);
#7030=AXIS2_PLACEMENT_3D('',#9780,#7736,#7737);
#7031=AXIS2_PLACEMENT_3D('',#9784,#7740,#7741);
#7032=AXIS2_PLACEMENT_3D('',#9788,#7744,#7745);
#7033=AXIS2_PLACEMENT_3D('',#9792,#7748,#7749);
#7034=AXIS2_PLACEMENT_3D('',#9794,#7751,#7752);
#7035=AXIS2_PLACEMENT_3D('',#9798,#7755,#7756);
#7036=AXIS2_PLACEMENT_3D('',#9800,#7758,#7759);
#7037=AXIS2_PLACEMENT_3D('',#9804,#7762,#7763);
#7038=AXIS2_PLACEMENT_3D('',#9808,#7766,#7767);
#7039=AXIS2_PLACEMENT_3D('',#9812,#7770,#7771);
#7040=AXIS2_PLACEMENT_3D('',#9816,#7774,#7775);
#7041=AXIS2_PLACEMENT_3D('',#9820,#7778,#7779);
#7042=AXIS2_PLACEMENT_3D('',#9824,#7782,#7783);
#7043=AXIS2_PLACEMENT_3D('',#9828,#7786,#7787);
#7044=AXIS2_PLACEMENT_3D('',#9832,#7790,#7791);
#7045=AXIS2_PLACEMENT_3D('',#9836,#7794,#7795);
#7046=AXIS2_PLACEMENT_3D('',#9838,#7797,#7798);
#7047=AXIS2_PLACEMENT_3D('',#9842,#7801,#7802);
#7048=AXIS2_PLACEMENT_3D('',#9846,#7805,#7806);
#7049=AXIS2_PLACEMENT_3D('',#9852,#7810,#7811);
#7050=AXIS2_PLACEMENT_3D('',#9856,#7814,#7815);
#7051=AXIS2_PLACEMENT_3D('',#9862,#7819,#7820);
#7052=AXIS2_PLACEMENT_3D('',#9868,#7824,#7825);
#7053=AXIS2_PLACEMENT_3D('',#9873,#7829,#7830);
#7054=AXIS2_PLACEMENT_3D('',#9877,#7833,#7834);
#7055=AXIS2_PLACEMENT_3D('',#9883,#7838,#7839);
#7056=AXIS2_PLACEMENT_3D('',#9887,#7842,#7843);
#7057=AXIS2_PLACEMENT_3D('',#9893,#7847,#7848);
#7058=AXIS2_PLACEMENT_3D('',#9899,#7852,#7853);
#7059=AXIS2_PLACEMENT_3D('',#9905,#7857,#7858);
#7060=AXIS2_PLACEMENT_3D('',#9911,#7862,#7863);
#7061=AXIS2_PLACEMENT_3D('',#9915,#7866,#7867);
#7062=AXIS2_PLACEMENT_3D('',#9921,#7871,#7872);
#7063=AXIS2_PLACEMENT_3D('',#9927,#7876,#7877);
#7064=AXIS2_PLACEMENT_3D('',#9930,#7880,#7881);
#7065=AXIS2_PLACEMENT_3D('',#9934,#7884,#7885);
#7066=AXIS2_PLACEMENT_3D('',#9940,#7889,#7890);
#7067=AXIS2_PLACEMENT_3D('',#9946,#7894,#7895);
#7068=AXIS2_PLACEMENT_3D('',#9952,#7899,#7900);
#7069=AXIS2_PLACEMENT_3D('',#9958,#7904,#7905);
#7070=AXIS2_PLACEMENT_3D('',#9963,#7909,#7910);
#7071=AXIS2_PLACEMENT_3D('',#9969,#7914,#7915);
#7072=AXIS2_PLACEMENT_3D('',#9975,#7919,#7920);
#7073=AXIS2_PLACEMENT_3D('',#9978,#7923,#7924);
#7074=AXIS2_PLACEMENT_3D('',#9984,#7928,#7929);
#7075=AXIS2_PLACEMENT_3D('',#9990,#7933,#7934);
#7076=AXIS2_PLACEMENT_3D('',#9994,#7937,#7938);
#7077=AXIS2_PLACEMENT_3D('',#10000,#7942,#7943);
#7078=AXIS2_PLACEMENT_3D('',#10006,#7947,#7948);
#7079=AXIS2_PLACEMENT_3D('',#10012,#7952,#7953);
#7080=AXIS2_PLACEMENT_3D('',#10014,#7955,#7956);
#7081=AXIS2_PLACEMENT_3D('',#10020,#7960,#7961);
#7082=AXIS2_PLACEMENT_3D('',#10026,#7965,#7966);
#7083=AXIS2_PLACEMENT_3D('',#10032,#7970,#7971);
#7084=AXIS2_PLACEMENT_3D('',#10038,#7975,#7976);
#7085=AXIS2_PLACEMENT_3D('',#10044,#7980,#7981);
#7086=AXIS2_PLACEMENT_3D('',#10050,#7985,#7986);
#7087=AXIS2_PLACEMENT_3D('',#10056,#7990,#7991);
#7088=AXIS2_PLACEMENT_3D('',#10062,#7995,#7996);
#7089=AXIS2_PLACEMENT_3D('',#10068,#8000,#8001);
#7090=AXIS2_PLACEMENT_3D('',#10074,#8005,#8006);
#7091=AXIS2_PLACEMENT_3D('',#10080,#8010,#8011);
#7092=AXIS2_PLACEMENT_3D('',#10086,#8015,#8016);
#7093=AXIS2_PLACEMENT_3D('',#10092,#8020,#8021);
#7094=AXIS2_PLACEMENT_3D('',#10098,#8025,#8026);
#7095=AXIS2_PLACEMENT_3D('',#10104,#8030,#8031);
#7096=AXIS2_PLACEMENT_3D('',#10109,#8035,#8036);
#7097=AXIS2_PLACEMENT_3D('',#10115,#8040,#8041);
#7098=AXIS2_PLACEMENT_3D('',#10119,#8044,#8045);
#7099=AXIS2_PLACEMENT_3D('',#10125,#8049,#8050);
#7100=AXIS2_PLACEMENT_3D('',#10131,#8054,#8055);
#7101=AXIS2_PLACEMENT_3D('',#10135,#8058,#8059);
#7102=AXIS2_PLACEMENT_3D('',#10141,#8063,#8064);
#7103=AXIS2_PLACEMENT_3D('',#10147,#8068,#8069);
#7104=AXIS2_PLACEMENT_3D('',#10151,#8072,#8073);
#7105=AXIS2_PLACEMENT_3D('',#10157,#8077,#8078);
#7106=AXIS2_PLACEMENT_3D('',#10163,#8082,#8083);
#7107=AXIS2_PLACEMENT_3D('',#10169,#8087,#8088);
#7108=AXIS2_PLACEMENT_3D('',#10175,#8092,#8093);
#7109=AXIS2_PLACEMENT_3D('',#10181,#8097,#8098);
#7110=AXIS2_PLACEMENT_3D('',#10187,#8102,#8103);
#7111=AXIS2_PLACEMENT_3D('',#10189,#8105,#8106);
#7112=AXIS2_PLACEMENT_3D('',#10191,#8108,#8109);
#7113=AXIS2_PLACEMENT_3D('',#10193,#8111,#8112);
#7114=AXIS2_PLACEMENT_3D('',#10195,#8114,#8115);
#7115=AXIS2_PLACEMENT_3D('',#10201,#8119,#8120);
#7116=AXIS2_PLACEMENT_3D('',#10205,#8123,#8124);
#7117=AXIS2_PLACEMENT_3D('',#10209,#8127,#8128);
#7118=AXIS2_PLACEMENT_3D('',#10213,#8131,#8132);
#7119=AXIS2_PLACEMENT_3D('',#10219,#8136,#8137);
#7120=AXIS2_PLACEMENT_3D('',#10225,#8141,#8142);
#7121=AXIS2_PLACEMENT_3D('',#10229,#8145,#8146);
#7122=AXIS2_PLACEMENT_3D('',#10233,#8149,#8150);
#7123=AXIS2_PLACEMENT_3D('',#10235,#8152,#8153);
#7124=AXIS2_PLACEMENT_3D('',#10237,#8155,#8156);
#7125=AXIS2_PLACEMENT_3D('',#10239,#8158,#8159);
#7126=AXIS2_PLACEMENT_3D('',#10243,#8162,#8163);
#7127=AXIS2_PLACEMENT_3D('',#10247,#8166,#8167);
#7128=AXIS2_PLACEMENT_3D('',#10251,#8170,#8171);
#7129=AXIS2_PLACEMENT_3D('',#10255,#8174,#8175);
#7130=AXIS2_PLACEMENT_3D('',#10261,#8179,#8180);
#7131=AXIS2_PLACEMENT_3D('',#10267,#8184,#8185);
#7132=AXIS2_PLACEMENT_3D('',#10273,#8189,#8190);
#7133=AXIS2_PLACEMENT_3D('',#10276,#8193,#8194);
#7134=AXIS2_PLACEMENT_3D('',#10282,#8198,#8199);
#7135=AXIS2_PLACEMENT_3D('',#10288,#8203,#8204);
#7136=AXIS2_PLACEMENT_3D('',#10292,#8207,#8208);
#7137=AXIS2_PLACEMENT_3D('',#10296,#8211,#8212);
#7138=AXIS2_PLACEMENT_3D('',#10302,#8216,#8217);
#7139=AXIS2_PLACEMENT_3D('',#10308,#8221,#8222);
#7140=AXIS2_PLACEMENT_3D('',#10312,#8225,#8226);
#7141=AXIS2_PLACEMENT_3D('',#10318,#8230,#8231);
#7142=AXIS2_PLACEMENT_3D('',#10324,#8235,#8236);
#7143=AXIS2_PLACEMENT_3D('',#10327,#8239,#8240);
#7144=AXIS2_PLACEMENT_3D('',#10329,#8242,#8243);
#7145=AXIS2_PLACEMENT_3D('',#10331,#8245,#8246);
#7146=AXIS2_PLACEMENT_3D('',#10333,#8248,#8249);
#7147=AXIS2_PLACEMENT_3D('',#10335,#8251,#8252);
#7148=AXIS2_PLACEMENT_3D('',#10337,#8254,#8255);
#7149=AXIS2_PLACEMENT_3D('',#10339,#8257,#8258);
#7150=AXIS2_PLACEMENT_3D('',#10340,#8259,#8260);
#7151=AXIS2_PLACEMENT_3D('',#10344,#8263,#8264);
#7152=AXIS2_PLACEMENT_3D('',#10350,#8268,#8269);
#7153=AXIS2_PLACEMENT_3D('',#10354,#8272,#8273);
#7154=AXIS2_PLACEMENT_3D('',#10358,#8276,#8277);
#7155=AXIS2_PLACEMENT_3D('',#10360,#8279,#8280);
#7156=AXIS2_PLACEMENT_3D('',#10362,#8282,#8283);
#7157=AXIS2_PLACEMENT_3D('',#10364,#8285,#8286);
#7158=AXIS2_PLACEMENT_3D('',#10366,#8288,#8289);
#7159=AXIS2_PLACEMENT_3D('',#10368,#8291,#8292);
#7160=AXIS2_PLACEMENT_3D('',#10370,#8294,#8295);
#7161=AXIS2_PLACEMENT_3D('',#10372,#8297,#8298);
#7162=AXIS2_PLACEMENT_3D('',#10378,#8302,#8303);
#7163=AXIS2_PLACEMENT_3D('',#10382,#8306,#8307);
#7164=AXIS2_PLACEMENT_3D('',#10386,#8310,#8311);
#7165=AXIS2_PLACEMENT_3D('',#10388,#8313,#8314);
#7166=AXIS2_PLACEMENT_3D('',#10392,#8317,#8318);
#7167=AXIS2_PLACEMENT_3D('',#10396,#8321,#8322);
#7168=AXIS2_PLACEMENT_3D('',#10398,#8324,#8325);
#7169=AXIS2_PLACEMENT_3D('',#10402,#8328,#8329);
#7170=AXIS2_PLACEMENT_3D('',#10406,#8332,#8333);
#7171=AXIS2_PLACEMENT_3D('',#10410,#8336,#8337);
#7172=AXIS2_PLACEMENT_3D('',#10414,#8340,#8341);
#7173=AXIS2_PLACEMENT_3D('',#10418,#8344,#8345);
#7174=AXIS2_PLACEMENT_3D('',#10424,#8349,#8350);
#7175=AXIS2_PLACEMENT_3D('',#10430,#8354,#8355);
#7176=AXIS2_PLACEMENT_3D('',#10433,#8358,#8359);
#7177=AXIS2_PLACEMENT_3D('',#10437,#8362,#8363);
#7178=AXIS2_PLACEMENT_3D('',#10439,#8365,#8366);
#7179=AXIS2_PLACEMENT_3D('',#10441,#8368,#8369);
#7180=AXIS2_PLACEMENT_3D('',#10443,#8371,#8372);
#7181=AXIS2_PLACEMENT_3D('',#10445,#8374,#8375);
#7182=AXIS2_PLACEMENT_3D('',#10447,#8377,#8378);
#7183=AXIS2_PLACEMENT_3D('',#10451,#8381,#8382);
#7184=AXIS2_PLACEMENT_3D('',#10455,#8385,#8386);
#7185=AXIS2_PLACEMENT_3D('',#10459,#8389,#8390);
#7186=AXIS2_PLACEMENT_3D('',#10463,#8393,#8394);
#7187=AXIS2_PLACEMENT_3D('',#10467,#8397,#8398);
#7188=AXIS2_PLACEMENT_3D('',#10471,#8401,#8402);
#7189=AXIS2_PLACEMENT_3D('',#10478,#8406,#8407);
#7190=AXIS2_PLACEMENT_3D('',#10480,#8409,#8410);
#7191=AXIS2_PLACEMENT_3D('',#10482,#8412,#8413);
#7192=AXIS2_PLACEMENT_3D('',#10488,#8417,#8418);
#7193=AXIS2_PLACEMENT_3D('',#10492,#8421,#8422);
#7194=AXIS2_PLACEMENT_3D('',#10496,#8425,#8426);
#7195=AXIS2_PLACEMENT_3D('',#10500,#8429,#8430);
#7196=AXIS2_PLACEMENT_3D('',#10504,#8433,#8434);
#7197=AXIS2_PLACEMENT_3D('',#10508,#8437,#8438);
#7198=AXIS2_PLACEMENT_3D('',#10512,#8441,#8442);
#7199=AXIS2_PLACEMENT_3D('',#10518,#8446,#8447);
#7200=AXIS2_PLACEMENT_3D('',#10522,#8450,#8451);
#7201=AXIS2_PLACEMENT_3D('',#10528,#8455,#8456);
#7202=AXIS2_PLACEMENT_3D('',#10532,#8459,#8460);
#7203=AXIS2_PLACEMENT_3D('',#10536,#8463,#8464);
#7204=AXIS2_PLACEMENT_3D('',#10540,#8467,#8468);
#7205=AXIS2_PLACEMENT_3D('',#10544,#8471,#8472);
#7206=AXIS2_PLACEMENT_3D('',#10548,#8475,#8476);
#7207=AXIS2_PLACEMENT_3D('',#10552,#8479,#8480);
#7208=AXIS2_PLACEMENT_3D('',#10555,#8483,#8484);
#7209=AXIS2_PLACEMENT_3D('',#10559,#8487,#8488);
#7210=AXIS2_PLACEMENT_3D('',#10565,#8492,#8493);
#7211=AXIS2_PLACEMENT_3D('',#10571,#8497,#8498);
#7212=AXIS2_PLACEMENT_3D('',#10577,#8502,#8503);
#7213=AXIS2_PLACEMENT_3D('',#10581,#8506,#8507);
#7214=AXIS2_PLACEMENT_3D('',#10587,#8511,#8512);
#7215=AXIS2_PLACEMENT_3D('',#10593,#8516,#8517);
#7216=AXIS2_PLACEMENT_3D('',#10595,#8519,#8520);
#7217=AXIS2_PLACEMENT_3D('',#10597,#8522,#8523);
#7218=AXIS2_PLACEMENT_3D('',#10599,#8525,#8526);
#7219=AXIS2_PLACEMENT_3D('',#10603,#8529,#8530);
#7220=AXIS2_PLACEMENT_3D('',#10607,#8533,#8534);
#7221=AXIS2_PLACEMENT_3D('',#10613,#8538,#8539);
#7222=AXIS2_PLACEMENT_3D('',#10617,#8542,#8543);
#7223=AXIS2_PLACEMENT_3D('',#10623,#8547,#8548);
#7224=AXIS2_PLACEMENT_3D('',#10627,#8551,#8552);
#7225=AXIS2_PLACEMENT_3D('',#10633,#8556,#8557);
#7226=AXIS2_PLACEMENT_3D('',#10637,#8560,#8561);
#7227=AXIS2_PLACEMENT_3D('',#10643,#8565,#8566);
#7228=AXIS2_PLACEMENT_3D('',#10647,#8569,#8570);
#7229=AXIS2_PLACEMENT_3D('',#10651,#8573,#8574);
#7230=AXIS2_PLACEMENT_3D('',#10657,#8578,#8579);
#7231=AXIS2_PLACEMENT_3D('',#10663,#8583,#8584);
#7232=AXIS2_PLACEMENT_3D('',#10665,#8586,#8587);
#7233=AXIS2_PLACEMENT_3D('',#10667,#8589,#8590);
#7234=AXIS2_PLACEMENT_3D('',#10669,#8592,#8593);
#7235=AXIS2_PLACEMENT_3D('',#10673,#8596,#8597);
#7236=AXIS2_PLACEMENT_3D('',#10675,#8599,#8600);
#7237=AXIS2_PLACEMENT_3D('',#10677,#8602,#8603);
#7238=AXIS2_PLACEMENT_3D('',#10679,#8605,#8606);
#7239=AXIS2_PLACEMENT_3D('',#10683,#8609,#8610);
#7240=AXIS2_PLACEMENT_3D('',#10689,#8614,#8615);
#7241=AXIS2_PLACEMENT_3D('',#10695,#8619,#8620);
#7242=AXIS2_PLACEMENT_3D('',#10701,#8624,#8625);
#7243=AXIS2_PLACEMENT_3D('',#10707,#8629,#8630);
#7244=AXIS2_PLACEMENT_3D('',#10713,#8634,#8635);
#7245=AXIS2_PLACEMENT_3D('',#10717,#8638,#8639);
#7246=AXIS2_PLACEMENT_3D('',#10719,#8641,#8642);
#7247=AXIS2_PLACEMENT_3D('',#10721,#8644,#8645);
#7248=AXIS2_PLACEMENT_3D('',#10723,#8647,#8648);
#7249=AXIS2_PLACEMENT_3D('',#10725,#8650,#8651);
#7250=AXIS2_PLACEMENT_3D('',#10727,#8653,#8654);
#7251=AXIS2_PLACEMENT_3D('',#10729,#8656,#8657);
#7252=AXIS2_PLACEMENT_3D('',#10731,#8659,#8660);
#7253=AXIS2_PLACEMENT_3D('',#10733,#8662,#8663);
#7254=AXIS2_PLACEMENT_3D('',#10735,#8665,#8666);
#7255=AXIS2_PLACEMENT_3D('',#10737,#8668,#8669);
#7256=AXIS2_PLACEMENT_3D('',#10741,#8672,#8673);
#7257=AXIS2_PLACEMENT_3D('',#10743,#8675,#8676);
#7258=AXIS2_PLACEMENT_3D('',#10745,#8678,#8679);
#7259=AXIS2_PLACEMENT_3D('',#10747,#8681,#8682);
#7260=AXIS2_PLACEMENT_3D('',#10749,#8684,#8685);
#7261=AXIS2_PLACEMENT_3D('',#10751,#8687,#8688);
#7262=AXIS2_PLACEMENT_3D('',#10755,#8691,#8692);
#7263=AXIS2_PLACEMENT_3D('',#10759,#8695,#8696);
#7264=AXIS2_PLACEMENT_3D('',#10761,#8698,#8699);
#7265=AXIS2_PLACEMENT_3D('',#10763,#8701,#8702);
#7266=AXIS2_PLACEMENT_3D('',#10765,#8704,#8705);
#7267=AXIS2_PLACEMENT_3D('',#10767,#8707,#8708);
#7268=AXIS2_PLACEMENT_3D('',#10769,#8710,#8711);
#7269=AXIS2_PLACEMENT_3D('',#10771,#8713,#8714);
#7270=AXIS2_PLACEMENT_3D('',#10773,#8716,#8717);
#7271=AXIS2_PLACEMENT_3D('',#10775,#8719,#8720);
#7272=AXIS2_PLACEMENT_3D('',#10777,#8722,#8723);
#7273=AXIS2_PLACEMENT_3D('',#10779,#8725,#8726);
#7274=AXIS2_PLACEMENT_3D('',#10781,#8728,#8729);
#7275=AXIS2_PLACEMENT_3D('',#10783,#8731,#8732);
#7276=AXIS2_PLACEMENT_3D('',#10785,#8734,#8735);
#7277=AXIS2_PLACEMENT_3D('',#10787,#8737,#8738);
#7278=AXIS2_PLACEMENT_3D('',#10789,#8740,#8741);
#7279=AXIS2_PLACEMENT_3D('',#10791,#8743,#8744);
#7280=AXIS2_PLACEMENT_3D('',#10795,#8747,#8748);
#7281=AXIS2_PLACEMENT_3D('',#10797,#8750,#8751);
#7282=AXIS2_PLACEMENT_3D('',#10799,#8753,#8754);
#7283=AXIS2_PLACEMENT_3D('',#10801,#8756,#8757);
#7284=AXIS2_PLACEMENT_3D('',#10803,#8759,#8760);
#7285=AXIS2_PLACEMENT_3D('',#10805,#8762,#8763);
#7286=AXIS2_PLACEMENT_3D('',#10807,#8765,#8766);
#7287=AXIS2_PLACEMENT_3D('',#10809,#8768,#8769);
#7288=AXIS2_PLACEMENT_3D('',#10811,#8771,#8772);
#7289=AXIS2_PLACEMENT_3D('',#10813,#8774,#8775);
#7290=AXIS2_PLACEMENT_3D('',#10815,#8777,#8778);
#7291=AXIS2_PLACEMENT_3D('',#10817,#8780,#8781);
#7292=AXIS2_PLACEMENT_3D('',#10819,#8783,#8784);
#7293=AXIS2_PLACEMENT_3D('',#10821,#8786,#8787);
#7294=AXIS2_PLACEMENT_3D('',#10823,#8789,#8790);
#7295=AXIS2_PLACEMENT_3D('',#10825,#8792,#8793);
#7296=AXIS2_PLACEMENT_3D('',#10827,#8795,#8796);
#7297=AXIS2_PLACEMENT_3D('',#10829,#8798,#8799);
#7298=AXIS2_PLACEMENT_3D('',#10831,#8801,#8802);
#7299=AXIS2_PLACEMENT_3D('',#10833,#8804,#8805);
#7300=AXIS2_PLACEMENT_3D('',#10835,#8807,#8808);
#7301=AXIS2_PLACEMENT_3D('',#10837,#8810,#8811);
#7302=AXIS2_PLACEMENT_3D('',#10839,#8813,#8814);
#7303=AXIS2_PLACEMENT_3D('',#10841,#8816,#8817);
#7304=AXIS2_PLACEMENT_3D('',#10843,#8819,#8820);
#7305=AXIS2_PLACEMENT_3D('',#10845,#8822,#8823);
#7306=AXIS2_PLACEMENT_3D('',#10847,#8825,#8826);
#7307=AXIS2_PLACEMENT_3D('',#10849,#8828,#8829);
#7308=AXIS2_PLACEMENT_3D('',#10851,#8831,#8832);
#7309=AXIS2_PLACEMENT_3D('',#10853,#8834,#8835);
#7310=AXIS2_PLACEMENT_3D('',#10855,#8837,#8838);
#7311=AXIS2_PLACEMENT_3D('',#10857,#8840,#8841);
#7312=AXIS2_PLACEMENT_3D('',#10859,#8843,#8844);
#7313=AXIS2_PLACEMENT_3D('',#10861,#8846,#8847);
#7314=AXIS2_PLACEMENT_3D('',#10863,#8849,#8850);
#7315=AXIS2_PLACEMENT_3D('',#10865,#8852,#8853);
#7316=AXIS2_PLACEMENT_3D('',#10867,#8855,#8856);
#7317=AXIS2_PLACEMENT_3D('',#10869,#8858,#8859);
#7318=AXIS2_PLACEMENT_3D('',#10871,#8861,#8862);
#7319=AXIS2_PLACEMENT_3D('',#10873,#8864,#8865);
#7320=AXIS2_PLACEMENT_3D('',#10875,#8867,#8868);
#7321=AXIS2_PLACEMENT_3D('',#10877,#8870,#8871);
#7322=AXIS2_PLACEMENT_3D('',#10879,#8873,#8874);
#7323=AXIS2_PLACEMENT_3D('',#10881,#8876,#8877);
#7324=AXIS2_PLACEMENT_3D('',#10883,#8879,#8880);
#7325=AXIS2_PLACEMENT_3D('',#10885,#8882,#8883);
#7326=AXIS2_PLACEMENT_3D('',#10887,#8885,#8886);
#7327=AXIS2_PLACEMENT_3D('',#10889,#8888,#8889);
#7328=AXIS2_PLACEMENT_3D('',#10891,#8891,#8892);
#7329=AXIS2_PLACEMENT_3D('',#10893,#8894,#8895);
#7330=AXIS2_PLACEMENT_3D('',#10895,#8897,#8898);
#7331=AXIS2_PLACEMENT_3D('',#10897,#8900,#8901);
#7332=AXIS2_PLACEMENT_3D('',#10899,#8903,#8904);
#7333=AXIS2_PLACEMENT_3D('',#10901,#8906,#8907);
#7334=AXIS2_PLACEMENT_3D('',#10903,#8909,#8910);
#7335=AXIS2_PLACEMENT_3D('',#10905,#8912,#8913);
#7336=AXIS2_PLACEMENT_3D('',#10907,#8915,#8916);
#7337=AXIS2_PLACEMENT_3D('',#10909,#8918,#8919);
#7338=AXIS2_PLACEMENT_3D('',#10911,#8921,#8922);
#7339=AXIS2_PLACEMENT_3D('',#10913,#8924,#8925);
#7340=AXIS2_PLACEMENT_3D('',#10915,#8927,#8928);
#7341=AXIS2_PLACEMENT_3D('',#10917,#8930,#8931);
#7342=AXIS2_PLACEMENT_3D('',#10919,#8933,#8934);
#7343=AXIS2_PLACEMENT_3D('',#10921,#8936,#8937);
#7344=AXIS2_PLACEMENT_3D('',#10923,#8939,#8940);
#7345=AXIS2_PLACEMENT_3D('',#10925,#8942,#8943);
#7346=AXIS2_PLACEMENT_3D('',#10927,#8945,#8946);
#7347=AXIS2_PLACEMENT_3D('',#10929,#8948,#8949);
#7348=AXIS2_PLACEMENT_3D('',#10930,#8950,#8951);
#7349=AXIS2_PLACEMENT_3D('',#10932,#8953,#8954);
#7350=AXIS2_PLACEMENT_3D('',#10934,#8956,#8957);
#7351=AXIS2_PLACEMENT_3D('',#10936,#8959,#8960);
#7352=AXIS2_PLACEMENT_3D('',#10938,#8962,#8963);
#7353=AXIS2_PLACEMENT_3D('',#10940,#8965,#8966);
#7354=AXIS2_PLACEMENT_3D('',#10942,#8968,#8969);
#7355=AXIS2_PLACEMENT_3D('',#10944,#8971,#8972);
#7356=AXIS2_PLACEMENT_3D('',#10946,#8974,#8975);
#7357=AXIS2_PLACEMENT_3D('',#10948,#8977,#8978);
#7358=AXIS2_PLACEMENT_3D('',#10950,#8980,#8981);
#7359=AXIS2_PLACEMENT_3D('',#10952,#8983,#8984);
#7360=AXIS2_PLACEMENT_3D('',#10954,#8986,#8987);
#7361=AXIS2_PLACEMENT_3D('',#10956,#8989,#8990);
#7362=AXIS2_PLACEMENT_3D('',#10958,#8992,#8993);
#7363=AXIS2_PLACEMENT_3D('',#10960,#8995,#8996);
#7364=AXIS2_PLACEMENT_3D('',#10962,#8998,#8999);
#7365=AXIS2_PLACEMENT_3D('',#10964,#9001,#9002);
#7366=AXIS2_PLACEMENT_3D('',#10968,#9005,#9006);
#7367=AXIS2_PLACEMENT_3D('',#10970,#9008,#9009);
#7368=AXIS2_PLACEMENT_3D('',#10972,#9011,#9012);
#7369=AXIS2_PLACEMENT_3D('',#10974,#9014,#9015);
#7370=AXIS2_PLACEMENT_3D('',#10976,#9017,#9018);
#7371=AXIS2_PLACEMENT_3D('',#10978,#9020,#9021);
#7372=AXIS2_PLACEMENT_3D('',#10980,#9023,#9024);
#7373=AXIS2_PLACEMENT_3D('',#10982,#9026,#9027);
#7374=AXIS2_PLACEMENT_3D('',#10984,#9029,#9030);
#7375=AXIS2_PLACEMENT_3D('',#10986,#9032,#9033);
#7376=AXIS2_PLACEMENT_3D('',#10988,#9035,#9036);
#7377=AXIS2_PLACEMENT_3D('',#10990,#9038,#9039);
#7378=AXIS2_PLACEMENT_3D('',#10991,#9040,#9041);
#7379=AXIS2_PLACEMENT_3D('',#10993,#9043,#9044);
#7380=AXIS2_PLACEMENT_3D('',#10995,#9046,#9047);
#7381=AXIS2_PLACEMENT_3D('',#10997,#9049,#9050);
#7382=AXIS2_PLACEMENT_3D('',#10999,#9052,#9053);
#7383=AXIS2_PLACEMENT_3D('',#11001,#9055,#9056);
#7384=AXIS2_PLACEMENT_3D('',#11003,#9058,#9059);
#7385=AXIS2_PLACEMENT_3D('',#11005,#9061,#9062);
#7386=AXIS2_PLACEMENT_3D('',#11007,#9064,#9065);
#7387=AXIS2_PLACEMENT_3D('',#11009,#9067,#9068);
#7388=AXIS2_PLACEMENT_3D('',#11011,#9070,#9071);
#7389=AXIS2_PLACEMENT_3D('',#11013,#9073,#9074);
#7390=AXIS2_PLACEMENT_3D('',#11015,#9076,#9077);
#7391=AXIS2_PLACEMENT_3D('',#11017,#9079,#9080);
#7392=AXIS2_PLACEMENT_3D('',#11019,#9082,#9083);
#7393=AXIS2_PLACEMENT_3D('',#11021,#9085,#9086);
#7394=AXIS2_PLACEMENT_3D('',#11023,#9088,#9089);
#7395=AXIS2_PLACEMENT_3D('',#11025,#9091,#9092);
#7396=AXIS2_PLACEMENT_3D('',#11027,#9094,#9095);
#7397=AXIS2_PLACEMENT_3D('',#11029,#9097,#9098);
#7398=AXIS2_PLACEMENT_3D('',#11031,#9100,#9101);
#7399=AXIS2_PLACEMENT_3D('',#11033,#9103,#9104);
#7400=AXIS2_PLACEMENT_3D('',#11035,#9106,#9107);
#7401=AXIS2_PLACEMENT_3D('',#11037,#9109,#9110);
#7402=AXIS2_PLACEMENT_3D('',#11039,#9112,#9113);
#7403=AXIS2_PLACEMENT_3D('',#11041,#9115,#9116);
#7404=AXIS2_PLACEMENT_3D('',#11043,#9118,#9119);
#7405=AXIS2_PLACEMENT_3D('',#11045,#9121,#9122);
#7406=AXIS2_PLACEMENT_3D('',#11047,#9124,#9125);
#7407=AXIS2_PLACEMENT_3D('',#11048,#9126,#9127);
#7408=AXIS2_PLACEMENT_3D('',#11050,#9129,#9130);
#7409=AXIS2_PLACEMENT_3D('',#11052,#9132,#9133);
#7410=AXIS2_PLACEMENT_3D('',#11054,#9135,#9136);
#7411=AXIS2_PLACEMENT_3D('',#11056,#9138,#9139);
#7412=AXIS2_PLACEMENT_3D('',#11058,#9141,#9142);
#7413=AXIS2_PLACEMENT_3D('',#11060,#9144,#9145);
#7414=AXIS2_PLACEMENT_3D('',#11062,#9147,#9148);
#7415=AXIS2_PLACEMENT_3D('',#11064,#9150,#9151);
#7416=AXIS2_PLACEMENT_3D('',#11066,#9153,#9154);
#7417=AXIS2_PLACEMENT_3D('',#11068,#9156,#9157);
#7418=AXIS2_PLACEMENT_3D('',#11070,#9159,#9160);
#7419=AXIS2_PLACEMENT_3D('',#11072,#9162,#9163);
#7420=AXIS2_PLACEMENT_3D('',#11074,#9165,#9166);
#7421=AXIS2_PLACEMENT_3D('',#11076,#9168,#9169);
#7422=AXIS2_PLACEMENT_3D('',#11078,#9171,#9172);
#7423=AXIS2_PLACEMENT_3D('',#11080,#9174,#9175);
#7424=AXIS2_PLACEMENT_3D('',#11082,#9177,#9178);
#7425=AXIS2_PLACEMENT_3D('',#11084,#9180,#9181);
#7426=AXIS2_PLACEMENT_3D('',#11086,#9183,#9184);
#7427=AXIS2_PLACEMENT_3D('',#11088,#9186,#9187);
#7428=AXIS2_PLACEMENT_3D('',#11090,#9189,#9190);
#7429=AXIS2_PLACEMENT_3D('',#11092,#9192,#9193);
#7430=AXIS2_PLACEMENT_3D('',#11094,#9195,#9196);
#7431=AXIS2_PLACEMENT_3D('',#11096,#9198,#9199);
#7432=AXIS2_PLACEMENT_3D('',#11098,#9201,#9202);
#7433=AXIS2_PLACEMENT_3D('',#11100,#9204,#9205);
#7434=AXIS2_PLACEMENT_3D('',#11102,#9207,#9208);
#7435=AXIS2_PLACEMENT_3D('',#11104,#9210,#9211);
#7436=AXIS2_PLACEMENT_3D('',#11106,#9213,#9214);
#7437=AXIS2_PLACEMENT_3D('',#11108,#9216,#9217);
#7438=AXIS2_PLACEMENT_3D('',#11110,#9219,#9220);
#7439=AXIS2_PLACEMENT_3D('',#11112,#9222,#9223);
#7440=AXIS2_PLACEMENT_3D('',#11114,#9225,#9226);
#7441=AXIS2_PLACEMENT_3D('',#11116,#9228,#9229);
#7442=AXIS2_PLACEMENT_3D('',#11118,#9231,#9232);
#7443=AXIS2_PLACEMENT_3D('',#11120,#9234,#9235);
#7444=AXIS2_PLACEMENT_3D('',#11122,#9237,#9238);
#7445=AXIS2_PLACEMENT_3D('',#11124,#9240,#9241);
#7446=AXIS2_PLACEMENT_3D('',#11126,#9243,#9244);
#7447=AXIS2_PLACEMENT_3D('',#11128,#9246,#9247);
#7448=AXIS2_PLACEMENT_3D('',#11130,#9249,#9250);
#7449=AXIS2_PLACEMENT_3D('',#11132,#9252,#9253);
#7450=AXIS2_PLACEMENT_3D('',#11134,#9255,#9256);
#7451=AXIS2_PLACEMENT_3D('',#11136,#9258,#9259);
#7452=AXIS2_PLACEMENT_3D('',#11138,#9261,#9262);
#7453=AXIS2_PLACEMENT_3D('',#11140,#9264,#9265);
#7454=AXIS2_PLACEMENT_3D('',#11142,#9267,#9268);
#7455=AXIS2_PLACEMENT_3D('',#11144,#9270,#9271);
#7456=AXIS2_PLACEMENT_3D('',#11146,#9273,#9274);
#7457=AXIS2_PLACEMENT_3D('',#11148,#9276,#9277);
#7458=AXIS2_PLACEMENT_3D('',#11150,#9279,#9280);
#7459=AXIS2_PLACEMENT_3D('',#11152,#9282,#9283);
#7460=AXIS2_PLACEMENT_3D('',#11154,#9285,#9286);
#7461=AXIS2_PLACEMENT_3D('',#11156,#9288,#9289);
#7462=AXIS2_PLACEMENT_3D('',#11158,#9291,#9292);
#7463=AXIS2_PLACEMENT_3D('',#11160,#9294,#9295);
#7464=AXIS2_PLACEMENT_3D('',#11162,#9297,#9298);
#7465=AXIS2_PLACEMENT_3D('',#11164,#9300,#9301);
#7466=AXIS2_PLACEMENT_3D('',#11166,#9303,#9304);
#7467=AXIS2_PLACEMENT_3D('',#11168,#9306,#9307);
#7468=AXIS2_PLACEMENT_3D('',#11170,#9309,#9310);
#7469=AXIS2_PLACEMENT_3D('',#11172,#9312,#9313);
#7470=AXIS2_PLACEMENT_3D('',#11174,#9315,#9316);
#7471=AXIS2_PLACEMENT_3D('',#11176,#9318,#9319);
#7472=AXIS2_PLACEMENT_3D('',#11178,#9321,#9322);
#7473=AXIS2_PLACEMENT_3D('',#11180,#9324,#9325);
#7474=AXIS2_PLACEMENT_3D('',#11182,#9327,#9328);
#7475=AXIS2_PLACEMENT_3D('',#11184,#9330,#9331);
#7476=AXIS2_PLACEMENT_3D('',#11186,#9333,#9334);
#7477=AXIS2_PLACEMENT_3D('',#11188,#9336,#9337);
#7478=AXIS2_PLACEMENT_3D('',#11190,#9339,#9340);
#7479=AXIS2_PLACEMENT_3D('',#11192,#9342,#9343);
#7480=AXIS2_PLACEMENT_3D('',#11194,#9345,#9346);
#7481=AXIS2_PLACEMENT_3D('',#11196,#9348,#9349);
#7482=AXIS2_PLACEMENT_3D('',#11198,#9351,#9352);
#7483=AXIS2_PLACEMENT_3D('',#11200,#9354,#9355);
#7484=AXIS2_PLACEMENT_3D('',#11202,#9357,#9358);
#7485=AXIS2_PLACEMENT_3D('',#11204,#9360,#9361);
#7486=AXIS2_PLACEMENT_3D('',#11208,#9364,#9365);
#7487=AXIS2_PLACEMENT_3D('',#11210,#9367,#9368);
#7488=AXIS2_PLACEMENT_3D('',#11212,#9370,#9371);
#7489=AXIS2_PLACEMENT_3D('',#11214,#9373,#9374);
#7490=AXIS2_PLACEMENT_3D('',#11216,#9376,#9377);
#7491=AXIS2_PLACEMENT_3D('',#11218,#9379,#9380);
#7492=AXIS2_PLACEMENT_3D('',#11220,#9382,#9383);
#7493=AXIS2_PLACEMENT_3D('',#11222,#9385,#9386);
#7494=AXIS2_PLACEMENT_3D('',#11224,#9388,#9389);
#7495=AXIS2_PLACEMENT_3D('',#11226,#9391,#9392);
#7496=AXIS2_PLACEMENT_3D('',#11228,#9394,#9395);
#7497=AXIS2_PLACEMENT_3D('',#11230,#9397,#9398);
#7498=AXIS2_PLACEMENT_3D('',#11232,#9400,#9401);
#7499=AXIS2_PLACEMENT_3D('',#11234,#9403,#9404);
#7500=AXIS2_PLACEMENT_3D('',#11236,#9406,#9407);
#7501=AXIS2_PLACEMENT_3D('',#11237,#9408,#9409);
#7502=AXIS2_PLACEMENT_3D('',#11239,#9411,#9412);
#7503=AXIS2_PLACEMENT_3D('',#11241,#9414,#9415);
#7504=AXIS2_PLACEMENT_3D('',#11243,#9417,#9418);
#7505=AXIS2_PLACEMENT_3D('',#11245,#9420,#9421);
#7506=AXIS2_PLACEMENT_3D('',#11247,#9423,#9424);
#7507=AXIS2_PLACEMENT_3D('',#11249,#9426,#9427);
#7508=AXIS2_PLACEMENT_3D('',#11251,#9429,#9430);
#7509=AXIS2_PLACEMENT_3D('',#11253,#9432,#9433);
#7510=AXIS2_PLACEMENT_3D('',#11254,#9434,#9435);
#7511=AXIS2_PLACEMENT_3D('',#11256,#9437,#9438);
#7512=AXIS2_PLACEMENT_3D('',#11258,#9440,#9441);
#7513=AXIS2_PLACEMENT_3D('',#11260,#9443,#9444);
#7514=AXIS2_PLACEMENT_3D('',#11262,#9446,#9447);
#7515=AXIS2_PLACEMENT_3D('',#11264,#9449,#9450);
#7516=AXIS2_PLACEMENT_3D('',#11266,#9452,#9453);
#7517=AXIS2_PLACEMENT_3D('',#11268,#9455,#9456);
#7518=AXIS2_PLACEMENT_3D('',#11270,#9458,#9459);
#7519=AXIS2_PLACEMENT_3D('',#11272,#9461,#9462);
#7520=AXIS2_PLACEMENT_3D('',#11274,#9464,#9465);
#7521=AXIS2_PLACEMENT_3D('',#11276,#9467,#9468);
#7522=AXIS2_PLACEMENT_3D('',#11278,#9470,#9471);
#7523=AXIS2_PLACEMENT_3D('',#11280,#9473,#9474);
#7524=AXIS2_PLACEMENT_3D('',#11282,#9476,#9477);
#7525=AXIS2_PLACEMENT_3D('',#11283,#9478,#9479);
#7526=AXIS2_PLACEMENT_3D('',#11285,#9481,#9482);
#7527=AXIS2_PLACEMENT_3D('',#11287,#9484,#9485);
#7528=AXIS2_PLACEMENT_3D('',#11289,#9487,#9488);
#7529=AXIS2_PLACEMENT_3D('',#11291,#9490,#9491);
#7530=AXIS2_PLACEMENT_3D('',#11293,#9493,#9494);
#7531=AXIS2_PLACEMENT_3D('',#11295,#9496,#9497);
#7532=AXIS2_PLACEMENT_3D('',#11297,#9499,#9500);
#7533=AXIS2_PLACEMENT_3D('',#11299,#9502,#9503);
#7534=AXIS2_PLACEMENT_3D('',#11301,#9505,#9506);
#7535=AXIS2_PLACEMENT_3D('',#11303,#9508,#9509);
#7536=AXIS2_PLACEMENT_3D('',#11305,#9511,#9512);
#7537=AXIS2_PLACEMENT_3D('',#11307,#9514,#9515);
#7538=AXIS2_PLACEMENT_3D('',#11309,#9517,#9518);
#7539=AXIS2_PLACEMENT_3D('',#11311,#9520,#9521);
#7540=AXIS2_PLACEMENT_3D('',#11313,#9523,#9524);
#7541=AXIS2_PLACEMENT_3D('',#11315,#9526,#9527);
#7542=AXIS2_PLACEMENT_3D('',#11317,#9529,#9530);
#7543=AXIS2_PLACEMENT_3D('',#11319,#9532,#9533);
#7544=AXIS2_PLACEMENT_3D('',#11321,#9535,#9536);
#7545=AXIS2_PLACEMENT_3D('',#11323,#9538,#9539);
#7546=AXIS2_PLACEMENT_3D('',#11325,#9541,#9542);
#7547=AXIS2_PLACEMENT_3D('',#11327,#9544,#9545);
#7548=AXIS2_PLACEMENT_3D('',#11328,#9546,#9547);
#7549=AXIS2_PLACEMENT_3D('',#11330,#9549,#9550);
#7550=AXIS2_PLACEMENT_3D('',#11332,#9552,#9553);
#7551=AXIS2_PLACEMENT_3D('',#11334,#9555,#9556);
#7552=AXIS2_PLACEMENT_3D('',#11336,#9558,#9559);
#7553=DIRECTION('axis',(0.,0.,1.));
#7554=DIRECTION('refdir',(1.,0.,0.));
#7555=DIRECTION('center_axis',(0.,0.,-1.));
#7556=DIRECTION('ref_axis',(-1.,0.,0.));
#7557=DIRECTION('center_axis',(0.,0.,1.));
#7558=DIRECTION('ref_axis',(-1.,0.,0.));
#7559=DIRECTION('center_axis',(0.,-1.,0.));
#7560=DIRECTION('ref_axis',(1.,0.,0.));
#7561=DIRECTION('center_axis',(0.,0.,1.));
#7562=DIRECTION('ref_axis',(-1.,0.,0.));
#7563=DIRECTION('center_axis',(0.,0.,1.));
#7564=DIRECTION('ref_axis',(1.,0.,0.));
#7565=DIRECTION('center_axis',(0.,0.,-1.));
#7566=DIRECTION('ref_axis',(0.707106781186547,0.707106781186547,0.));
#7567=DIRECTION('',(-1.,0.,0.));
#7568=DIRECTION('center_axis',(0.,0.,-1.));
#7569=DIRECTION('ref_axis',(-0.707106781186547,0.707106781186547,0.));
#7570=DIRECTION('',(0.,-1.,0.));
#7571=DIRECTION('center_axis',(0.,0.,-1.));
#7572=DIRECTION('ref_axis',(-0.707106781186547,-0.707106781186547,0.));
#7573=DIRECTION('',(1.,0.,0.));
#7574=DIRECTION('center_axis',(0.,0.,-1.));
#7575=DIRECTION('ref_axis',(0.707106781186547,-0.707106781186547,0.));
#7576=DIRECTION('',(0.,1.,0.));
#7577=DIRECTION('center_axis',(0.,0.,-1.));
#7578=DIRECTION('ref_axis',(-1.,0.,0.));
#7579=DIRECTION('center_axis',(0.,0.,-1.));
#7580=DIRECTION('ref_axis',(-1.,0.,0.));
#7581=DIRECTION('center_axis',(0.,-1.,0.));
#7582=DIRECTION('ref_axis',(1.,0.,0.));
#7583=DIRECTION('center_axis',(0.,0.,1.));
#7584=DIRECTION('ref_axis',(-1.,0.,0.));
#7585=DIRECTION('center_axis',(0.,0.,1.));
#7586=DIRECTION('ref_axis',(0.707106781186547,0.707106781186547,0.));
#7587=DIRECTION('',(0.,0.,-1.));
#7588=DIRECTION('center_axis',(0.,0.,1.));
#7589=DIRECTION('ref_axis',(0.707106781186547,0.707106781186547,0.));
#7590=DIRECTION('',(0.,0.,1.));
#7591=DIRECTION('center_axis',(0.,1.,0.));
#7592=DIRECTION('ref_axis',(-1.,0.,0.));
#7593=DIRECTION('',(1.,0.,0.));
#7594=DIRECTION('',(0.,0.,-1.));
#7595=DIRECTION('center_axis',(0.,0.,1.));
#7596=DIRECTION('ref_axis',(-1.,0.,0.));
#7597=DIRECTION('',(0.,-1.,0.));
#7598=DIRECTION('center_axis',(0.,0.,1.));
#7599=DIRECTION('ref_axis',(0.707106781186547,-0.707106781186547,0.));
#7600=DIRECTION('',(-1.,0.,0.));
#7601=DIRECTION('center_axis',(0.,0.,1.));
#7602=DIRECTION('ref_axis',(-0.707106781186547,-0.707106781186547,0.));
#7603=DIRECTION('',(0.,1.,0.));
#7604=DIRECTION('center_axis',(0.,0.,1.));
#7605=DIRECTION('ref_axis',(-0.707106781186547,0.707106781186547,0.));
#7606=DIRECTION('',(0.,1.,0.));
#7607=DIRECTION('',(-1.,0.,0.));
#7608=DIRECTION('',(0.,-1.,0.));
#7609=DIRECTION('',(1.,0.,0.));
#7610=DIRECTION('center_axis',(0.,0.,1.));
#7611=DIRECTION('ref_axis',(-0.707106781186547,0.707106781186547,0.));
#7612=DIRECTION('',(0.,0.,1.));
#7613=DIRECTION('center_axis',(-1.,0.,0.));
#7614=DIRECTION('ref_axis',(0.,-1.,0.));
#7615=DIRECTION('',(0.,0.,-1.));
#7616=DIRECTION('center_axis',(0.,0.,1.));
#7617=DIRECTION('ref_axis',(-0.707106781186547,-0.707106781186547,0.));
#7618=DIRECTION('',(0.,0.,1.));
#7619=DIRECTION('center_axis',(0.,-1.,0.));
#7620=DIRECTION('ref_axis',(1.,0.,0.));
#7621=DIRECTION('',(0.,0.,-1.));
#7622=DIRECTION('center_axis',(0.,0.,1.));
#7623=DIRECTION('ref_axis',(0.707106781186547,-0.707106781186547,0.));
#7624=DIRECTION('',(0.,0.,1.));
#7625=DIRECTION('center_axis',(1.,0.,0.));
#7626=DIRECTION('ref_axis',(0.,1.,0.));
#7627=DIRECTION('center_axis',(1.,0.,0.));
#7628=DIRECTION('ref_axis',(0.,1.,0.));
#7629=DIRECTION('',(0.,0.,1.));
#7630=DIRECTION('',(0.,1.,0.));
#7631=DIRECTION('',(0.,-1.,0.));
#7632=DIRECTION('',(0.,1.,0.));
#7633=DIRECTION('',(0.,0.,1.));
#7634=DIRECTION('center_axis',(0.,-1.,0.));
#7635=DIRECTION('ref_axis',(1.,0.,0.));
#7636=DIRECTION('',(0.,0.,1.));
#7637=DIRECTION('',(1.,0.,0.));
#7638=DIRECTION('',(1.,0.,0.));
#7639=DIRECTION('',(1.,0.,0.));
#7640=DIRECTION('',(1.,0.,0.));
#7641=DIRECTION('',(1.,0.,0.));
#7642=DIRECTION('',(1.,0.,0.));
#7643=DIRECTION('',(1.,0.,0.));
#7644=DIRECTION('',(1.,0.,0.));
#7645=DIRECTION('',(1.,0.,0.));
#7646=DIRECTION('',(1.,0.,0.));
#7647=DIRECTION('',(1.,0.,0.));
#7648=DIRECTION('',(1.,0.,0.));
#7649=DIRECTION('',(1.,0.,0.));
#7650=DIRECTION('center_axis',(0.,0.,-1.));
#7651=DIRECTION('ref_axis',(1.,0.,0.));
#7652=DIRECTION('',(1.,0.,0.));
#7653=DIRECTION('',(1.,0.,0.));
#7654=DIRECTION('',(0.,1.,0.));
#7655=DIRECTION('',(0.,1.,0.));
#7656=DIRECTION('',(0.,1.,0.));
#7657=DIRECTION('',(0.,1.,0.));
#7658=DIRECTION('',(0.,1.,0.));
#7659=DIRECTION('center_axis',(-1.,0.,0.));
#7660=DIRECTION('ref_axis',(0.,-1.,0.));
#7661=DIRECTION('',(0.,0.,1.));
#7662=DIRECTION('',(0.,-1.,0.));
#7663=DIRECTION('',(0.,-1.,0.));
#7664=DIRECTION('',(0.,-1.,0.));
#7665=DIRECTION('',(0.,-1.,0.));
#7666=DIRECTION('',(0.,-1.,0.));
#7667=DIRECTION('',(0.,-1.,0.));
#7668=DIRECTION('',(0.,-1.,0.));
#7669=DIRECTION('center_axis',(0.,1.,0.));
#7670=DIRECTION('ref_axis',(-1.,0.,0.));
#7671=DIRECTION('',(-1.,0.,0.));
#7672=DIRECTION('',(-1.,0.,0.));
#7673=DIRECTION('',(-1.,0.,0.));
#7674=DIRECTION('',(-1.,0.,0.));
#7675=DIRECTION('',(-1.,0.,0.));
#7676=DIRECTION('',(-1.,0.,0.));
#7677=DIRECTION('',(-1.,0.,0.));
#7678=DIRECTION('',(-1.,0.,0.));
#7679=DIRECTION('',(-1.,0.,0.));
#7680=DIRECTION('',(-1.,0.,0.));
#7681=DIRECTION('',(-1.,0.,0.));
#7682=DIRECTION('',(-1.,0.,0.));
#7683=DIRECTION('',(-1.,0.,0.));
#7684=DIRECTION('',(-1.,0.,0.));
#7685=DIRECTION('',(-1.,0.,0.));
#7686=DIRECTION('',(-1.,0.,0.));
#7687=DIRECTION('',(-1.,0.,0.));
#7688=DIRECTION('',(-1.,0.,0.));
#7689=DIRECTION('',(-1.,0.,0.));
#7690=DIRECTION('center_axis',(0.,0.,-1.));
#7691=DIRECTION('ref_axis',(-1.,0.,0.));
#7692=DIRECTION('',(0.939029506258984,0.343836569281117,0.));
#7693=DIRECTION('',(0.020715695199756,-0.999785406961109,0.));
#7694=DIRECTION('center_axis',(0.,0.,-1.));
#7695=DIRECTION('ref_axis',(-1.,0.,0.));
#7696=DIRECTION('',(0.91458625074045,0.404390887578499,0.));
#7697=DIRECTION('',(1.,0.,0.));
#7698=DIRECTION('center_axis',(0.,0.,-1.));
#7699=DIRECTION('ref_axis',(-1.,0.,0.));
#7700=DIRECTION('',(0.898003446643649,0.43998842009322,0.));
#7701=DIRECTION('',(1.,0.,0.));
#7702=DIRECTION('center_axis',(0.,0.,-1.));
#7703=DIRECTION('ref_axis',(-1.,0.,0.));
#7704=DIRECTION('',(0.893733766701065,0.448597764437505,0.));
#7705=DIRECTION('',(1.,0.,0.));
#7706=DIRECTION('center_axis',(0.,0.,-1.));
#7707=DIRECTION('ref_axis',(-1.,0.,0.));
#7708=DIRECTION('',(0.890381345887113,0.455215398351433,0.));
#7709=DIRECTION('',(1.,0.,0.));
#7710=DIRECTION('center_axis',(0.,0.,-1.));
#7711=DIRECTION('ref_axis',(-1.,0.,0.));
#7712=DIRECTION('',(0.839269014666028,0.5437163976022,0.));
#7713=DIRECTION('',(1.,0.,0.));
#7714=DIRECTION('center_axis',(0.,0.,-1.));
#7715=DIRECTION('ref_axis',(-1.,0.,0.));
#7716=DIRECTION('',(0.833257482461664,0.552885130855995,0.));
#7717=DIRECTION('',(1.,0.,0.));
#7718=DIRECTION('center_axis',(0.,0.,-1.));
#7719=DIRECTION('ref_axis',(-1.,0.,0.));
#7720=DIRECTION('',(0.827013934296726,0.562181423100276,0.));
#7721=DIRECTION('',(1.,0.,0.));
#7722=DIRECTION('center_axis',(0.,0.,-1.));
#7723=DIRECTION('ref_axis',(-1.,0.,0.));
#7724=DIRECTION('',(0.817888929442965,0.575376137057004,0.));
#7725=DIRECTION('',(1.,0.,0.));
#7726=DIRECTION('center_axis',(0.,0.,-1.));
#7727=DIRECTION('ref_axis',(-1.,0.,0.));
#7728=DIRECTION('',(0.726471655682029,0.687196430062476,0.));
#7729=DIRECTION('',(1.,0.,0.));
#7730=DIRECTION('center_axis',(0.,0.,-1.));
#7731=DIRECTION('ref_axis',(-1.,0.,0.));
#7732=DIRECTION('',(0.729856147077015,0.683600764023779,0.));
#7733=DIRECTION('center_axis',(0.,0.,-1.));
#7734=DIRECTION('ref_axis',(-1.,0.,0.));
#7735=DIRECTION('',(0.733315325933229,0.679888691442535,0.));
#7736=DIRECTION('center_axis',(0.,0.,-1.));
#7737=DIRECTION('ref_axis',(-1.,0.,0.));
#7738=DIRECTION('',(0.726927030292205,0.686714709781693,0.));
#7739=DIRECTION('',(1.,0.,0.));
#7740=DIRECTION('center_axis',(0.,0.,-1.));
#7741=DIRECTION('ref_axis',(-1.,0.,0.));
#7742=DIRECTION('',(0.70163867050814,0.712532929798736,0.));
#7743=DIRECTION('',(1.,0.,0.));
#7744=DIRECTION('center_axis',(0.,0.,-1.));
#7745=DIRECTION('ref_axis',(-1.,0.,0.));
#7746=DIRECTION('',(0.659238868342507,0.751933583813418,0.));
#7747=DIRECTION('',(1.,0.,0.));
#7748=DIRECTION('center_axis',(0.,0.,-1.));
#7749=DIRECTION('ref_axis',(-1.,0.,0.));
#7750=DIRECTION('',(0.659633881704902,0.751587082184708,0.));
#7751=DIRECTION('center_axis',(0.,0.,-1.));
#7752=DIRECTION('ref_axis',(-1.,0.,0.));
#7753=DIRECTION('',(0.642421495496006,0.766351500373474,0.));
#7754=DIRECTION('',(1.,0.,0.));
#7755=DIRECTION('center_axis',(0.,0.,-1.));
#7756=DIRECTION('ref_axis',(-1.,0.,0.));
#7757=DIRECTION('',(1.,0.,0.));
#7758=DIRECTION('center_axis',(0.,0.,-1.));
#7759=DIRECTION('ref_axis',(-1.,0.,0.));
#7760=DIRECTION('',(0.890342340651924,-0.455291682817129,0.));
#7761=DIRECTION('',(1.,0.,0.));
#7762=DIRECTION('center_axis',(0.,0.,-1.));
#7763=DIRECTION('ref_axis',(-1.,0.,0.));
#7764=DIRECTION('',(0.918145113042328,-0.396244307714939,0.));
#7765=DIRECTION('',(1.,0.,0.));
#7766=DIRECTION('center_axis',(0.,0.,-1.));
#7767=DIRECTION('ref_axis',(-1.,0.,0.));
#7768=DIRECTION('',(0.923202036729928,-0.384314974178359,0.));
#7769=DIRECTION('',(1.,0.,0.));
#7770=DIRECTION('center_axis',(0.,0.,-1.));
#7771=DIRECTION('ref_axis',(-1.,0.,0.));
#7772=DIRECTION('',(0.926605495644537,-0.376034912529864,0.));
#7773=DIRECTION('',(1.,0.,0.));
#7774=DIRECTION('center_axis',(0.,0.,-1.));
#7775=DIRECTION('ref_axis',(-1.,0.,0.));
#7776=DIRECTION('',(0.952375463998929,-0.304927820267068,0.));
#7777=DIRECTION('',(1.,0.,0.));
#7778=DIRECTION('center_axis',(0.,0.,-1.));
#7779=DIRECTION('ref_axis',(-1.,0.,0.));
#7780=DIRECTION('',(0.954110257525074,-0.299455533402603,0.));
#7781=DIRECTION('',(1.,0.,0.));
#7782=DIRECTION('center_axis',(0.,0.,-1.));
#7783=DIRECTION('ref_axis',(-1.,0.,0.));
#7784=DIRECTION('',(0.955743674778249,-0.294200659620893,0.));
#7785=DIRECTION('',(1.,0.,0.));
#7786=DIRECTION('center_axis',(0.,0.,-1.));
#7787=DIRECTION('ref_axis',(-1.,0.,0.));
#7788=DIRECTION('',(0.957797688285231,-0.287443191457836,0.));
#7789=DIRECTION('',(1.,0.,0.));
#7790=DIRECTION('center_axis',(0.,0.,-1.));
#7791=DIRECTION('ref_axis',(-1.,0.,0.));
#7792=DIRECTION('',(0.963354175710693,-0.268232608272694,0.));
#7793=DIRECTION('',(1.,0.,0.));
#7794=DIRECTION('center_axis',(0.,0.,-1.));
#7795=DIRECTION('ref_axis',(-1.,0.,0.));
#7796=DIRECTION('',(0.659695490634588,0.751533006351944,0.));
#7797=DIRECTION('center_axis',(0.,0.,-1.));
#7798=DIRECTION('ref_axis',(-1.,0.,0.));
#7799=DIRECTION('',(0.629512034105444,0.776990732838189,0.));
#7800=DIRECTION('',(1.,0.,0.));
#7801=DIRECTION('center_axis',(0.,0.,-1.));
#7802=DIRECTION('ref_axis',(-1.,0.,0.));
#7803=DIRECTION('',(0.576598986361515,0.81702729998873,0.));
#7804=DIRECTION('',(1.,0.,0.));
#7805=DIRECTION('center_axis',(0.,0.,-1.));
#7806=DIRECTION('ref_axis',(-1.,0.,0.));
#7807=DIRECTION('',(0.446033924656271,0.895016054635739,0.));
#7808=DIRECTION('',(1.,0.,0.));
#7809=DIRECTION('',(1.,0.,0.));
#7810=DIRECTION('center_axis',(0.,0.,-1.));
#7811=DIRECTION('ref_axis',(-1.,0.,0.));
#7812=DIRECTION('',(0.00816169562247153,-0.999966692807599,0.));
#7813=DIRECTION('',(0.72586632160491,0.68783579665481,0.));
#7814=DIRECTION('center_axis',(0.,1.,0.));
#7815=DIRECTION('ref_axis',(0.,0.,1.));
#7816=DIRECTION('',(0.261087718203808,0.,0.96531507985897));
#7817=DIRECTION('',(0.,0.,1.));
#7818=DIRECTION('',(1.,0.,0.));
#7819=DIRECTION('center_axis',(0.,0.,1.));
#7820=DIRECTION('ref_axis',(1.,0.,0.));
#7821=DIRECTION('',(0.267729032215723,0.963494247678123,0.));
#7822=DIRECTION('',(1.,0.,0.));
#7823=DIRECTION('',(0.0632001431578551,0.998000872697427,0.));
#7824=DIRECTION('center_axis',(0.,1.,0.));
#7825=DIRECTION('ref_axis',(0.,0.,1.));
#7826=DIRECTION('',(0.995383247263652,0.,-0.0959801597564155));
#7827=DIRECTION('',(0.999189777768198,0.,-0.0402465899616158));
#7828=DIRECTION('',(1.,0.,0.));
#7829=DIRECTION('center_axis',(0.,1.,0.));
#7830=DIRECTION('ref_axis',(0.,0.,1.));
#7831=DIRECTION('',(1.,0.,0.));
#7832=DIRECTION('',(0.0750486688973797,0.,0.997179872087645));
#7833=DIRECTION('center_axis',(0.,1.,0.));
#7834=DIRECTION('ref_axis',(0.,0.,1.));
#7835=DIRECTION('',(0.999924190057184,0.,-0.012313169311147));
#7836=DIRECTION('',(0.999926713549476,0.,-0.0121065077600466));
#7837=DIRECTION('',(1.,0.,0.));
#7838=DIRECTION('center_axis',(0.,0.,1.));
#7839=DIRECTION('ref_axis',(1.,0.,0.));
#7840=DIRECTION('',(0.582099819239295,0.813117334977911,0.));
#7841=DIRECTION('',(0.60894734396339,0.793210648113055,0.));
#7842=DIRECTION('center_axis',(0.,1.,0.));
#7843=DIRECTION('ref_axis',(0.,0.,1.));
#7844=DIRECTION('',(0.,0.,1.));
#7845=DIRECTION('',(0.8966259774823,0.,-0.442788726712764));
#7846=DIRECTION('',(0.876756256718703,0.,0.480934991765631));
#7847=DIRECTION('center_axis',(0.,1.,0.));
#7848=DIRECTION('ref_axis',(0.,0.,1.));
#7849=DIRECTION('',(0.810722286514219,0.,0.585430930297637));
#7850=DIRECTION('',(0.334821546422437,0.,0.942281556675757));
#7851=DIRECTION('',(1.,0.,0.));
#7852=DIRECTION('center_axis',(0.,0.,1.));
#7853=DIRECTION('ref_axis',(1.,0.,0.));
#7854=DIRECTION('',(0.822594112493582,-0.568628988085286,0.));
#7855=DIRECTION('',(0.397182954045939,0.91773945159579,0.));
#7856=DIRECTION('',(1.,0.,0.));
#7857=DIRECTION('center_axis',(0.,1.,0.));
#7858=DIRECTION('ref_axis',(0.,0.,1.));
#7859=DIRECTION('',(0.999058118988415,0.,-0.0433921062329421));
#7860=DIRECTION('',(0.999228645494437,0.,-0.0392697596548818));
#7861=DIRECTION('',(1.,0.,0.));
#7862=DIRECTION('center_axis',(0.,0.,1.));
#7863=DIRECTION('ref_axis',(1.,0.,0.));
#7864=DIRECTION('',(0.986549192510738,-0.16346464680906,0.));
#7865=DIRECTION('',(0.584455018224343,0.81142610980445,0.));
#7866=DIRECTION('center_axis',(0.,1.,0.));
#7867=DIRECTION('ref_axis',(0.,0.,1.));
#7868=DIRECTION('',(0.429119103318536,0.,-0.903247914565595));
#7869=DIRECTION('',(1.,0.,0.));
#7870=DIRECTION('',(0.275803309082181,0.,0.961214094101475));
#7871=DIRECTION('center_axis',(0.,0.,1.));
#7872=DIRECTION('ref_axis',(1.,0.,0.));
#7873=DIRECTION('',(0.951019292092593,-0.309131535220372,0.));
#7874=DIRECTION('',(1.,0.,0.));
#7875=DIRECTION('',(0.951560143460777,-0.307462669891656,0.));
#7876=DIRECTION('center_axis',(0.,1.,0.));
#7877=DIRECTION('ref_axis',(0.,0.,1.));
#7878=DIRECTION('',(0.070382132782406,0.,-0.997520102747308));
#7879=DIRECTION('',(0.389847527331155,0.,0.920879419595087));
#7880=DIRECTION('center_axis',(0.,0.,1.));
#7881=DIRECTION('ref_axis',(1.,0.,0.));
#7882=DIRECTION('',(0.865248739372803,-0.501342815859343,0.));
#7883=DIRECTION('',(1.,0.,0.));
#7884=DIRECTION('center_axis',(0.,1.,0.));
#7885=DIRECTION('ref_axis',(0.,0.,1.));
#7886=DIRECTION('',(0.997220182439219,0.,-0.0745111249136061));
#7887=DIRECTION('',(0.999358258217662,0.,-0.0358199906778438));
#7888=DIRECTION('',(1.,0.,0.));
#7889=DIRECTION('center_axis',(0.,0.,1.));
#7890=DIRECTION('ref_axis',(1.,0.,0.));
#7891=DIRECTION('',(0.409072023904896,0.912502098221342,0.));
#7892=DIRECTION('',(0.418060465300027,0.908419202435266,0.));
#7893=DIRECTION('',(1.,0.,0.));
#7894=DIRECTION('center_axis',(0.,1.,0.));
#7895=DIRECTION('ref_axis',(0.,0.,1.));
#7896=DIRECTION('',(0.555433387500889,0.,0.831561033267726));
#7897=DIRECTION('',(0.214771403950884,0.,-0.976664345640285));
#7898=DIRECTION('',(1.,0.,0.));
#7899=DIRECTION('center_axis',(0.,0.,1.));
#7900=DIRECTION('ref_axis',(1.,0.,0.));
#7901=DIRECTION('',(1.,0.,0.));
#7902=DIRECTION('',(0.98064053698328,-0.195816590781131,0.));
#7903=DIRECTION('',(0.6325498849884,0.774519620798054,0.));
#7904=DIRECTION('center_axis',(0.,1.,0.));
#7905=DIRECTION('ref_axis',(0.,0.,1.));
#7906=DIRECTION('',(0.998276187395431,0.,-0.0586911720724827));
#7907=DIRECTION('',(1.,0.,0.));
#7908=DIRECTION('',(0.250463313346827,0.,0.968126091305946));
#7909=DIRECTION('center_axis',(0.,1.,0.));
#7910=DIRECTION('ref_axis',(0.,0.,1.));
#7911=DIRECTION('',(0.0481580817697772,0.,-0.998839726462787));
#7912=DIRECTION('',(1.,0.,0.));
#7913=DIRECTION('',(0.997862795045363,0.,0.0653440300582705));
#7914=DIRECTION('center_axis',(0.,0.,1.));
#7915=DIRECTION('ref_axis',(1.,0.,0.));
#7916=DIRECTION('',(0.119248452159535,-0.99286444525804,0.));
#7917=DIRECTION('',(1.,0.,0.));
#7918=DIRECTION('',(0.951266339943137,-0.308370476036841,0.));
#7919=DIRECTION('center_axis',(0.,1.,0.));
#7920=DIRECTION('ref_axis',(0.,0.,1.));
#7921=DIRECTION('',(0.999924222976353,0.,-0.0123104957307377));
#7922=DIRECTION('',(0.999980604690708,0.,-0.00622818130805412));
#7923=DIRECTION('center_axis',(0.,1.,0.));
#7924=DIRECTION('ref_axis',(0.,0.,1.));
#7925=DIRECTION('',(0.999708015578689,0.,-0.0241636832399445));
#7926=DIRECTION('',(1.,0.,0.));
#7927=DIRECTION('',(0.052843892803359,0.,0.998602785392364));
#7928=DIRECTION('center_axis',(0.,1.,0.));
#7929=DIRECTION('ref_axis',(0.,0.,1.));
#7930=DIRECTION('',(0.242971755292104,0.,-0.970033363410906));
#7931=DIRECTION('',(1.,0.,0.));
#7932=DIRECTION('',(0.998810078156566,0.,0.0487691272515153));
#7933=DIRECTION('center_axis',(0.,0.,1.));
#7934=DIRECTION('ref_axis',(1.,0.,0.));
#7935=DIRECTION('',(0.472577117193571,-0.881289321565293,0.));
#7936=DIRECTION('',(0.795089576707304,-0.606492015620486,0.));
#7937=DIRECTION('center_axis',(0.,1.,0.));
#7938=DIRECTION('ref_axis',(0.,0.,1.));
#7939=DIRECTION('',(0.317025585302949,0.,0.948416985435901));
#7940=DIRECTION('',(0.327750429100496,0.,-0.944764338988534));
#7941=DIRECTION('',(1.,0.,0.));
#7942=DIRECTION('center_axis',(0.,0.,1.));
#7943=DIRECTION('ref_axis',(1.,0.,0.));
#7944=DIRECTION('',(0.714146710512941,0.699996054177126,0.));
#7945=DIRECTION('',(1.,0.,0.));
#7946=DIRECTION('',(0.705798020009773,0.708413124490423,0.));
#7947=DIRECTION('center_axis',(0.,1.,0.));
#7948=DIRECTION('ref_axis',(0.,0.,1.));
#7949=DIRECTION('',(0.999800924498553,0.,-0.0199527284309323));
#7950=DIRECTION('',(0.999871723413144,0.,-0.0160167636815253));
#7951=DIRECTION('',(1.,0.,0.));
#7952=DIRECTION('center_axis',(0.,1.,0.));
#7953=DIRECTION('ref_axis',(0.,0.,1.));
#7954=DIRECTION('',(0.469884504296234,0.,-0.882727904069132));
#7955=DIRECTION('center_axis',(1.,0.,0.));
#7956=DIRECTION('ref_axis',(0.,0.,-1.));
#7957=DIRECTION('',(0.,1.,0.));
#7958=DIRECTION('',(0.,0.447565981679026,-0.89425091112265));
#7959=DIRECTION('',(0.,0.447217017726695,0.894425479878364));
#7960=DIRECTION('center_axis',(-1.,0.,0.));
#7961=DIRECTION('ref_axis',(0.,0.,1.));
#7962=DIRECTION('',(0.,0.447217017726695,0.894425479878364));
#7963=DIRECTION('',(0.,0.447565981679026,-0.89425091112265));
#7964=DIRECTION('',(0.,1.,0.));
#7965=DIRECTION('center_axis',(0.,0.,-1.));
#7966=DIRECTION('ref_axis',(-1.,0.,0.));
#7967=DIRECTION('',(0.,1.,0.));
#7968=DIRECTION('',(1.,0.,0.));
#7969=DIRECTION('',(0.741149874865949,0.671339603320248,0.));
#7970=DIRECTION('center_axis',(0.,0.,-1.));
#7971=DIRECTION('ref_axis',(-1.,0.,0.));
#7972=DIRECTION('',(0.,1.,0.));
#7973=DIRECTION('',(1.,0.,0.));
#7974=DIRECTION('',(0.740717820111525,0.671816277689988,0.));
#7975=DIRECTION('center_axis',(-1.,0.,0.));
#7976=DIRECTION('ref_axis',(0.,0.,1.));
#7977=DIRECTION('',(0.,0.446854152389775,0.89460682229235));
#7978=DIRECTION('',(0.,0.447572822066788,-0.89424748752634));
#7979=DIRECTION('',(0.,1.,0.));
#7980=DIRECTION('center_axis',(1.,0.,0.));
#7981=DIRECTION('ref_axis',(0.,0.,-1.));
#7982=DIRECTION('',(0.,1.,0.));
#7983=DIRECTION('',(0.,0.447572822066788,-0.89424748752634));
#7984=DIRECTION('',(0.,0.446854152389775,0.89460682229235));
#7985=DIRECTION('center_axis',(0.,-1.,0.));
#7986=DIRECTION('ref_axis',(0.,0.,-1.));
#7987=DIRECTION('',(1.,0.,0.));
#7988=DIRECTION('',(0.255298558321299,0.,-0.966862268432824));
#7989=DIRECTION('',(0.210095267843561,0.,-0.97768091851572));
#7990=DIRECTION('center_axis',(0.,0.,1.));
#7991=DIRECTION('ref_axis',(1.,0.,0.));
#7992=DIRECTION('',(1.,0.,0.));
#7993=DIRECTION('',(0.981218585954259,-0.192899161682795,0.));
#7994=DIRECTION('',(0.950871888254193,0.309584644528608,0.));
#7995=DIRECTION('center_axis',(0.,0.,1.));
#7996=DIRECTION('ref_axis',(1.,0.,0.));
#7997=DIRECTION('',(0.583289713750462,0.812264187215529,0.));
#7998=DIRECTION('',(1.,0.,0.));
#7999=DIRECTION('',(0.183828052849006,0.98295841569506,0.));
#8000=DIRECTION('center_axis',(0.,0.,1.));
#8001=DIRECTION('ref_axis',(1.,0.,0.));
#8002=DIRECTION('',(0.416991931433094,0.908910187598147,0.));
#8003=DIRECTION('',(1.,0.,0.));
#8004=DIRECTION('',(0.0967423631683894,0.995309456987421,0.));
#8005=DIRECTION('center_axis',(0.,-1.,0.));
#8006=DIRECTION('ref_axis',(0.,0.,-1.));
#8007=DIRECTION('',(0.78675389210801,0.,0.617266808805478));
#8008=DIRECTION('',(0.426773911850675,0.,-0.90435835163041));
#8009=DIRECTION('',(0.545552064592211,0.,0.838076932518236));
#8010=DIRECTION('center_axis',(0.,0.,1.));
#8011=DIRECTION('ref_axis',(1.,0.,0.));
#8012=DIRECTION('',(1.,0.,0.));
#8013=DIRECTION('',(0.518049413766865,-0.85535069117632,0.));
#8014=DIRECTION('',(0.995277345711511,0.0970721644625747,0.));
#8015=DIRECTION('center_axis',(0.,-1.,0.));
#8016=DIRECTION('ref_axis',(0.,0.,-1.));
#8017=DIRECTION('',(1.,0.,0.));
#8018=DIRECTION('',(0.,0.,1.));
#8019=DIRECTION('',(0.335188297082542,0.,0.942151158519112));
#8020=DIRECTION('center_axis',(-1.,0.,0.));
#8021=DIRECTION('ref_axis',(0.,0.,1.));
#8022=DIRECTION('',(0.,0.0765594006117101,0.997065022041178));
#8023=DIRECTION('',(0.,0.,1.));
#8024=DIRECTION('',(0.,0.117297757938402,0.993096790842979));
#8025=DIRECTION('center_axis',(0.,0.,1.));
#8026=DIRECTION('ref_axis',(1.,0.,0.));
#8027=DIRECTION('',(0.,1.,0.));
#8028=DIRECTION('',(0.50221307168781,0.864743910430073,0.));
#8029=DIRECTION('',(1.,0.,0.));
#8030=DIRECTION('center_axis',(0.,-1.,0.));
#8031=DIRECTION('ref_axis',(0.,0.,-1.));
#8032=DIRECTION('',(0.,0.,1.));
#8033=DIRECTION('',(0.0097280618140722,0.,0.999952681287141));
#8034=DIRECTION('',(0.834718055461168,0.,-0.550677553462211));
#8035=DIRECTION('center_axis',(0.,0.,-1.));
#8036=DIRECTION('ref_axis',(-1.,0.,0.));
#8037=DIRECTION('',(1.,0.,0.));
#8038=DIRECTION('',(0.0324179688729568,0.999474399519143,0.));
#8039=DIRECTION('',(0.,1.,0.));
#8040=DIRECTION('center_axis',(-1.,0.,0.));
#8041=DIRECTION('ref_axis',(0.,0.,1.));
#8042=DIRECTION('',(0.,1.,0.));
#8043=DIRECTION('',(0.,0.403089043494742,0.915160763480655));
#8044=DIRECTION('center_axis',(-1.,0.,0.));
#8045=DIRECTION('ref_axis',(0.,0.,1.));
#8046=DIRECTION('',(0.,0.381881020232263,0.924211494402859));
#8047=DIRECTION('',(0.,1.,0.));
#8048=DIRECTION('',(0.,0.40292134475437,0.915234609234883));
#8049=DIRECTION('center_axis',(0.,0.,-1.));
#8050=DIRECTION('ref_axis',(-1.,0.,0.));
#8051=DIRECTION('',(0.00719285414129986,0.999974131090051,0.));
#8052=DIRECTION('',(0.,1.,0.));
#8053=DIRECTION('',(0.00736964126019473,0.999972843825119,0.));
#8054=DIRECTION('center_axis',(0.,0.,-1.));
#8055=DIRECTION('ref_axis',(-1.,0.,0.));
#8056=DIRECTION('',(0.00536097237924494,0.999985629884324,0.));
#8057=DIRECTION('',(0.,1.,0.));
#8058=DIRECTION('center_axis',(0.,0.,-1.));
#8059=DIRECTION('ref_axis',(-1.,0.,0.));
#8060=DIRECTION('',(0.157632775989069,-0.987497801483112,0.));
#8061=DIRECTION('',(0.0205185427032596,0.999789472541762,0.));
#8062=DIRECTION('',(0.,1.,0.));
#8063=DIRECTION('center_axis',(-1.,0.,0.));
#8064=DIRECTION('ref_axis',(0.,0.,1.));
#8065=DIRECTION('',(0.,0.823443509548017,0.567398260997727));
#8066=DIRECTION('',(0.,0.475567898612636,-0.879679017488289));
#8067=DIRECTION('',(0.,1.,0.));
#8068=DIRECTION('center_axis',(0.,0.,-1.));
#8069=DIRECTION('ref_axis',(-1.,0.,0.));
#8070=DIRECTION('',(0.0155389167376018,0.999879263744689,0.));
#8071=DIRECTION('',(0.,1.,0.));
#8072=DIRECTION('center_axis',(-1.,0.,0.));
#8073=DIRECTION('ref_axis',(0.,0.,1.));
#8074=DIRECTION('',(0.,0.477124289160132,0.878835828066561));
#8075=DIRECTION('',(0.,0.997771234050674,-0.066727539299722));
#8076=DIRECTION('',(0.,1.,0.));
#8077=DIRECTION('center_axis',(-1.,0.,0.));
#8078=DIRECTION('ref_axis',(0.,0.,1.));
#8079=DIRECTION('',(0.,0.476071100238756,-0.879406792967544));
#8080=DIRECTION('',(0.,0.985636336777119,0.168881649756811));
#8081=DIRECTION('',(0.,0.148774326705913,-0.98887117447785));
#8082=DIRECTION('center_axis',(-1.,0.,0.));
#8083=DIRECTION('ref_axis',(0.,0.,1.));
#8084=DIRECTION('',(0.,0.,1.));
#8085=DIRECTION('',(0.,0.476615226251893,-0.879112009987838));
#8086=DIRECTION('',(0.,0.476615226251893,0.879112009987838));
#8087=DIRECTION('center_axis',(-1.,0.,0.));
#8088=DIRECTION('ref_axis',(0.,0.,1.));
#8089=DIRECTION('',(0.,0.414059558864299,0.910249790833869));
#8090=DIRECTION('',(0.,0.477620700126879,-0.878566142535842));
#8091=DIRECTION('',(0.,0.823834911817635,0.566829814027482));
#8092=DIRECTION('center_axis',(0.,0.,-1.));
#8093=DIRECTION('ref_axis',(-1.,0.,0.));
#8094=DIRECTION('',(0.613532843527425,0.789669202839488,0.));
#8095=DIRECTION('',(0.464356736160095,-0.885648249353401,0.));
#8096=DIRECTION('',(1.,0.,0.));
#8097=DIRECTION('center_axis',(0.,0.,-1.));
#8098=DIRECTION('ref_axis',(-1.,0.,0.));
#8099=DIRECTION('',(0.,1.,0.));
#8100=DIRECTION('',(0.871306300649003,0.490739574977756,0.));
#8101=DIRECTION('',(0.293844025450446,0.9558533824322,0.));
#8102=DIRECTION('center_axis',(-1.,0.,0.));
#8103=DIRECTION('ref_axis',(0.,0.,1.));
#8104=DIRECTION('',(0.,0.414056898899111,0.910251000809146));
#8105=DIRECTION('center_axis',(-1.,0.,0.));
#8106=DIRECTION('ref_axis',(0.,0.,1.));
#8107=DIRECTION('',(0.,0.476111786638058,-0.879384765972391));
#8108=DIRECTION('center_axis',(-1.,0.,0.));
#8109=DIRECTION('ref_axis',(0.,0.,1.));
#8110=DIRECTION('',(0.,0.823428331047384,0.56742028834764));
#8111=DIRECTION('center_axis',(-1.,0.,0.));
#8112=DIRECTION('ref_axis',(0.,0.,1.));
#8113=DIRECTION('',(0.,1.,0.));
#8114=DIRECTION('center_axis',(0.,0.,-1.));
#8115=DIRECTION('ref_axis',(-1.,0.,0.));
#8116=DIRECTION('',(0.,1.,0.));
#8117=DIRECTION('',(0.613723089132077,-0.789521354914597,0.));
#8118=DIRECTION('',(1.,0.,0.));
#8119=DIRECTION('center_axis',(0.,-1.,0.));
#8120=DIRECTION('ref_axis',(0.,0.,-1.));
#8121=DIRECTION('',(1.,0.,0.));
#8122=DIRECTION('',(0.,0.,1.));
#8123=DIRECTION('center_axis',(1.,0.,0.));
#8124=DIRECTION('ref_axis',(0.,0.,-1.));
#8125=DIRECTION('',(0.,1.,0.));
#8126=DIRECTION('',(0.,0.,1.));
#8127=DIRECTION('center_axis',(0.,1.,0.));
#8128=DIRECTION('ref_axis',(0.,0.,1.));
#8129=DIRECTION('',(0.362989849897409,0.,0.931793093380422));
#8130=DIRECTION('',(0.362176064606397,0.,-0.932109702892435));
#8131=DIRECTION('center_axis',(1.,0.,0.));
#8132=DIRECTION('ref_axis',(0.,0.,-1.));
#8133=DIRECTION('',(0.,1.,0.));
#8134=DIRECTION('',(0.,0.332494973313875,-0.943105027407343));
#8135=DIRECTION('',(0.,0.,1.));
#8136=DIRECTION('center_axis',(1.,0.,0.));
#8137=DIRECTION('ref_axis',(0.,0.,-1.));
#8138=DIRECTION('',(0.,0.331664113643955,0.943397538538642));
#8139=DIRECTION('',(0.,1.,0.));
#8140=DIRECTION('',(0.,0.,1.));
#8141=DIRECTION('center_axis',(0.,-1.,0.));
#8142=DIRECTION('ref_axis',(0.,0.,-1.));
#8143=DIRECTION('',(1.,0.,0.));
#8144=DIRECTION('',(0.362673813127302,0.,-0.931916147124677));
#8145=DIRECTION('center_axis',(0.,0.,-1.));
#8146=DIRECTION('ref_axis',(-1.,0.,0.));
#8147=DIRECTION('',(0.,1.,0.));
#8148=DIRECTION('',(1.,0.,0.));
#8149=DIRECTION('center_axis',(1.,0.,0.));
#8150=DIRECTION('ref_axis',(0.,0.,-1.));
#8151=DIRECTION('',(0.,1.,0.));
#8152=DIRECTION('center_axis',(0.,0.,-1.));
#8153=DIRECTION('ref_axis',(-1.,0.,0.));
#8154=DIRECTION('',(1.,0.,0.));
#8155=DIRECTION('center_axis',(0.,-1.,0.));
#8156=DIRECTION('ref_axis',(0.,0.,-1.));
#8157=DIRECTION('',(0.361860522313539,0.,0.932232247023762));
#8158=DIRECTION('center_axis',(0.,-1.,0.));
#8159=DIRECTION('ref_axis',(0.,0.,-1.));
#8160=DIRECTION('',(1.,0.,0.));
#8161=DIRECTION('',(0.,0.,1.));
#8162=DIRECTION('center_axis',(1.,0.,0.));
#8163=DIRECTION('ref_axis',(0.,0.,-1.));
#8164=DIRECTION('',(0.,1.,0.));
#8165=DIRECTION('',(0.,0.,1.));
#8166=DIRECTION('center_axis',(0.,1.,0.));
#8167=DIRECTION('ref_axis',(0.,0.,1.));
#8168=DIRECTION('',(0.5459336310543,0.,0.837828425445131));
#8169=DIRECTION('',(0.545936446677429,0.,-0.837826590762804));
#8170=DIRECTION('center_axis',(0.,1.,0.));
#8171=DIRECTION('ref_axis',(0.,0.,1.));
#8172=DIRECTION('',(0.362581557895523,0.,0.931952044836029));
#8173=DIRECTION('',(0.326552358322459,0.,-0.945179113858342));
#8174=DIRECTION('center_axis',(0.,1.,0.));
#8175=DIRECTION('ref_axis',(0.,0.,1.));
#8176=DIRECTION('',(0.352715315475797,0.,0.935730680393033));
#8177=DIRECTION('',(0.343578585523072,0.,0.939123929825007));
#8178=DIRECTION('',(1.,0.,0.));
#8179=DIRECTION('center_axis',(0.,0.,1.));
#8180=DIRECTION('ref_axis',(1.,0.,0.));
#8181=DIRECTION('',(0.402057532248728,0.915614406156906,0.));
#8182=DIRECTION('',(0.559256969983235,0.828994355544819,0.));
#8183=DIRECTION('',(1.,0.,0.));
#8184=DIRECTION('center_axis',(0.,0.,1.));
#8185=DIRECTION('ref_axis',(1.,0.,0.));
#8186=DIRECTION('',(0.45192735928881,-0.892054741552469,0.));
#8187=DIRECTION('',(0.359874617647978,0.933000675011933,0.));
#8188=DIRECTION('',(1.,0.,0.));
#8189=DIRECTION('center_axis',(0.,1.,0.));
#8190=DIRECTION('ref_axis',(0.,0.,1.));
#8191=DIRECTION('',(0.999805955348285,0.,-0.0196990266283433));
#8192=DIRECTION('',(0.999846443838315,0.,-0.0175239477252006));
#8193=DIRECTION('center_axis',(0.,1.,0.));
#8194=DIRECTION('ref_axis',(0.,0.,1.));
#8195=DIRECTION('',(0.406188316739819,0.,-0.913789391131279));
#8196=DIRECTION('',(1.,0.,0.));
#8197=DIRECTION('',(0.760515068998573,0.,0.649320282931387));
#8198=DIRECTION('center_axis',(0.,1.,0.));
#8199=DIRECTION('ref_axis',(0.,0.,1.));
#8200=DIRECTION('',(0.834718055461168,0.,-0.550677553462211));
#8201=DIRECTION('',(0.998770516709236,0.,-0.0495727238747806));
#8202=DIRECTION('',(1.,0.,0.));
#8203=DIRECTION('center_axis',(0.,0.,1.));
#8204=DIRECTION('ref_axis',(1.,0.,0.));
#8205=DIRECTION('',(0.,1.,0.));
#8206=DIRECTION('',(0.571415255174917,-0.820661078736761,0.));
#8207=DIRECTION('center_axis',(0.,1.,0.));
#8208=DIRECTION('ref_axis',(0.,0.,1.));
#8209=DIRECTION('',(0.999801743973841,0.,-0.019911623411128));
#8210=DIRECTION('',(1.,0.,0.));
#8211=DIRECTION('center_axis',(-1.,0.,0.));
#8212=DIRECTION('ref_axis',(0.,0.,1.));
#8213=DIRECTION('',(0.,0.47649562908894,0.879176839696733));
#8214=DIRECTION('',(0.,0.,1.));
#8215=DIRECTION('',(0.,0.851997849664329,0.523545283779121));
#8216=DIRECTION('center_axis',(0.,1.,0.));
#8217=DIRECTION('ref_axis',(0.,0.,1.));
#8218=DIRECTION('',(0.761290469863239,0.,0.648410996587357));
#8219=DIRECTION('',(0.0142397616623878,0.,0.999898609453878));
#8220=DIRECTION('',(0.,0.,1.));
#8221=DIRECTION('center_axis',(-1.,0.,0.));
#8222=DIRECTION('ref_axis',(0.,0.,1.));
#8223=DIRECTION('',(0.,0.984421244991523,0.175826085690774));
#8224=DIRECTION('',(0.,1.,0.));
#8225=DIRECTION('center_axis',(0.,0.,-1.));
#8226=DIRECTION('ref_axis',(-1.,0.,0.));
#8227=DIRECTION('',(0.390370958887463,-0.920657653233428,0.));
#8228=DIRECTION('',(0.,1.,0.));
#8229=DIRECTION('',(0.0752062228348759,-0.997168001916884,0.));
#8230=DIRECTION('center_axis',(-1.,0.,0.));
#8231=DIRECTION('ref_axis',(0.,0.,1.));
#8232=DIRECTION('',(0.,0.496819151205384,0.867854095453586));
#8233=DIRECTION('',(0.,0.496819151205384,-0.867854095453586));
#8234=DIRECTION('',(0.,1.,0.));
#8235=DIRECTION('center_axis',(-1.,0.,0.));
#8236=DIRECTION('ref_axis',(0.,0.,1.));
#8237=DIRECTION('',(0.,0.45844580923759,0.888722363841763));
#8238=DIRECTION('',(0.,0.346021410351609,0.938226616323734));
#8239=DIRECTION('center_axis',(-1.,0.,0.));
#8240=DIRECTION('ref_axis',(0.,0.,1.));
#8241=DIRECTION('',(0.,0.496186233162526,0.868216114812426));
#8242=DIRECTION('center_axis',(-1.,0.,0.));
#8243=DIRECTION('ref_axis',(0.,0.,1.));
#8244=DIRECTION('',(0.,0.47577732214628,-0.879565767712293));
#8245=DIRECTION('center_axis',(-1.,0.,0.));
#8246=DIRECTION('ref_axis',(0.,0.,1.));
#8247=DIRECTION('',(0.,0.324989953992816,-0.94571746827673));
#8248=DIRECTION('center_axis',(-1.,0.,0.));
#8249=DIRECTION('ref_axis',(0.,0.,1.));
#8250=DIRECTION('',(0.,0.439943487834162,-0.898025460392027));
#8251=DIRECTION('center_axis',(0.,0.,-1.));
#8252=DIRECTION('ref_axis',(-1.,0.,0.));
#8253=DIRECTION('',(0.,1.,0.));
#8254=DIRECTION('center_axis',(-1.,0.,0.));
#8255=DIRECTION('ref_axis',(0.,0.,1.));
#8256=DIRECTION('',(0.,0.808481579420065,0.588521482818118));
#8257=DIRECTION('center_axis',(-1.,0.,0.));
#8258=DIRECTION('ref_axis',(0.,0.,1.));
#8259=DIRECTION('center_axis',(0.,-1.,0.));
#8260=DIRECTION('ref_axis',(0.,0.,-1.));
#8261=DIRECTION('',(0.999572003286622,0.,-0.0292542346604784));
#8262=DIRECTION('',(0.215866531180234,0.,0.976422880065913));
#8263=DIRECTION('center_axis',(0.,-1.,0.));
#8264=DIRECTION('ref_axis',(0.,0.,-1.));
#8265=DIRECTION('',(0.0738824849387146,0.,-0.997266954440626));
#8266=DIRECTION('',(1.,0.,0.));
#8267=DIRECTION('',(0.997970740942812,0.,-0.0636741723311258));
#8268=DIRECTION('center_axis',(0.,-1.,0.));
#8269=DIRECTION('ref_axis',(0.,0.,-1.));
#8270=DIRECTION('',(0.284126718049245,0.,0.958786737544155));
#8271=DIRECTION('',(0.999726214734971,0.,-0.023398623286138));
#8272=DIRECTION('center_axis',(0.,0.,1.));
#8273=DIRECTION('ref_axis',(1.,0.,0.));
#8274=DIRECTION('',(0.631347377539547,0.775500154012839,0.));
#8275=DIRECTION('',(1.,0.,0.));
#8276=DIRECTION('center_axis',(0.,-1.,0.));
#8277=DIRECTION('ref_axis',(0.,0.,-1.));
#8278=DIRECTION('',(0.997526529594938,0.,-0.070290986294688));
#8279=DIRECTION('center_axis',(0.,-1.,0.));
#8280=DIRECTION('ref_axis',(0.,0.,-1.));
#8281=DIRECTION('',(0.99865821953729,0.,-0.0517857176315033));
#8282=DIRECTION('center_axis',(0.,-1.,0.));
#8283=DIRECTION('ref_axis',(0.,0.,-1.));
#8284=DIRECTION('',(1.,0.,0.));
#8285=DIRECTION('center_axis',(0.,0.,1.));
#8286=DIRECTION('ref_axis',(1.,0.,0.));
#8287=DIRECTION('',(0.831377157504405,0.55570857648582,0.));
#8288=DIRECTION('center_axis',(0.,-1.,0.));
#8289=DIRECTION('ref_axis',(0.,0.,-1.));
#8290=DIRECTION('',(1.,0.,0.));
#8291=DIRECTION('center_axis',(0.,0.,1.));
#8292=DIRECTION('ref_axis',(1.,0.,0.));
#8293=DIRECTION('',(0.83367636345624,0.552253312361618,0.));
#8294=DIRECTION('center_axis',(0.,0.,1.));
#8295=DIRECTION('ref_axis',(1.,0.,0.));
#8296=DIRECTION('',(0.912064893136052,0.410045888540201,0.));
#8297=DIRECTION('center_axis',(0.,0.,1.));
#8298=DIRECTION('ref_axis',(1.,0.,0.));
#8299=DIRECTION('',(0.972875711451157,0.231328446301802,0.));
#8300=DIRECTION('',(0.984125319992718,0.177474940623262,0.));
#8301=DIRECTION('',(1.,0.,0.));
#8302=DIRECTION('center_axis',(0.,0.,1.));
#8303=DIRECTION('ref_axis',(1.,0.,0.));
#8304=DIRECTION('',(0.984188082405532,0.177126560546187,0.));
#8305=DIRECTION('',(1.,0.,0.));
#8306=DIRECTION('center_axis',(0.,0.,1.));
#8307=DIRECTION('ref_axis',(1.,0.,0.));
#8308=DIRECTION('',(0.103959492041679,0.994581532110081,0.));
#8309=DIRECTION('',(1.,0.,0.));
#8310=DIRECTION('center_axis',(0.,0.,1.));
#8311=DIRECTION('ref_axis',(1.,0.,0.));
#8312=DIRECTION('',(1.,0.,0.));
#8313=DIRECTION('center_axis',(0.,0.,1.));
#8314=DIRECTION('ref_axis',(1.,0.,0.));
#8315=DIRECTION('',(1.,0.,0.));
#8316=DIRECTION('',(0.398910377317635,0.91698991862959,0.));
#8317=DIRECTION('center_axis',(0.,0.,1.));
#8318=DIRECTION('ref_axis',(1.,0.,0.));
#8319=DIRECTION('',(0.407990663387443,0.912986099887985,0.));
#8320=DIRECTION('',(1.,0.,0.));
#8321=DIRECTION('center_axis',(0.,0.,1.));
#8322=DIRECTION('ref_axis',(1.,0.,0.));
#8323=DIRECTION('',(1.,0.,0.));
#8324=DIRECTION('center_axis',(0.,0.,1.));
#8325=DIRECTION('ref_axis',(1.,0.,0.));
#8326=DIRECTION('',(1.,0.,0.));
#8327=DIRECTION('',(0.54419368478013,0.838959613715359,0.));
#8328=DIRECTION('center_axis',(0.,0.,1.));
#8329=DIRECTION('ref_axis',(1.,0.,0.));
#8330=DIRECTION('',(0.563836557353877,0.825886394482515,0.));
#8331=DIRECTION('',(1.,0.,0.));
#8332=DIRECTION('center_axis',(0.,0.,1.));
#8333=DIRECTION('ref_axis',(1.,0.,0.));
#8334=DIRECTION('',(0.573699263801089,0.819066025857555,0.));
#8335=DIRECTION('',(1.,0.,0.));
#8336=DIRECTION('center_axis',(0.,0.,1.));
#8337=DIRECTION('ref_axis',(1.,0.,0.));
#8338=DIRECTION('',(0.620148485286506,0.784484452488928,0.));
#8339=DIRECTION('',(1.,0.,0.));
#8340=DIRECTION('center_axis',(0.,0.,1.));
#8341=DIRECTION('ref_axis',(1.,0.,0.));
#8342=DIRECTION('',(0.631095992431725,0.775704743015418,0.));
#8343=DIRECTION('',(1.,0.,0.));
#8344=DIRECTION('center_axis',(0.,-1.,0.));
#8345=DIRECTION('ref_axis',(0.,0.,-1.));
#8346=DIRECTION('',(0.531799277532133,0.,-0.846870431893983));
#8347=DIRECTION('',(0.54998848097575,0.,0.835172240195989));
#8348=DIRECTION('',(1.,0.,0.));
#8349=DIRECTION('center_axis',(0.,0.,1.));
#8350=DIRECTION('ref_axis',(1.,0.,0.));
#8351=DIRECTION('',(0.872751689541101,0.488164407144923,0.));
#8352=DIRECTION('',(1.,0.,0.));
#8353=DIRECTION('',(0.870299779940618,0.492522378207643,0.));
#8354=DIRECTION('center_axis',(0.,-1.,0.));
#8355=DIRECTION('ref_axis',(0.,0.,-1.));
#8356=DIRECTION('',(0.230027917256443,0.,-0.973184030532079));
#8357=DIRECTION('',(0.568083439781681,0.,-0.822970962699057));
#8358=DIRECTION('center_axis',(0.,-1.,0.));
#8359=DIRECTION('ref_axis',(0.,0.,-1.));
#8360=DIRECTION('',(0.997592173102312,0.,-0.0693531265698069));
#8361=DIRECTION('',(0.0493298447959808,0.,0.998782542104338));
#8362=DIRECTION('center_axis',(0.,-1.,0.));
#8363=DIRECTION('ref_axis',(0.,0.,-1.));
#8364=DIRECTION('',(1.,0.,0.));
#8365=DIRECTION('center_axis',(0.,0.,1.));
#8366=DIRECTION('ref_axis',(1.,0.,0.));
#8367=DIRECTION('',(0.92393746470439,0.382543541725154,0.));
#8368=DIRECTION('center_axis',(0.,0.,1.));
#8369=DIRECTION('ref_axis',(1.,0.,0.));
#8370=DIRECTION('',(1.,0.,0.));
#8371=DIRECTION('center_axis',(0.,-1.,0.));
#8372=DIRECTION('ref_axis',(0.,0.,-1.));
#8373=DIRECTION('',(0.99755447069201,0.,-0.0698933330324395));
#8374=DIRECTION('center_axis',(0.,-1.,0.));
#8375=DIRECTION('ref_axis',(0.,0.,-1.));
#8376=DIRECTION('',(0.320776816428355,0.,0.94715480996619));
#8377=DIRECTION('center_axis',(0.,-1.,0.));
#8378=DIRECTION('ref_axis',(0.,0.,-1.));
#8379=DIRECTION('',(0.9999808542541,0.,-0.00618798232392669));
#8380=DIRECTION('',(0.963689784942307,0.,0.267024340459535));
#8381=DIRECTION('center_axis',(0.,-1.,0.));
#8382=DIRECTION('ref_axis',(0.,0.,-1.));
#8383=DIRECTION('',(0.997566870219644,0.,-0.0697161347191839));
#8384=DIRECTION('',(0.237593810132937,0.,0.971364597556712));
#8385=DIRECTION('center_axis',(0.,-1.,0.));
#8386=DIRECTION('ref_axis',(0.,0.,-1.));
#8387=DIRECTION('',(0.531799277532133,0.,0.846870431893983));
#8388=DIRECTION('',(0.998599878522412,0.,-0.052898795969507));
#8389=DIRECTION('center_axis',(0.,-1.,0.));
#8390=DIRECTION('ref_axis',(0.,0.,-1.));
#8391=DIRECTION('',(0.999935405617539,0.,-0.0113659400178046));
#8392=DIRECTION('',(0.394424613037878,0.,0.918928302224891));
#8393=DIRECTION('center_axis',(0.,-1.,0.));
#8394=DIRECTION('ref_axis',(0.,0.,-1.));
#8395=DIRECTION('',(0.99998561356453,0.,-0.00536401565709506));
#8396=DIRECTION('',(0.852020088421981,0.,0.523509091540348));
#8397=DIRECTION('center_axis',(1.,0.,0.));
#8398=DIRECTION('ref_axis',(0.,0.,-1.));
#8399=DIRECTION('',(0.,0.879428684139964,0.476030660264495));
#8400=DIRECTION('',(0.,1.,0.));
#8401=DIRECTION('center_axis',(1.,0.,0.));
#8402=DIRECTION('ref_axis',(0.,0.,-1.));
#8403=DIRECTION('',(0.,0.441984440240552,0.897022716872458));
#8404=DIRECTION('',(0.,1.,0.));
#8405=DIRECTION('',(0.,0.999592548340169,-0.0285436035357546));
#8406=DIRECTION('center_axis',(0.,0.,1.));
#8407=DIRECTION('ref_axis',(1.,0.,0.));
#8408=DIRECTION('',(0.0531438670620273,0.998586866223311,0.));
#8409=DIRECTION('center_axis',(0.,0.,1.));
#8410=DIRECTION('ref_axis',(1.,0.,0.));
#8411=DIRECTION('',(0.0497205540124107,0.998763168378119,0.));
#8412=DIRECTION('center_axis',(1.,0.,0.));
#8413=DIRECTION('ref_axis',(0.,0.,-1.));
#8414=DIRECTION('',(0.,1.,0.));
#8415=DIRECTION('',(0.,0.477630267062394,-0.878560941532177));
#8416=DIRECTION('',(0.,0.851763681652148,0.523926169052834));
#8417=DIRECTION('center_axis',(1.,0.,0.));
#8418=DIRECTION('ref_axis',(0.,0.,-1.));
#8419=DIRECTION('',(0.,0.238671166270237,0.97110044505767));
#8420=DIRECTION('',(0.,1.,0.));
#8421=DIRECTION('center_axis',(1.,0.,0.));
#8422=DIRECTION('ref_axis',(0.,0.,-1.));
#8423=DIRECTION('',(0.,0.524600055309083,0.851348801590575));
#8424=DIRECTION('',(0.,1.,0.));
#8425=DIRECTION('center_axis',(1.,0.,0.));
#8426=DIRECTION('ref_axis',(0.,0.,-1.));
#8427=DIRECTION('',(0.,1.,0.));
#8428=DIRECTION('',(0.,0.999970343800192,-0.00770139728396584));
#8429=DIRECTION('center_axis',(1.,0.,0.));
#8430=DIRECTION('ref_axis',(0.,0.,-1.));
#8431=DIRECTION('',(0.,0.9996687684411,-0.0257362274518816));
#8432=DIRECTION('',(0.,1.,0.));
#8433=DIRECTION('center_axis',(1.,0.,0.));
#8434=DIRECTION('ref_axis',(0.,0.,-1.));
#8435=DIRECTION('',(0.,0.999634810386465,-0.0270230616995387));
#8436=DIRECTION('',(0.,1.,0.));
#8437=DIRECTION('center_axis',(1.,0.,0.));
#8438=DIRECTION('ref_axis',(0.,0.,-1.));
#8439=DIRECTION('',(0.,0.999614559081152,-0.0277620833691053));
#8440=DIRECTION('',(0.,1.,0.));
#8441=DIRECTION('center_axis',(0.,0.,1.));
#8442=DIRECTION('ref_axis',(1.,0.,0.));
#8443=DIRECTION('',(0.133106815592233,0.991101697931597,0.));
#8444=DIRECTION('',(0.789001265352081,0.61439157161603,0.));
#8445=DIRECTION('',(0.,1.,0.));
#8446=DIRECTION('center_axis',(0.,0.,1.));
#8447=DIRECTION('ref_axis',(1.,0.,0.));
#8448=DIRECTION('',(0.,1.,0.));
#8449=DIRECTION('',(0.821996655924545,0.5694923157066,0.));
#8450=DIRECTION('center_axis',(1.,0.,0.));
#8451=DIRECTION('ref_axis',(0.,0.,-1.));
#8452=DIRECTION('',(0.,0.999233465336549,-0.0391469251859195));
#8453=DIRECTION('',(0.,1.,0.));
#8454=DIRECTION('',(0.,0.999262191647523,-0.0384066705637181));
#8455=DIRECTION('center_axis',(1.,0.,0.));
#8456=DIRECTION('ref_axis',(0.,0.,-1.));
#8457=DIRECTION('',(0.,0.932854766853252,-0.360252666831441));
#8458=DIRECTION('',(0.,1.,0.));
#8459=DIRECTION('center_axis',(1.,0.,0.));
#8460=DIRECTION('ref_axis',(0.,0.,-1.));
#8461=DIRECTION('',(0.,0.441984440240552,-0.897022716872458));
#8462=DIRECTION('',(0.,1.,0.));
#8463=DIRECTION('center_axis',(1.,0.,0.));
#8464=DIRECTION('ref_axis',(0.,0.,-1.));
#8465=DIRECTION('',(0.,0.239747641853038,-0.970835242575128));
#8466=DIRECTION('',(0.,1.,0.));
#8467=DIRECTION('center_axis',(1.,0.,0.));
#8468=DIRECTION('ref_axis',(0.,0.,-1.));
#8469=DIRECTION('',(0.,0.999583795393596,0.0288485005941907));
#8470=DIRECTION('',(0.,1.,0.));
#8471=DIRECTION('center_axis',(1.,0.,0.));
#8472=DIRECTION('ref_axis',(0.,0.,-1.));
#8473=DIRECTION('',(0.,1.,0.));
#8474=DIRECTION('',(0.,0.442832635825738,-0.89660429211979));
#8475=DIRECTION('center_axis',(1.,0.,0.));
#8476=DIRECTION('ref_axis',(0.,0.,-1.));
#8477=DIRECTION('',(0.,0.804544284908208,0.593892661700362));
#8478=DIRECTION('',(0.,1.,0.));
#8479=DIRECTION('center_axis',(1.,0.,0.));
#8480=DIRECTION('ref_axis',(0.,0.,-1.));
#8481=DIRECTION('',(0.,1.,0.));
#8482=DIRECTION('',(0.,0.99998847285335,-0.00480147481777853));
#8483=DIRECTION('center_axis',(1.,0.,0.));
#8484=DIRECTION('ref_axis',(0.,0.,-1.));
#8485=DIRECTION('',(0.,0.,1.));
#8486=DIRECTION('',(0.,1.,0.));
#8487=DIRECTION('center_axis',(0.,0.,1.));
#8488=DIRECTION('ref_axis',(1.,0.,0.));
#8489=DIRECTION('',(1.,0.,0.));
#8490=DIRECTION('',(0.0651093975146066,-0.997878132015771,0.));
#8491=DIRECTION('',(0.581292105422036,0.813694960150312,0.));
#8492=DIRECTION('center_axis',(1.,0.,0.));
#8493=DIRECTION('ref_axis',(0.,0.,-1.));
#8494=DIRECTION('',(0.,1.,0.));
#8495=DIRECTION('',(0.,0.402839590112598,-0.915270596401913));
#8496=DIRECTION('',(0.,0.,1.));
#8497=DIRECTION('center_axis',(1.,0.,0.));
#8498=DIRECTION('ref_axis',(0.,0.,-1.));
#8499=DIRECTION('',(0.,1.,0.));
#8500=DIRECTION('',(0.,0.486516464458013,-0.87367140837461));
#8501=DIRECTION('',(0.,0.820441204048872,0.571730907594506));
#8502=DIRECTION('center_axis',(1.,0.,0.));
#8503=DIRECTION('ref_axis',(0.,0.,-1.));
#8504=DIRECTION('',(0.,0.467501048813101,-0.883992516573896));
#8505=DIRECTION('',(0.,1.,0.));
#8506=DIRECTION('center_axis',(1.,0.,0.));
#8507=DIRECTION('ref_axis',(0.,0.,-1.));
#8508=DIRECTION('',(0.,1.,0.));
#8509=DIRECTION('',(0.,0.475567898612636,-0.879679017488289));
#8510=DIRECTION('',(0.,0.476075890389156,0.879404199779699));
#8511=DIRECTION('center_axis',(1.,0.,0.));
#8512=DIRECTION('ref_axis',(0.,0.,-1.));
#8513=DIRECTION('',(0.,0.820973781042309,0.57096589288774));
#8514=DIRECTION('',(0.,0.486571652168367,-0.873640674022304));
#8515=DIRECTION('',(0.,0.403091746735032,0.915159572814545));
#8516=DIRECTION('center_axis',(1.,0.,0.));
#8517=DIRECTION('ref_axis',(0.,0.,-1.));
#8518=DIRECTION('',(0.,0.476615226251893,0.879112009987838));
#8519=DIRECTION('center_axis',(1.,0.,0.));
#8520=DIRECTION('ref_axis',(0.,0.,-1.));
#8521=DIRECTION('',(0.,0.476071100238756,-0.879406792967544));
#8522=DIRECTION('center_axis',(1.,0.,0.));
#8523=DIRECTION('ref_axis',(0.,0.,-1.));
#8524=DIRECTION('',(0.,1.,0.));
#8525=DIRECTION('center_axis',(1.,0.,0.));
#8526=DIRECTION('ref_axis',(0.,0.,-1.));
#8527=DIRECTION('',(0.,0.47662001866264,-0.8791094117401));
#8528=DIRECTION('',(0.,0.476615226251893,0.879112009987838));
#8529=DIRECTION('center_axis',(1.,0.,0.));
#8530=DIRECTION('ref_axis',(0.,0.,-1.));
#8531=DIRECTION('',(0.,1.,0.));
#8532=DIRECTION('',(0.,0.48608696642738,-0.873910442247618));
#8533=DIRECTION('center_axis',(0.,1.,0.));
#8534=DIRECTION('ref_axis',(0.,0.,1.));
#8535=DIRECTION('',(0.5459336310543,0.,0.837828425445131));
#8536=DIRECTION('',(0.545930815412674,0.,-0.837830260126031));
#8537=DIRECTION('',(1.,0.,0.));
#8538=DIRECTION('center_axis',(-1.,0.,0.));
#8539=DIRECTION('ref_axis',(0.,0.,1.));
#8540=DIRECTION('',(0.,0.,1.));
#8541=DIRECTION('',(0.,1.,0.));
#8542=DIRECTION('center_axis',(-1.,0.,0.));
#8543=DIRECTION('ref_axis',(0.,0.,1.));
#8544=DIRECTION('',(0.,0.,1.));
#8545=DIRECTION('',(0.,1.,0.));
#8546=DIRECTION('',(0.,0.447925067804378,0.8940711009939));
#8547=DIRECTION('center_axis',(0.,0.,-1.));
#8548=DIRECTION('ref_axis',(-1.,0.,0.));
#8549=DIRECTION('',(0.465047039168924,0.885285971514412,0.));
#8550=DIRECTION('',(0.613038156160401,-0.790053301424312,0.));
#8551=DIRECTION('center_axis',(0.,-1.,0.));
#8552=DIRECTION('ref_axis',(0.,0.,-1.));
#8553=DIRECTION('',(1.,0.,0.));
#8554=DIRECTION('',(0.362176064606397,0.,-0.932109702892435));
#8555=DIRECTION('',(0.,0.,1.));
#8556=DIRECTION('center_axis',(-1.,0.,0.));
#8557=DIRECTION('ref_axis',(0.,0.,1.));
#8558=DIRECTION('',(0.,0.33196030322775,-0.943293356851908));
#8559=DIRECTION('',(0.,1.,0.));
#8560=DIRECTION('center_axis',(-1.,0.,0.));
#8561=DIRECTION('ref_axis',(0.,0.,1.));
#8562=DIRECTION('',(0.,0.,1.));
#8563=DIRECTION('',(0.,0.332494973313875,-0.943105027407343));
#8564=DIRECTION('',(0.,1.,0.));
#8565=DIRECTION('center_axis',(0.,1.,0.));
#8566=DIRECTION('ref_axis',(0.,0.,1.));
#8567=DIRECTION('',(0.361860522313539,0.,0.932232247023762));
#8568=DIRECTION('',(1.,0.,0.));
#8569=DIRECTION('center_axis',(-1.,0.,0.));
#8570=DIRECTION('ref_axis',(0.,0.,1.));
#8571=DIRECTION('',(0.,0.,1.));
#8572=DIRECTION('',(0.,1.,0.));
#8573=DIRECTION('center_axis',(0.,1.,0.));
#8574=DIRECTION('ref_axis',(0.,0.,1.));
#8575=DIRECTION('',(0.362176064606397,0.,0.932109702892435));
#8576=DIRECTION('',(0.362176064606397,0.,-0.932109702892435));
#8577=DIRECTION('',(1.,0.,0.));
#8578=DIRECTION('center_axis',(-1.,0.,0.));
#8579=DIRECTION('ref_axis',(0.,0.,1.));
#8580=DIRECTION('',(0.,0.,1.));
#8581=DIRECTION('',(0.,1.,0.));
#8582=DIRECTION('',(0.,0.447931910927409,0.894067672591354));
#8583=DIRECTION('center_axis',(0.,1.,0.));
#8584=DIRECTION('ref_axis',(0.,0.,1.));
#8585=DIRECTION('',(0.,0.,1.));
#8586=DIRECTION('center_axis',(-1.,0.,0.));
#8587=DIRECTION('ref_axis',(0.,0.,1.));
#8588=DIRECTION('',(0.,0.332791720537235,0.943000355642492));
#8589=DIRECTION('center_axis',(-1.,0.,0.));
#8590=DIRECTION('ref_axis',(0.,0.,1.));
#8591=DIRECTION('',(0.,1.,0.));
#8592=DIRECTION('center_axis',(0.,0.,-1.));
#8593=DIRECTION('ref_axis',(-1.,0.,0.));
#8594=DIRECTION('',(0.870687065383298,0.491837406237286,0.));
#8595=DIRECTION('',(0.294552942252334,0.955635162711426,0.));
#8596=DIRECTION('center_axis',(0.,0.,-1.));
#8597=DIRECTION('ref_axis',(-1.,0.,0.));
#8598=DIRECTION('',(0.294716369847408,0.955584774545914,0.));
#8599=DIRECTION('center_axis',(0.,0.,-1.));
#8600=DIRECTION('ref_axis',(-1.,0.,0.));
#8601=DIRECTION('',(0.465228129690682,-0.885190819735784,0.));
#8602=DIRECTION('center_axis',(0.,0.,-1.));
#8603=DIRECTION('ref_axis',(-1.,0.,0.));
#8604=DIRECTION('',(0.830461029492316,0.5570767258597,0.));
#8605=DIRECTION('center_axis',(0.,0.,-1.));
#8606=DIRECTION('ref_axis',(-1.,0.,0.));
#8607=DIRECTION('',(0.,1.,0.));
#8608=DIRECTION('',(0.465228299325706,-0.885190730580992,0.));
#8609=DIRECTION('center_axis',(0.,-1.,0.));
#8610=DIRECTION('ref_axis',(0.,0.,-1.));
#8611=DIRECTION('',(0.86545861519601,0.,0.500980424151488));
#8612=DIRECTION('',(0.545930815412674,0.,-0.837830260126031));
#8613=DIRECTION('',(0.0251353365406408,0.,-0.999684057518669));
#8614=DIRECTION('center_axis',(0.,0.,1.));
#8615=DIRECTION('ref_axis',(1.,0.,0.));
#8616=DIRECTION('',(1.,0.,0.));
#8617=DIRECTION('',(0.578729095453935,-0.815519855107815,0.));
#8618=DIRECTION('',(0.994687897749124,0.102936806203749,0.));
#8619=DIRECTION('center_axis',(0.,0.,1.));
#8620=DIRECTION('ref_axis',(1.,0.,0.));
#8621=DIRECTION('',(0.401605591394373,0.91581272592205,0.));
#8622=DIRECTION('',(1.,0.,0.));
#8623=DIRECTION('',(0.843938673972053,-0.536439665362557,0.));
#8624=DIRECTION('center_axis',(0.,0.,1.));
#8625=DIRECTION('ref_axis',(1.,0.,0.));
#8626=DIRECTION('',(0.764276498649131,0.644888698623744,0.));
#8627=DIRECTION('',(0.772163413413654,0.63542400252538,0.));
#8628=DIRECTION('',(1.,0.,0.));
#8629=DIRECTION('center_axis',(0.,-1.,0.));
#8630=DIRECTION('ref_axis',(0.,0.,-1.));
#8631=DIRECTION('',(0.999973338799534,0.,-0.0073021702330716));
#8632=DIRECTION('',(1.,0.,0.));
#8633=DIRECTION('',(0.999973678915478,0.,-0.0072554445931618));
#8634=DIRECTION('center_axis',(0.,-1.,0.));
#8635=DIRECTION('ref_axis',(0.,0.,-1.));
#8636=DIRECTION('',(0.999967579062816,0.,-0.0080523799742954));
#8637=DIRECTION('',(1.,0.,0.));
#8638=DIRECTION('center_axis',(0.,-1.,0.));
#8639=DIRECTION('ref_axis',(0.,0.,-1.));
#8640=DIRECTION('',(1.,0.,0.));
#8641=DIRECTION('center_axis',(0.,0.,1.));
#8642=DIRECTION('ref_axis',(1.,0.,0.));
#8643=DIRECTION('',(0.526072222360205,0.850439896089662,0.));
#8644=DIRECTION('center_axis',(0.,0.,1.));
#8645=DIRECTION('ref_axis',(1.,0.,0.));
#8646=DIRECTION('',(0.769053371714377,0.639184567597458,0.));
#8647=DIRECTION('center_axis',(0.,0.,1.));
#8648=DIRECTION('ref_axis',(1.,0.,0.));
#8649=DIRECTION('',(0.779298399622431,0.626653017503242,0.));
#8650=DIRECTION('center_axis',(0.,0.,1.));
#8651=DIRECTION('ref_axis',(1.,0.,0.));
#8652=DIRECTION('',(0.646813091193251,0.762648559338462,0.));
#8653=DIRECTION('center_axis',(0.,0.,1.));
#8654=DIRECTION('ref_axis',(1.,0.,0.));
#8655=DIRECTION('',(1.,0.,0.));
#8656=DIRECTION('center_axis',(0.,-1.,0.));
#8657=DIRECTION('ref_axis',(0.,0.,-1.));
#8658=DIRECTION('',(0.999976278394454,0.,-0.00688786239532537));
#8659=DIRECTION('center_axis',(0.,-1.,0.));
#8660=DIRECTION('ref_axis',(0.,0.,-1.));
#8661=DIRECTION('',(0.999976491375324,0.,-0.00685687222395107));
#8662=DIRECTION('center_axis',(0.,-1.,0.));
#8663=DIRECTION('ref_axis',(0.,0.,-1.));
#8664=DIRECTION('',(1.,0.,0.));
#8665=DIRECTION('center_axis',(0.,0.,1.));
#8666=DIRECTION('ref_axis',(1.,0.,0.));
#8667=DIRECTION('',(0.888620657054864,0.458642919770252,0.));
#8668=DIRECTION('center_axis',(0.,0.,1.));
#8669=DIRECTION('ref_axis',(1.,0.,0.));
#8670=DIRECTION('',(0.90325331000636,0.429107746332498,0.));
#8671=DIRECTION('',(1.,0.,0.));
#8672=DIRECTION('center_axis',(0.,-1.,0.));
#8673=DIRECTION('ref_axis',(0.,0.,-1.));
#8674=DIRECTION('',(0.0458139639272488,0.,-0.998949989093184));
#8675=DIRECTION('center_axis',(0.,-1.,0.));
#8676=DIRECTION('ref_axis',(0.,0.,-1.));
#8677=DIRECTION('',(1.,0.,0.));
#8678=DIRECTION('center_axis',(0.,0.,1.));
#8679=DIRECTION('ref_axis',(1.,0.,0.));
#8680=DIRECTION('',(0.940129666735866,0.340816973936318,0.));
#8681=DIRECTION('center_axis',(0.,-1.,0.));
#8682=DIRECTION('ref_axis',(0.,0.,-1.));
#8683=DIRECTION('',(1.,0.,0.));
#8684=DIRECTION('center_axis',(0.,0.,1.));
#8685=DIRECTION('ref_axis',(1.,0.,0.));
#8686=DIRECTION('',(0.964172314742081,0.265276737549483,0.));
#8687=DIRECTION('center_axis',(0.,0.,1.));
#8688=DIRECTION('ref_axis',(1.,0.,0.));
#8689=DIRECTION('',(0.637197961537492,0.770700173746227,0.));
#8690=DIRECTION('',(1.,0.,0.));
#8691=DIRECTION('center_axis',(0.,0.,1.));
#8692=DIRECTION('ref_axis',(1.,0.,0.));
#8693=DIRECTION('',(0.0576625180140794,0.998336132781077,0.));
#8694=DIRECTION('',(1.,0.,0.));
#8695=DIRECTION('center_axis',(0.,-1.,0.));
#8696=DIRECTION('ref_axis',(0.,0.,-1.));
#8697=DIRECTION('',(1.,0.,0.));
#8698=DIRECTION('center_axis',(0.,0.,1.));
#8699=DIRECTION('ref_axis',(1.,0.,0.));
#8700=DIRECTION('',(0.53894422234688,0.842341454042787,0.));
#8701=DIRECTION('center_axis',(0.,0.,1.));
#8702=DIRECTION('ref_axis',(1.,0.,0.));
#8703=DIRECTION('',(1.,0.,0.));
#8704=DIRECTION('center_axis',(0.,-1.,0.));
#8705=DIRECTION('ref_axis',(0.,0.,-1.));
#8706=DIRECTION('',(0.999983432592937,0.,-0.00575626090850224));
#8707=DIRECTION('center_axis',(0.,-1.,0.));
#8708=DIRECTION('ref_axis',(0.,0.,-1.));
#8709=DIRECTION('',(0.99997970856217,0.,-0.00637043671325284));
#8710=DIRECTION('center_axis',(0.,-1.,0.));
#8711=DIRECTION('ref_axis',(0.,0.,-1.));
#8712=DIRECTION('',(1.,0.,0.));
#8713=DIRECTION('center_axis',(0.,0.,1.));
#8714=DIRECTION('ref_axis',(1.,0.,0.));
#8715=DIRECTION('',(0.925920283627083,0.377718980682653,0.));
#8716=DIRECTION('center_axis',(0.,0.,1.));
#8717=DIRECTION('ref_axis',(1.,0.,0.));
#8718=DIRECTION('',(1.,0.,0.));
#8719=DIRECTION('center_axis',(0.,-1.,0.));
#8720=DIRECTION('ref_axis',(0.,0.,-1.));
#8721=DIRECTION('',(0.999818775872863,0.,-0.0190372112476856));
#8722=DIRECTION('center_axis',(0.,-1.,0.));
#8723=DIRECTION('ref_axis',(0.,0.,-1.));
#8724=DIRECTION('',(0.999742365801754,0.,-0.0226980620562987));
#8725=DIRECTION('center_axis',(0.,-1.,0.));
#8726=DIRECTION('ref_axis',(0.,0.,-1.));
#8727=DIRECTION('',(0.136302305512544,0.,-0.990667291027601));
#8728=DIRECTION('center_axis',(0.,-1.,0.));
#8729=DIRECTION('ref_axis',(0.,0.,-1.));
#8730=DIRECTION('',(1.,0.,0.));
#8731=DIRECTION('center_axis',(0.,0.,1.));
#8732=DIRECTION('ref_axis',(1.,0.,0.));
#8733=DIRECTION('',(0.964818393280639,0.26291722649413,0.));
#8734=DIRECTION('center_axis',(0.,0.,1.));
#8735=DIRECTION('ref_axis',(1.,0.,0.));
#8736=DIRECTION('',(1.,0.,0.));
#8737=DIRECTION('center_axis',(0.,-1.,0.));
#8738=DIRECTION('ref_axis',(0.,0.,-1.));
#8739=DIRECTION('',(0.400276353269833,0.,0.916394478929792));
#8740=DIRECTION('center_axis',(0.,-1.,0.));
#8741=DIRECTION('ref_axis',(0.,0.,-1.));
#8742=DIRECTION('',(0.865280773338091,0.,0.501287525569344));
#8743=DIRECTION('center_axis',(1.,0.,0.));
#8744=DIRECTION('ref_axis',(0.,0.,-1.));
#8745=DIRECTION('',(0.,0.486077550610474,-0.87391567945227));
#8746=DIRECTION('',(0.,0.821111570814922,0.570767718317926));
#8747=DIRECTION('center_axis',(1.,0.,0.));
#8748=DIRECTION('ref_axis',(0.,0.,-1.));
#8749=DIRECTION('',(0.,0.820835847682242,0.571164171810326));
#8750=DIRECTION('center_axis',(1.,0.,0.));
#8751=DIRECTION('ref_axis',(0.,0.,-1.));
#8752=DIRECTION('',(0.,0.487069986299808,-0.873362941992563));
#8753=DIRECTION('center_axis',(1.,0.,0.));
#8754=DIRECTION('ref_axis',(0.,0.,-1.));
#8755=DIRECTION('',(0.,0.403089043494742,0.915160763480655));
#8756=DIRECTION('center_axis',(1.,0.,0.));
#8757=DIRECTION('ref_axis',(0.,0.,-1.));
#8758=DIRECTION('',(0.,0.,1.));
#8759=DIRECTION('center_axis',(0.,-1.,0.));
#8760=DIRECTION('ref_axis',(0.,0.,-1.));
#8761=DIRECTION('',(1.,0.,0.));
#8762=DIRECTION('center_axis',(0.,-1.,0.));
#8763=DIRECTION('ref_axis',(0.,0.,-1.));
#8764=DIRECTION('',(0.0251167787627257,0.,0.999684523949723));
#8765=DIRECTION('center_axis',(0.,-1.,0.));
#8766=DIRECTION('ref_axis',(0.,0.,-1.));
#8767=DIRECTION('',(0.0258632013656814,0.,-0.999665491459577));
#8768=DIRECTION('center_axis',(0.,-1.,0.));
#8769=DIRECTION('ref_axis',(0.,0.,-1.));
#8770=DIRECTION('',(0.891872703251318,0.,-0.452286503441333));
#8771=DIRECTION('center_axis',(0.,-1.,0.));
#8772=DIRECTION('ref_axis',(0.,0.,-1.));
#8773=DIRECTION('',(0.545549249269837,0.,-0.838078765165373));
#8774=DIRECTION('center_axis',(-1.,0.,0.));
#8775=DIRECTION('ref_axis',(0.,0.,1.));
#8776=DIRECTION('',(0.,0.,1.));
#8777=DIRECTION('center_axis',(0.,-1.,0.));
#8778=DIRECTION('ref_axis',(0.,0.,-1.));
#8779=DIRECTION('',(1.,0.,0.));
#8780=DIRECTION('center_axis',(0.,-1.,0.));
#8781=DIRECTION('ref_axis',(0.,0.,-1.));
#8782=DIRECTION('',(0.5459336310543,0.,0.837828425445131));
#8783=DIRECTION('center_axis',(0.,-1.,0.));
#8784=DIRECTION('ref_axis',(0.,0.,-1.));
#8785=DIRECTION('',(1.,0.,0.));
#8786=DIRECTION('center_axis',(0.,0.,-1.));
#8787=DIRECTION('ref_axis',(-1.,0.,0.));
#8788=DIRECTION('',(0.613228433425794,0.789905619956047,0.));
#8789=DIRECTION('center_axis',(0.,0.,-1.));
#8790=DIRECTION('ref_axis',(-1.,0.,0.));
#8791=DIRECTION('',(0.,1.,0.));
#8792=DIRECTION('center_axis',(-1.,0.,0.));
#8793=DIRECTION('ref_axis',(0.,0.,1.));
#8794=DIRECTION('',(0.,0.447212953186288,-0.894427512156462));
#8795=DIRECTION('center_axis',(-1.,0.,0.));
#8796=DIRECTION('ref_axis',(0.,0.,1.));
#8797=DIRECTION('',(0.,0.,1.));
#8798=DIRECTION('center_axis',(0.,1.,0.));
#8799=DIRECTION('ref_axis',(0.,0.,1.));
#8800=DIRECTION('',(1.,0.,0.));
#8801=DIRECTION('center_axis',(0.,1.,0.));
#8802=DIRECTION('ref_axis',(0.,0.,1.));
#8803=DIRECTION('',(0.361860522313539,0.,-0.932232247023762));
#8804=DIRECTION('center_axis',(0.,1.,0.));
#8805=DIRECTION('ref_axis',(0.,0.,1.));
#8806=DIRECTION('',(1.,0.,0.));
#8807=DIRECTION('center_axis',(0.,0.,-1.));
#8808=DIRECTION('ref_axis',(-1.,0.,0.));
#8809=DIRECTION('',(0.,1.,0.));
#8810=DIRECTION('center_axis',(-1.,0.,0.));
#8811=DIRECTION('ref_axis',(0.,0.,1.));
#8812=DIRECTION('',(0.,0.331664113643955,0.943397538538642));
#8813=DIRECTION('center_axis',(-1.,0.,0.));
#8814=DIRECTION('ref_axis',(0.,0.,1.));
#8815=DIRECTION('',(0.,0.,1.));
#8816=DIRECTION('center_axis',(0.,-1.,0.));
#8817=DIRECTION('ref_axis',(0.,0.,-1.));
#8818=DIRECTION('',(0.361860522313539,0.,0.932232247023762));
#8819=DIRECTION('center_axis',(0.,-1.,0.));
#8820=DIRECTION('ref_axis',(0.,0.,-1.));
#8821=DIRECTION('',(0.361860522313539,0.,-0.932232247023762));
#8822=DIRECTION('center_axis',(-1.,0.,0.));
#8823=DIRECTION('ref_axis',(0.,0.,1.));
#8824=DIRECTION('',(0.,0.,1.));
#8825=DIRECTION('center_axis',(0.,-1.,0.));
#8826=DIRECTION('ref_axis',(0.,0.,-1.));
#8827=DIRECTION('',(1.,0.,0.));
#8828=DIRECTION('center_axis',(0.,-1.,0.));
#8829=DIRECTION('ref_axis',(0.,0.,-1.));
#8830=DIRECTION('',(0.362176064606397,0.,0.932109702892435));
#8831=DIRECTION('center_axis',(0.,-1.,0.));
#8832=DIRECTION('ref_axis',(0.,0.,-1.));
#8833=DIRECTION('',(1.,0.,0.));
#8834=DIRECTION('center_axis',(0.,0.,-1.));
#8835=DIRECTION('ref_axis',(-1.,0.,0.));
#8836=DIRECTION('',(0.,1.,0.));
#8837=DIRECTION('center_axis',(-1.,0.,0.));
#8838=DIRECTION('ref_axis',(0.,0.,1.));
#8839=DIRECTION('',(0.,0.447575964144316,-0.894245914902766));
#8840=DIRECTION('center_axis',(-1.,0.,0.));
#8841=DIRECTION('ref_axis',(0.,0.,1.));
#8842=DIRECTION('',(0.,0.,1.));
#8843=DIRECTION('center_axis',(0.,1.,0.));
#8844=DIRECTION('ref_axis',(0.,0.,1.));
#8845=DIRECTION('',(1.,0.,0.));
#8846=DIRECTION('center_axis',(0.,1.,0.));
#8847=DIRECTION('ref_axis',(0.,0.,1.));
#8848=DIRECTION('',(0.545549249269837,0.,-0.838078765165373));
#8849=DIRECTION('center_axis',(0.,1.,0.));
#8850=DIRECTION('ref_axis',(0.,0.,1.));
#8851=DIRECTION('',(0.876755511727771,0.,0.480936349899832));
#8852=DIRECTION('center_axis',(0.,1.,0.));
#8853=DIRECTION('ref_axis',(0.,0.,1.));
#8854=DIRECTION('',(0.,0.,1.));
#8855=DIRECTION('center_axis',(1.,0.,0.));
#8856=DIRECTION('ref_axis',(0.,0.,-1.));
#8857=DIRECTION('',(0.,0.476615226251893,-0.879112009987838));
#8858=DIRECTION('center_axis',(1.,0.,0.));
#8859=DIRECTION('ref_axis',(0.,0.,-1.));
#8860=DIRECTION('',(0.,1.,0.));
#8861=DIRECTION('center_axis',(1.,0.,0.));
#8862=DIRECTION('ref_axis',(0.,0.,-1.));
#8863=DIRECTION('',(0.,0.466979426669962,-0.88426818051256));
#8864=DIRECTION('center_axis',(1.,0.,0.));
#8865=DIRECTION('ref_axis',(0.,0.,-1.));
#8866=DIRECTION('',(0.,1.,0.));
#8867=DIRECTION('center_axis',(1.,0.,0.));
#8868=DIRECTION('ref_axis',(0.,0.,-1.));
#8869=DIRECTION('',(0.,0.455602715562342,-0.890183220226162));
#8870=DIRECTION('center_axis',(1.,0.,0.));
#8871=DIRECTION('ref_axis',(0.,0.,-1.));
#8872=DIRECTION('',(0.,0.465932835550989,-0.884820090614705));
#8873=DIRECTION('center_axis',(1.,0.,0.));
#8874=DIRECTION('ref_axis',(0.,0.,-1.));
#8875=DIRECTION('',(0.,1.,0.));
#8876=DIRECTION('center_axis',(1.,0.,0.));
#8877=DIRECTION('ref_axis',(0.,0.,-1.));
#8878=DIRECTION('',(0.,0.446159042750663,-0.894953690741488));
#8879=DIRECTION('center_axis',(1.,0.,0.));
#8880=DIRECTION('ref_axis',(0.,0.,-1.));
#8881=DIRECTION('',(0.,0.486082258540087,-0.873913060854778));
#8882=DIRECTION('center_axis',(1.,0.,0.));
#8883=DIRECTION('ref_axis',(0.,0.,-1.));
#8884=DIRECTION('',(0.,0.402842292328479,0.915269407066322));
#8885=DIRECTION('center_axis',(1.,0.,0.));
#8886=DIRECTION('ref_axis',(0.,0.,-1.));
#8887=DIRECTION('',(0.,1.,0.));
#8888=DIRECTION('center_axis',(0.,0.,1.));
#8889=DIRECTION('ref_axis',(1.,0.,0.));
#8890=DIRECTION('',(0.00523756823739699,0.999986283845413,0.));
#8891=DIRECTION('center_axis',(0.,0.,1.));
#8892=DIRECTION('ref_axis',(1.,0.,0.));
#8893=DIRECTION('',(0.0223763868436516,0.999749617310166,0.));
#8894=DIRECTION('center_axis',(0.,0.,1.));
#8895=DIRECTION('ref_axis',(1.,0.,0.));
#8896=DIRECTION('',(0.0533895287338839,0.998573762033418,0.));
#8897=DIRECTION('center_axis',(0.,0.,1.));
#8898=DIRECTION('ref_axis',(1.,0.,0.));
#8899=DIRECTION('',(0.0579367341162838,0.99832025665111,0.));
#8900=DIRECTION('center_axis',(0.,0.,1.));
#8901=DIRECTION('ref_axis',(1.,0.,0.));
#8902=DIRECTION('',(0.664193607686688,0.747560600559006,0.));
#8903=DIRECTION('center_axis',(0.,0.,1.));
#8904=DIRECTION('ref_axis',(1.,0.,0.));
#8905=DIRECTION('',(0.78868545533092,0.614796919762501,0.));
#8906=DIRECTION('center_axis',(0.,0.,1.));
#8907=DIRECTION('ref_axis',(1.,0.,0.));
#8908=DIRECTION('',(0.,1.,0.));
#8909=DIRECTION('center_axis',(1.,0.,0.));
#8910=DIRECTION('ref_axis',(0.,0.,-1.));
#8911=DIRECTION('',(0.,0.999269137415406,-0.0382255282379499));
#8912=DIRECTION('center_axis',(1.,0.,0.));
#8913=DIRECTION('ref_axis',(0.,0.,-1.));
#8914=DIRECTION('',(0.,0.999606509127883,-0.0280504350976644));
#8915=DIRECTION('center_axis',(1.,0.,0.));
#8916=DIRECTION('ref_axis',(0.,0.,-1.));
#8917=DIRECTION('',(0.,1.,0.));
#8918=DIRECTION('center_axis',(0.,0.,1.));
#8919=DIRECTION('ref_axis',(1.,0.,0.));
#8920=DIRECTION('',(0.887732340576107,0.460359958614199,0.));
#8921=DIRECTION('center_axis',(0.,0.,1.));
#8922=DIRECTION('ref_axis',(1.,0.,0.));
#8923=DIRECTION('',(0.985295238986655,-0.17086044606705,0.));
#8924=DIRECTION('center_axis',(0.,0.,1.));
#8925=DIRECTION('ref_axis',(1.,0.,0.));
#8926=DIRECTION('',(0.561637506864735,-0.827383412259857,0.));
#8927=DIRECTION('center_axis',(0.,0.,1.));
#8928=DIRECTION('ref_axis',(1.,0.,0.));
#8929=DIRECTION('',(0.00396053983518323,0.999992157031351,0.));
#8930=DIRECTION('center_axis',(0.,0.,1.));
#8931=DIRECTION('ref_axis',(1.,0.,0.));
#8932=DIRECTION('',(0.00611370063920852,0.999981311157611,0.));
#8933=DIRECTION('center_axis',(0.,0.,1.));
#8934=DIRECTION('ref_axis',(1.,0.,0.));
#8935=DIRECTION('',(0.,1.,0.));
#8936=DIRECTION('center_axis',(1.,0.,0.));
#8937=DIRECTION('ref_axis',(0.,0.,-1.));
#8938=DIRECTION('',(0.,0.999987965428065,-0.00490601661619036));
#8939=DIRECTION('center_axis',(1.,0.,0.));
#8940=DIRECTION('ref_axis',(0.,0.,-1.));
#8941=DIRECTION('',(0.,1.,0.));
#8942=DIRECTION('center_axis',(0.,0.,-1.));
#8943=DIRECTION('ref_axis',(-1.,0.,0.));
#8944=DIRECTION('',(0.0102304479886193,-0.999947667597636,0.));
#8945=DIRECTION('center_axis',(0.,0.,-1.));
#8946=DIRECTION('ref_axis',(-1.,0.,0.));
#8947=DIRECTION('',(0.0128609596527854,-0.9999172944383,0.));
#8948=DIRECTION('center_axis',(0.,0.,-1.));
#8949=DIRECTION('ref_axis',(-1.,0.,0.));
#8950=DIRECTION('center_axis',(0.,-1.,0.));
#8951=DIRECTION('ref_axis',(0.,0.,-1.));
#8952=DIRECTION('',(0.99865215651695,0.,0.0519025074928555));
#8953=DIRECTION('center_axis',(0.,-1.,0.));
#8954=DIRECTION('ref_axis',(0.,0.,-1.));
#8955=DIRECTION('',(1.,0.,0.));
#8956=DIRECTION('center_axis',(0.,0.,1.));
#8957=DIRECTION('ref_axis',(1.,0.,0.));
#8958=DIRECTION('',(0.658343804875714,0.752717366998907,0.));
#8959=DIRECTION('center_axis',(0.,0.,1.));
#8960=DIRECTION('ref_axis',(1.,0.,0.));
#8961=DIRECTION('',(0.63207527023135,0.774906996201457,0.));
#8962=DIRECTION('center_axis',(0.,0.,1.));
#8963=DIRECTION('ref_axis',(1.,0.,0.));
#8964=DIRECTION('',(1.,0.,0.));
#8965=DIRECTION('center_axis',(0.,-1.,0.));
#8966=DIRECTION('ref_axis',(0.,0.,-1.));
#8967=DIRECTION('',(0.575871395068772,0.,0.817540296463451));
#8968=DIRECTION('center_axis',(0.,-1.,0.));
#8969=DIRECTION('ref_axis',(0.,0.,-1.));
#8970=DIRECTION('',(0.999976303736327,0.,-0.00688418229228386));
#8971=DIRECTION('center_axis',(0.,-1.,0.));
#8972=DIRECTION('ref_axis',(0.,0.,-1.));
#8973=DIRECTION('',(0.999976138672449,0.,-0.00690811738026389));
#8974=DIRECTION('center_axis',(0.,-1.,0.));
#8975=DIRECTION('ref_axis',(0.,0.,-1.));
#8976=DIRECTION('',(0.999975477029304,0.,-0.0070032378237961));
#8977=DIRECTION('center_axis',(0.,-1.,0.));
#8978=DIRECTION('ref_axis',(0.,0.,-1.));
#8979=DIRECTION('',(0.99997534360042,0.,-0.00702226396695301));
#8980=DIRECTION('center_axis',(0.,-1.,0.));
#8981=DIRECTION('ref_axis',(0.,0.,-1.));
#8982=DIRECTION('',(0.999975084213426,0.,-0.00705910421741289));
#8983=DIRECTION('center_axis',(0.,-1.,0.));
#8984=DIRECTION('ref_axis',(0.,0.,-1.));
#8985=DIRECTION('',(0.999971122568568,0.,-0.00759960715815187));
#8986=DIRECTION('center_axis',(0.,-1.,0.));
#8987=DIRECTION('ref_axis',(0.,0.,-1.));
#8988=DIRECTION('',(0.999968337878861,0.,-0.00795759007415063));
#8989=DIRECTION('center_axis',(0.,-1.,0.));
#8990=DIRECTION('ref_axis',(0.,0.,-1.));
#8991=DIRECTION('',(0.999968207111433,0.,-0.00797400566506362));
#8992=DIRECTION('center_axis',(0.,-1.,0.));
#8993=DIRECTION('ref_axis',(0.,0.,-1.));
#8994=DIRECTION('',(0.999964111133333,0.,-0.00847209804727517));
#8995=DIRECTION('center_axis',(0.,-1.,0.));
#8996=DIRECTION('ref_axis',(0.,0.,-1.));
#8997=DIRECTION('',(0.999958903501173,0.,-0.0090659422417486));
#8998=DIRECTION('center_axis',(0.,-1.,0.));
#8999=DIRECTION('ref_axis',(0.,0.,-1.));
#9000=DIRECTION('',(0.999944366832514,0.,-0.0105481391686953));
#9001=DIRECTION('center_axis',(0.,-1.,0.));
#9002=DIRECTION('ref_axis',(0.,0.,-1.));
#9003=DIRECTION('',(0.227858483262186,0.,-0.973694259819506));
#9004=DIRECTION('',(1.,0.,0.));
#9005=DIRECTION('center_axis',(0.,0.,1.));
#9006=DIRECTION('ref_axis',(1.,0.,0.));
#9007=DIRECTION('',(0.986032623742948,0.166552288830261,0.));
#9008=DIRECTION('center_axis',(0.,0.,1.));
#9009=DIRECTION('ref_axis',(1.,0.,0.));
#9010=DIRECTION('',(1.,0.,0.));
#9011=DIRECTION('center_axis',(0.,-1.,0.));
#9012=DIRECTION('ref_axis',(0.,0.,-1.));
#9013=DIRECTION('',(0.991687407076188,0.,0.128670457551482));
#9014=DIRECTION('center_axis',(0.,-1.,0.));
#9015=DIRECTION('ref_axis',(0.,0.,-1.));
#9016=DIRECTION('',(0.261087718203808,0.,-0.96531507985897));
#9017=DIRECTION('center_axis',(0.,-1.,0.));
#9018=DIRECTION('ref_axis',(0.,0.,-1.));
#9019=DIRECTION('',(0.0246874609225378,0.,-0.999695218190623));
#9020=DIRECTION('center_axis',(0.,-1.,0.));
#9021=DIRECTION('ref_axis',(0.,0.,-1.));
#9022=DIRECTION('',(0.999414574922636,0.,0.0342126794070221));
#9023=DIRECTION('center_axis',(0.,-1.,0.));
#9024=DIRECTION('ref_axis',(0.,0.,-1.));
#9025=DIRECTION('',(0.204879181713579,0.,-0.978787270503849));
#9026=DIRECTION('center_axis',(0.,-1.,0.));
#9027=DIRECTION('ref_axis',(0.,0.,-1.));
#9028=DIRECTION('',(1.,0.,0.));
#9029=DIRECTION('center_axis',(0.,0.,1.));
#9030=DIRECTION('ref_axis',(1.,0.,0.));
#9031=DIRECTION('',(0.972586653911698,0.232540750477947,0.));
#9032=DIRECTION('center_axis',(0.,0.,1.));
#9033=DIRECTION('ref_axis',(1.,0.,0.));
#9034=DIRECTION('',(1.,0.,0.));
#9035=DIRECTION('center_axis',(0.,-1.,0.));
#9036=DIRECTION('ref_axis',(0.,0.,-1.));
#9037=DIRECTION('',(0.0117587048542136,0.,0.999930864040185));
#9038=DIRECTION('center_axis',(0.,-1.,0.));
#9039=DIRECTION('ref_axis',(0.,0.,-1.));
#9040=DIRECTION('center_axis',(-1.,0.,0.));
#9041=DIRECTION('ref_axis',(0.,0.,1.));
#9042=DIRECTION('',(0.,0.881244236693109,0.472661184460052));
#9043=DIRECTION('center_axis',(-1.,0.,0.));
#9044=DIRECTION('ref_axis',(0.,0.,1.));
#9045=DIRECTION('',(0.,0.,1.));
#9046=DIRECTION('center_axis',(0.,1.,0.));
#9047=DIRECTION('ref_axis',(0.,0.,1.));
#9048=DIRECTION('',(0.0108756859696976,0.,0.999940857978455));
#9049=DIRECTION('center_axis',(0.,1.,0.));
#9050=DIRECTION('ref_axis',(0.,0.,1.));
#9051=DIRECTION('',(0.0097280618140722,0.,0.999952681287141));
#9052=DIRECTION('center_axis',(0.,1.,0.));
#9053=DIRECTION('ref_axis',(0.,0.,1.));
#9054=DIRECTION('',(0.,0.,1.));
#9055=DIRECTION('center_axis',(-1.,0.,0.));
#9056=DIRECTION('ref_axis',(0.,0.,1.));
#9057=DIRECTION('',(0.,1.,0.));
#9058=DIRECTION('center_axis',(0.,0.,-1.));
#9059=DIRECTION('ref_axis',(-1.,0.,0.));
#9060=DIRECTION('',(0.00498489424703579,0.999987575337487,0.));
#9061=DIRECTION('center_axis',(0.,0.,-1.));
#9062=DIRECTION('ref_axis',(-1.,0.,0.));
#9063=DIRECTION('',(0.00568842105153153,0.999983820802087,0.));
#9064=DIRECTION('center_axis',(0.,0.,-1.));
#9065=DIRECTION('ref_axis',(-1.,0.,0.));
#9066=DIRECTION('',(0.,1.,0.));
#9067=DIRECTION('center_axis',(-1.,0.,0.));
#9068=DIRECTION('ref_axis',(0.,0.,1.));
#9069=DIRECTION('',(0.,0.970037580263805,0.242954919431448));
#9070=DIRECTION('center_axis',(-1.,0.,0.));
#9071=DIRECTION('ref_axis',(0.,0.,1.));
#9072=DIRECTION('',(0.,0.98391750557893,0.178623464906873));
#9073=DIRECTION('center_axis',(-1.,0.,0.));
#9074=DIRECTION('ref_axis',(0.,0.,1.));
#9075=DIRECTION('',(0.,1.,0.));
#9076=DIRECTION('center_axis',(0.,0.,-1.));
#9077=DIRECTION('ref_axis',(-1.,0.,0.));
#9078=DIRECTION('',(0.505357239137799,-0.862910227573542,0.));
#9079=DIRECTION('center_axis',(0.,0.,-1.));
#9080=DIRECTION('ref_axis',(-1.,0.,0.));
#9081=DIRECTION('',(1.,0.,0.));
#9082=DIRECTION('center_axis',(0.,1.,0.));
#9083=DIRECTION('ref_axis',(0.,0.,1.));
#9084=DIRECTION('',(0.,0.,1.));
#9085=DIRECTION('center_axis',(-1.,0.,0.));
#9086=DIRECTION('ref_axis',(0.,0.,1.));
#9087=DIRECTION('',(0.,0.169261728463096,0.985571137603819));
#9088=DIRECTION('center_axis',(-1.,0.,0.));
#9089=DIRECTION('ref_axis',(0.,0.,1.));
#9090=DIRECTION('',(0.,0.,1.));
#9091=DIRECTION('center_axis',(0.,1.,0.));
#9092=DIRECTION('ref_axis',(0.,0.,1.));
#9093=DIRECTION('',(0.353547164323626,0.,0.93541669997853));
#9094=DIRECTION('center_axis',(0.,1.,0.));
#9095=DIRECTION('ref_axis',(0.,0.,1.));
#9096=DIRECTION('',(1.,0.,0.));
#9097=DIRECTION('center_axis',(0.,1.,0.));
#9098=DIRECTION('ref_axis',(0.,0.,1.));
#9099=DIRECTION('',(0.353318586982863,0.,-0.935503060439908));
#9100=DIRECTION('center_axis',(0.,1.,0.));
#9101=DIRECTION('ref_axis',(0.,0.,1.));
#9102=DIRECTION('',(1.,0.,0.));
#9103=DIRECTION('center_axis',(0.,1.,0.));
#9104=DIRECTION('ref_axis',(0.,0.,1.));
#9105=DIRECTION('',(1.,0.,0.));
#9106=DIRECTION('center_axis',(0.,0.,1.));
#9107=DIRECTION('ref_axis',(1.,0.,0.));
#9108=DIRECTION('',(0.570637228980281,0.821202260653066,0.));
#9109=DIRECTION('center_axis',(0.,0.,1.));
#9110=DIRECTION('ref_axis',(1.,0.,0.));
#9111=DIRECTION('',(0.993480945888805,-0.113998290144573,0.));
#9112=DIRECTION('center_axis',(0.,0.,1.));
#9113=DIRECTION('ref_axis',(1.,0.,0.));
#9114=DIRECTION('',(0.989526601360025,-0.144350632838507,0.));
#9115=DIRECTION('center_axis',(0.,0.,1.));
#9116=DIRECTION('ref_axis',(1.,0.,0.));
#9117=DIRECTION('',(0.989342603526983,-0.145606362657856,0.));
#9118=DIRECTION('center_axis',(0.,0.,1.));
#9119=DIRECTION('ref_axis',(1.,0.,0.));
#9120=DIRECTION('',(1.,0.,0.));
#9121=DIRECTION('center_axis',(0.,1.,0.));
#9122=DIRECTION('ref_axis',(0.,0.,1.));
#9123=DIRECTION('',(0.999985124092144,0.,-0.00545450221550764));
#9124=DIRECTION('center_axis',(0.,1.,0.));
#9125=DIRECTION('ref_axis',(0.,0.,1.));
#9126=DIRECTION('center_axis',(0.,1.,0.));
#9127=DIRECTION('ref_axis',(0.,0.,1.));
#9128=DIRECTION('',(0.556783575125563,0.,-0.83065760122351));
#9129=DIRECTION('center_axis',(0.,0.,1.));
#9130=DIRECTION('ref_axis',(1.,0.,0.));
#9131=DIRECTION('',(1.,0.,0.));
#9132=DIRECTION('center_axis',(0.,1.,0.));
#9133=DIRECTION('ref_axis',(0.,0.,1.));
#9134=DIRECTION('',(0.121394503940069,0.,0.992604339308037));
#9135=DIRECTION('center_axis',(0.,1.,0.));
#9136=DIRECTION('ref_axis',(0.,0.,1.));
#9137=DIRECTION('',(0.99993794902011,0.,-0.0111399330992385));
#9138=DIRECTION('center_axis',(0.,1.,0.));
#9139=DIRECTION('ref_axis',(0.,0.,1.));
#9140=DIRECTION('',(0.999884830705283,0.,-0.0151764727610575));
#9141=DIRECTION('center_axis',(0.,1.,0.));
#9142=DIRECTION('ref_axis',(0.,0.,1.));
#9143=DIRECTION('',(1.,0.,0.));
#9144=DIRECTION('center_axis',(0.,0.,1.));
#9145=DIRECTION('ref_axis',(1.,0.,0.));
#9146=DIRECTION('',(0.581958039108839,0.813218814782709,0.));
#9147=DIRECTION('center_axis',(0.,0.,1.));
#9148=DIRECTION('ref_axis',(1.,0.,0.));
#9149=DIRECTION('',(1.,0.,0.));
#9150=DIRECTION('center_axis',(0.,1.,0.));
#9151=DIRECTION('ref_axis',(0.,0.,1.));
#9152=DIRECTION('',(0.361746553610912,0.,0.932276477741784));
#9153=DIRECTION('center_axis',(0.,1.,0.));
#9154=DIRECTION('ref_axis',(0.,0.,1.));
#9155=DIRECTION('',(0.769363574685945,0.,0.638811153586461));
#9156=DIRECTION('center_axis',(0.,1.,0.));
#9157=DIRECTION('ref_axis',(0.,0.,1.));
#9158=DIRECTION('',(0.545552064592211,0.,0.838076932518236));
#9159=DIRECTION('center_axis',(0.,1.,0.));
#9160=DIRECTION('ref_axis',(0.,0.,1.));
#9161=DIRECTION('',(1.,0.,0.));
#9162=DIRECTION('center_axis',(0.,1.,0.));
#9163=DIRECTION('ref_axis',(0.,0.,1.));
#9164=DIRECTION('',(0.,0.,1.));
#9165=DIRECTION('center_axis',(1.,0.,0.));
#9166=DIRECTION('ref_axis',(0.,0.,-1.));
#9167=DIRECTION('',(0.,0.447575964144316,-0.894245914902766));
#9168=DIRECTION('center_axis',(1.,0.,0.));
#9169=DIRECTION('ref_axis',(0.,0.,-1.));
#9170=DIRECTION('',(0.,0.447925067804378,0.8940711009939));
#9171=DIRECTION('center_axis',(1.,0.,0.));
#9172=DIRECTION('ref_axis',(0.,0.,-1.));
#9173=DIRECTION('',(0.,1.,0.));
#9174=DIRECTION('center_axis',(1.,0.,0.));
#9175=DIRECTION('ref_axis',(0.,0.,-1.));
#9176=DIRECTION('',(0.,0.,1.));
#9177=DIRECTION('center_axis',(0.,-1.,0.));
#9178=DIRECTION('ref_axis',(0.,0.,-1.));
#9179=DIRECTION('',(0.362176064606397,0.,-0.932109702892435));
#9180=DIRECTION('center_axis',(0.,-1.,0.));
#9181=DIRECTION('ref_axis',(0.,0.,-1.));
#9182=DIRECTION('',(0.362989849897409,0.,0.931793093380422));
#9183=DIRECTION('center_axis',(0.,-1.,0.));
#9184=DIRECTION('ref_axis',(0.,0.,-1.));
#9185=DIRECTION('',(0.,0.,1.));
#9186=DIRECTION('center_axis',(1.,0.,0.));
#9187=DIRECTION('ref_axis',(0.,0.,-1.));
#9188=DIRECTION('',(0.,0.33196030322775,-0.943293356851908));
#9189=DIRECTION('center_axis',(1.,0.,0.));
#9190=DIRECTION('ref_axis',(0.,0.,-1.));
#9191=DIRECTION('',(0.,0.332791720537235,0.943000355642492));
#9192=DIRECTION('center_axis',(1.,0.,0.));
#9193=DIRECTION('ref_axis',(0.,0.,-1.));
#9194=DIRECTION('',(0.,0.,1.));
#9195=DIRECTION('center_axis',(0.,1.,0.));
#9196=DIRECTION('ref_axis',(0.,0.,1.));
#9197=DIRECTION('',(1.,0.,0.));
#9198=DIRECTION('center_axis',(0.,1.,0.));
#9199=DIRECTION('ref_axis',(0.,0.,1.));
#9200=DIRECTION('',(0.362673813127302,0.,-0.931916147124677));
#9201=DIRECTION('center_axis',(0.,1.,0.));
#9202=DIRECTION('ref_axis',(0.,0.,1.));
#9203=DIRECTION('',(0.361860522313539,0.,0.932232247023762));
#9204=DIRECTION('center_axis',(0.,1.,0.));
#9205=DIRECTION('ref_axis',(0.,0.,1.));
#9206=DIRECTION('',(1.,0.,0.));
#9207=DIRECTION('center_axis',(0.,1.,0.));
#9208=DIRECTION('ref_axis',(0.,0.,1.));
#9209=DIRECTION('',(0.,0.,1.));
#9210=DIRECTION('center_axis',(1.,0.,0.));
#9211=DIRECTION('ref_axis',(0.,0.,-1.));
#9212=DIRECTION('',(0.,0.447212953186288,-0.894427512156462));
#9213=DIRECTION('center_axis',(1.,0.,0.));
#9214=DIRECTION('ref_axis',(0.,0.,-1.));
#9215=DIRECTION('',(0.,0.447931910927409,0.894067672591354));
#9216=DIRECTION('center_axis',(1.,0.,0.));
#9217=DIRECTION('ref_axis',(0.,0.,-1.));
#9218=DIRECTION('',(0.,1.,0.));
#9219=DIRECTION('center_axis',(1.,0.,0.));
#9220=DIRECTION('ref_axis',(0.,0.,-1.));
#9221=DIRECTION('',(0.,0.,1.));
#9222=DIRECTION('center_axis',(0.,-1.,0.));
#9223=DIRECTION('ref_axis',(0.,0.,-1.));
#9224=DIRECTION('',(0.545936446677429,0.,-0.837826590762804));
#9225=DIRECTION('center_axis',(0.,-1.,0.));
#9226=DIRECTION('ref_axis',(0.,0.,-1.));
#9227=DIRECTION('',(0.5459336310543,0.,0.837828425445131));
#9228=DIRECTION('center_axis',(0.,-1.,0.));
#9229=DIRECTION('ref_axis',(0.,0.,-1.));
#9230=DIRECTION('',(1.,0.,0.));
#9231=DIRECTION('center_axis',(0.,0.,-1.));
#9232=DIRECTION('ref_axis',(-1.,0.,0.));
#9233=DIRECTION('',(0.464537875507121,0.885553252051694,0.));
#9234=DIRECTION('center_axis',(0.,0.,-1.));
#9235=DIRECTION('ref_axis',(-1.,0.,0.));
#9236=DIRECTION('',(0.294562733888609,0.955632144605898,0.));
#9237=DIRECTION('center_axis',(0.,0.,-1.));
#9238=DIRECTION('ref_axis',(-1.,0.,0.));
#9239=DIRECTION('',(0.465241738156596,-0.885183667425597,0.));
#9240=DIRECTION('center_axis',(0.,0.,-1.));
#9241=DIRECTION('ref_axis',(-1.,0.,0.));
#9242=DIRECTION('',(0.83069736914782,0.556724241335772,0.));
#9243=DIRECTION('center_axis',(0.,0.,-1.));
#9244=DIRECTION('ref_axis',(-1.,0.,0.));
#9245=DIRECTION('',(0.,1.,0.));
#9246=DIRECTION('center_axis',(-1.,0.,0.));
#9247=DIRECTION('ref_axis',(0.,0.,1.));
#9248=DIRECTION('',(0.,0.823566144617655,0.567220244208201));
#9249=DIRECTION('center_axis',(-1.,0.,0.));
#9250=DIRECTION('ref_axis',(0.,0.,1.));
#9251=DIRECTION('',(0.,0.47662001866264,-0.8791094117401));
#9252=DIRECTION('center_axis',(-1.,0.,0.));
#9253=DIRECTION('ref_axis',(0.,0.,1.));
#9254=DIRECTION('',(0.,1.,0.));
#9255=DIRECTION('center_axis',(-1.,0.,0.));
#9256=DIRECTION('ref_axis',(0.,0.,1.));
#9257=DIRECTION('',(0.,0.476075890389156,0.879404199779699));
#9258=DIRECTION('center_axis',(-1.,0.,0.));
#9259=DIRECTION('ref_axis',(0.,0.,1.));
#9260=DIRECTION('',(0.,1.,0.));
#9261=DIRECTION('center_axis',(-1.,0.,0.));
#9262=DIRECTION('ref_axis',(0.,0.,1.));
#9263=DIRECTION('',(0.,0.850572658054372,0.525857540946519));
#9264=DIRECTION('center_axis',(-1.,0.,0.));
#9265=DIRECTION('ref_axis',(0.,0.,1.));
#9266=DIRECTION('',(0.,0.484901840538883,-0.874568582240412));
#9267=DIRECTION('center_axis',(-1.,0.,0.));
#9268=DIRECTION('ref_axis',(0.,0.,1.));
#9269=DIRECTION('',(0.,0.798914286135678,0.601444896402256));
#9270=DIRECTION('center_axis',(-1.,0.,0.));
#9271=DIRECTION('ref_axis',(0.,0.,1.));
#9272=DIRECTION('',(0.,0.651895274822979,0.758309007373295));
#9273=DIRECTION('center_axis',(-1.,0.,0.));
#9274=DIRECTION('ref_axis',(0.,0.,1.));
#9275=DIRECTION('',(0.,0.413987885828852,0.910282390462958));
#9276=DIRECTION('center_axis',(-1.,0.,0.));
#9277=DIRECTION('ref_axis',(0.,0.,1.));
#9278=DIRECTION('',(0.,0.392205489058424,0.919877630096766));
#9279=DIRECTION('center_axis',(-1.,0.,0.));
#9280=DIRECTION('ref_axis',(0.,0.,1.));
#9281=DIRECTION('',(0.,1.,0.));
#9282=DIRECTION('center_axis',(0.,0.,-1.));
#9283=DIRECTION('ref_axis',(-1.,0.,0.));
#9284=DIRECTION('',(0.00745453810969989,0.99997221454477,0.));
#9285=DIRECTION('center_axis',(0.,0.,-1.));
#9286=DIRECTION('ref_axis',(-1.,0.,0.));
#9287=DIRECTION('',(0.,1.,0.));
#9288=DIRECTION('center_axis',(-1.,0.,0.));
#9289=DIRECTION('ref_axis',(0.,0.,1.));
#9290=DIRECTION('',(0.,0.402916275894002,-0.915236840724688));
#9291=DIRECTION('center_axis',(-1.,0.,0.));
#9292=DIRECTION('ref_axis',(0.,0.,1.));
#9293=DIRECTION('',(0.,0.359671375484625,0.933079043627601));
#9294=DIRECTION('center_axis',(-1.,0.,0.));
#9295=DIRECTION('ref_axis',(0.,0.,1.));
#9296=DIRECTION('',(0.,0.121799047903597,0.992554780316823));
#9297=DIRECTION('center_axis',(-1.,0.,0.));
#9298=DIRECTION('ref_axis',(0.,0.,1.));
#9299=DIRECTION('',(0.,0.,1.));
#9300=DIRECTION('center_axis',(0.,-1.,0.));
#9301=DIRECTION('ref_axis',(0.,0.,-1.));
#9302=DIRECTION('',(0.213790240265499,0.,0.976879589902062));
#9303=DIRECTION('center_axis',(0.,-1.,0.));
#9304=DIRECTION('ref_axis',(0.,0.,-1.));
#9305=DIRECTION('',(0.0142468433523356,0.,0.999898508576993));
#9306=DIRECTION('center_axis',(0.,-1.,0.));
#9307=DIRECTION('ref_axis',(0.,0.,-1.));
#9308=DIRECTION('',(0.,0.,1.));
#9309=DIRECTION('center_axis',(-1.,0.,0.));
#9310=DIRECTION('ref_axis',(0.,0.,1.));
#9311=DIRECTION('',(0.,0.403956332851411,-0.914778268844008));
#9312=DIRECTION('center_axis',(-1.,0.,0.));
#9313=DIRECTION('ref_axis',(0.,0.,1.));
#9314=DIRECTION('',(0.,0.,1.));
#9315=DIRECTION('center_axis',(0.,-1.,0.));
#9316=DIRECTION('ref_axis',(0.,0.,-1.));
#9317=DIRECTION('',(0.33496846072755,0.,-0.942229340616082));
#9318=DIRECTION('center_axis',(0.,-1.,0.));
#9319=DIRECTION('ref_axis',(0.,0.,-1.));
#9320=DIRECTION('',(0.334349142846242,0.,0.942449282814722));
#9321=DIRECTION('center_axis',(0.,-1.,0.));
#9322=DIRECTION('ref_axis',(0.,0.,-1.));
#9323=DIRECTION('',(0.427818244038225,0.,-0.90386478527933));
#9324=DIRECTION('center_axis',(0.,-1.,0.));
#9325=DIRECTION('ref_axis',(0.,0.,-1.));
#9326=DIRECTION('',(0.393767911887256,0.,-0.919209895273082));
#9327=DIRECTION('center_axis',(0.,-1.,0.));
#9328=DIRECTION('ref_axis',(0.,0.,-1.));
#9329=DIRECTION('',(0.340685216992819,0.,-0.940177420981038));
#9330=DIRECTION('center_axis',(0.,-1.,0.));
#9331=DIRECTION('ref_axis',(0.,0.,-1.));
#9332=DIRECTION('',(0.545981109384685,0.,0.83779748638622));
#9333=DIRECTION('center_axis',(0.,-1.,0.));
#9334=DIRECTION('ref_axis',(0.,0.,-1.));
#9335=DIRECTION('',(1.,0.,0.));
#9336=DIRECTION('center_axis',(0.,0.,-1.));
#9337=DIRECTION('ref_axis',(-1.,0.,0.));
#9338=DIRECTION('',(0.547319245768636,-0.836923917217838,0.));
#9339=DIRECTION('center_axis',(0.,0.,-1.));
#9340=DIRECTION('ref_axis',(-1.,0.,0.));
#9341=DIRECTION('',(1.,0.,0.));
#9342=DIRECTION('center_axis',(0.,0.,-1.));
#9343=DIRECTION('ref_axis',(-1.,0.,0.));
#9344=DIRECTION('',(0.680530700151863,0.732719568560043,0.));
#9345=DIRECTION('center_axis',(0.,0.,-1.));
#9346=DIRECTION('ref_axis',(-1.,0.,0.));
#9347=DIRECTION('',(1.,0.,0.));
#9348=DIRECTION('center_axis',(0.,0.,-1.));
#9349=DIRECTION('ref_axis',(-1.,0.,0.));
#9350=DIRECTION('',(0.5471286109999,0.837048554759711,0.));
#9351=DIRECTION('center_axis',(0.,0.,-1.));
#9352=DIRECTION('ref_axis',(-1.,0.,0.));
#9353=DIRECTION('',(1.,0.,0.));
#9354=DIRECTION('center_axis',(0.,1.,0.));
#9355=DIRECTION('ref_axis',(0.,0.,1.));
#9356=DIRECTION('',(0.358010817717216,0.,0.933717438199293));
#9357=DIRECTION('center_axis',(0.,1.,0.));
#9358=DIRECTION('ref_axis',(0.,0.,1.));
#9359=DIRECTION('',(1.,0.,0.));
#9360=DIRECTION('center_axis',(0.,1.,0.));
#9361=DIRECTION('ref_axis',(0.,0.,1.));
#9362=DIRECTION('',(0.999894114777876,0.,-0.0145519494421495));
#9363=DIRECTION('',(1.,0.,0.));
#9364=DIRECTION('center_axis',(0.,1.,0.));
#9365=DIRECTION('ref_axis',(0.,0.,1.));
#9366=DIRECTION('',(1.,0.,0.));
#9367=DIRECTION('center_axis',(0.,0.,1.));
#9368=DIRECTION('ref_axis',(1.,0.,0.));
#9369=DIRECTION('',(0.328269446923599,0.944584125536987,0.));
#9370=DIRECTION('center_axis',(0.,0.,1.));
#9371=DIRECTION('ref_axis',(1.,0.,0.));
#9372=DIRECTION('',(0.503282984613139,0.864121656596391,0.));
#9373=DIRECTION('center_axis',(0.,0.,1.));
#9374=DIRECTION('ref_axis',(1.,0.,0.));
#9375=DIRECTION('',(0.721750106385647,0.692153728540349,0.));
#9376=DIRECTION('center_axis',(0.,0.,1.));
#9377=DIRECTION('ref_axis',(1.,0.,0.));
#9378=DIRECTION('',(0.584408058315633,0.811459932082757,0.));
#9379=DIRECTION('center_axis',(0.,0.,1.));
#9380=DIRECTION('ref_axis',(1.,0.,0.));
#9381=DIRECTION('',(1.,0.,0.));
#9382=DIRECTION('center_axis',(0.,1.,0.));
#9383=DIRECTION('ref_axis',(0.,0.,1.));
#9384=DIRECTION('',(0.999726139395938,0.,-0.0234018419893421));
#9385=DIRECTION('center_axis',(0.,1.,0.));
#9386=DIRECTION('ref_axis',(0.,0.,1.));
#9387=DIRECTION('',(0.999717753019695,0.,-0.0237574051035134));
#9388=DIRECTION('center_axis',(0.,1.,0.));
#9389=DIRECTION('ref_axis',(0.,0.,1.));
#9390=DIRECTION('',(1.,0.,0.));
#9391=DIRECTION('center_axis',(0.,0.,1.));
#9392=DIRECTION('ref_axis',(1.,0.,0.));
#9393=DIRECTION('',(0.723043255753743,0.690802757890432,0.));
#9394=DIRECTION('center_axis',(0.,0.,1.));
#9395=DIRECTION('ref_axis',(1.,0.,0.));
#9396=DIRECTION('',(0.959881911933052,-0.280404556210753,0.));
#9397=DIRECTION('center_axis',(0.,0.,1.));
#9398=DIRECTION('ref_axis',(1.,0.,0.));
#9399=DIRECTION('',(0.882363817490523,-0.470567841637687,0.));
#9400=DIRECTION('center_axis',(0.,0.,1.));
#9401=DIRECTION('ref_axis',(1.,0.,0.));
#9402=DIRECTION('',(1.,0.,0.));
#9403=DIRECTION('center_axis',(0.,1.,0.));
#9404=DIRECTION('ref_axis',(0.,0.,1.));
#9405=DIRECTION('',(0.997883639929624,0.,-0.0650249272264486));
#9406=DIRECTION('center_axis',(0.,1.,0.));
#9407=DIRECTION('ref_axis',(0.,0.,1.));
#9408=DIRECTION('center_axis',(0.,1.,0.));
#9409=DIRECTION('ref_axis',(0.,0.,1.));
#9410=DIRECTION('',(0.956931397514089,0.,0.290314140977896));
#9411=DIRECTION('center_axis',(0.,1.,0.));
#9412=DIRECTION('ref_axis',(0.,0.,1.));
#9413=DIRECTION('',(0.336625737759766,0.,-0.941638525485068));
#9414=DIRECTION('center_axis',(0.,1.,0.));
#9415=DIRECTION('ref_axis',(0.,0.,1.));
#9416=DIRECTION('',(1.,0.,0.));
#9417=DIRECTION('center_axis',(0.,0.,1.));
#9418=DIRECTION('ref_axis',(1.,0.,0.));
#9419=DIRECTION('',(0.95504162323604,-0.296471748884561,0.));
#9420=DIRECTION('center_axis',(0.,0.,1.));
#9421=DIRECTION('ref_axis',(1.,0.,0.));
#9422=DIRECTION('',(0.966972896594282,-0.254879220910736,0.));
#9423=DIRECTION('center_axis',(0.,0.,1.));
#9424=DIRECTION('ref_axis',(1.,0.,0.));
#9425=DIRECTION('',(0.974721271813325,-0.223424354703363,0.));
#9426=DIRECTION('center_axis',(0.,0.,1.));
#9427=DIRECTION('ref_axis',(1.,0.,0.));
#9428=DIRECTION('',(1.,0.,0.));
#9429=DIRECTION('center_axis',(0.,1.,0.));
#9430=DIRECTION('ref_axis',(0.,0.,1.));
#9431=DIRECTION('',(0.997862138692824,0.,-0.0653540523868538));
#9432=DIRECTION('center_axis',(0.,1.,0.));
#9433=DIRECTION('ref_axis',(0.,0.,1.));
#9434=DIRECTION('center_axis',(0.,1.,0.));
#9435=DIRECTION('ref_axis',(0.,0.,1.));
#9436=DIRECTION('',(0.998763900287709,0.,-0.0497058495761199));
#9437=DIRECTION('center_axis',(0.,1.,0.));
#9438=DIRECTION('ref_axis',(0.,0.,1.));
#9439=DIRECTION('',(1.,0.,0.));
#9440=DIRECTION('center_axis',(0.,0.,1.));
#9441=DIRECTION('ref_axis',(1.,0.,0.));
#9442=DIRECTION('',(0.574246838997033,0.818682214233286,0.));
#9443=DIRECTION('center_axis',(0.,0.,1.));
#9444=DIRECTION('ref_axis',(1.,0.,0.));
#9445=DIRECTION('',(0.555610525827369,0.831442688096921,0.));
#9446=DIRECTION('center_axis',(0.,0.,1.));
#9447=DIRECTION('ref_axis',(1.,0.,0.));
#9448=DIRECTION('',(1.,0.,0.));
#9449=DIRECTION('center_axis',(0.,1.,0.));
#9450=DIRECTION('ref_axis',(0.,0.,1.));
#9451=DIRECTION('',(0.985395445363481,0.,-0.170281579323505));
#9452=DIRECTION('center_axis',(0.,1.,0.));
#9453=DIRECTION('ref_axis',(0.,0.,1.));
#9454=DIRECTION('',(0.986851096562186,0.,-0.161632030284875));
#9455=DIRECTION('center_axis',(0.,1.,0.));
#9456=DIRECTION('ref_axis',(0.,0.,1.));
#9457=DIRECTION('',(1.,0.,0.));
#9458=DIRECTION('center_axis',(0.,0.,1.));
#9459=DIRECTION('ref_axis',(1.,0.,0.));
#9460=DIRECTION('',(0.173634727304425,0.984810124579311,0.));
#9461=DIRECTION('center_axis',(0.,0.,1.));
#9462=DIRECTION('ref_axis',(1.,0.,0.));
#9463=DIRECTION('',(0.343836286870736,-0.93902960966678,0.));
#9464=DIRECTION('center_axis',(0.,0.,1.));
#9465=DIRECTION('ref_axis',(1.,0.,0.));
#9466=DIRECTION('',(1.,0.,0.));
#9467=DIRECTION('center_axis',(0.,1.,0.));
#9468=DIRECTION('ref_axis',(0.,0.,1.));
#9469=DIRECTION('',(0.999879025606335,0.,-0.0155542326241651));
#9470=DIRECTION('center_axis',(0.,1.,0.));
#9471=DIRECTION('ref_axis',(0.,0.,1.));
#9472=DIRECTION('',(0.18713864908403,0.,0.982333510585384));
#9473=DIRECTION('center_axis',(0.,1.,0.));
#9474=DIRECTION('ref_axis',(0.,0.,1.));
#9475=DIRECTION('',(0.999613323178005,0.,-0.0278065482400228));
#9476=DIRECTION('center_axis',(0.,1.,0.));
#9477=DIRECTION('ref_axis',(0.,0.,1.));
#9478=DIRECTION('center_axis',(0.,1.,0.));
#9479=DIRECTION('ref_axis',(0.,0.,1.));
#9480=DIRECTION('',(0.99984010963452,0.,-0.0178816991930356));
#9481=DIRECTION('center_axis',(0.,1.,0.));
#9482=DIRECTION('ref_axis',(0.,0.,1.));
#9483=DIRECTION('',(1.,0.,0.));
#9484=DIRECTION('center_axis',(0.,0.,1.));
#9485=DIRECTION('ref_axis',(1.,0.,0.));
#9486=DIRECTION('',(0.981883290090171,-0.189486687241348,0.));
#9487=DIRECTION('center_axis',(0.,0.,1.));
#9488=DIRECTION('ref_axis',(1.,0.,0.));
#9489=DIRECTION('',(0.982075507687043,-0.188487923223842,0.));
#9490=DIRECTION('center_axis',(0.,0.,1.));
#9491=DIRECTION('ref_axis',(1.,0.,0.));
#9492=DIRECTION('',(1.,0.,0.));
#9493=DIRECTION('center_axis',(0.,1.,0.));
#9494=DIRECTION('ref_axis',(0.,0.,1.));
#9495=DIRECTION('',(0.999018173023359,0.,-0.0443022569297424));
#9496=DIRECTION('center_axis',(0.,1.,0.));
#9497=DIRECTION('ref_axis',(0.,0.,1.));
#9498=DIRECTION('',(1.,0.,0.));
#9499=DIRECTION('center_axis',(0.,0.,1.));
#9500=DIRECTION('ref_axis',(1.,0.,0.));
#9501=DIRECTION('',(0.574873297954075,0.818242440416901,0.));
#9502=DIRECTION('center_axis',(0.,0.,1.));
#9503=DIRECTION('ref_axis',(1.,0.,0.));
#9504=DIRECTION('',(0.522054819019276,0.852911933284293,0.));
#9505=DIRECTION('center_axis',(0.,0.,1.));
#9506=DIRECTION('ref_axis',(1.,0.,0.));
#9507=DIRECTION('',(1.,0.,0.));
#9508=DIRECTION('center_axis',(0.,1.,0.));
#9509=DIRECTION('ref_axis',(0.,0.,1.));
#9510=DIRECTION('',(0.99945378873834,0.,-0.0330473021074098));
#9511=DIRECTION('center_axis',(0.,1.,0.));
#9512=DIRECTION('ref_axis',(0.,0.,1.));
#9513=DIRECTION('',(0.999922916306253,0.,-0.0124161767705439));
#9514=DIRECTION('center_axis',(0.,1.,0.));
#9515=DIRECTION('ref_axis',(0.,0.,1.));
#9516=DIRECTION('',(1.,0.,0.));
#9517=DIRECTION('center_axis',(0.,0.,1.));
#9518=DIRECTION('ref_axis',(1.,0.,0.));
#9519=DIRECTION('',(0.621287552584344,0.783582654864026,0.));
#9520=DIRECTION('center_axis',(0.,0.,1.));
#9521=DIRECTION('ref_axis',(1.,0.,0.));
#9522=DIRECTION('',(1.,0.,0.));
#9523=DIRECTION('center_axis',(0.,1.,0.));
#9524=DIRECTION('ref_axis',(0.,0.,1.));
#9525=DIRECTION('',(0.865280773338091,0.,0.501287525569344));
#9526=DIRECTION('center_axis',(0.,1.,0.));
#9527=DIRECTION('ref_axis',(0.,0.,1.));
#9528=DIRECTION('',(1.,0.,0.));
#9529=DIRECTION('center_axis',(0.,0.,1.));
#9530=DIRECTION('ref_axis',(1.,0.,0.));
#9531=DIRECTION('',(0.633202597012306,0.773986092340729,0.));
#9532=DIRECTION('center_axis',(0.,0.,1.));
#9533=DIRECTION('ref_axis',(1.,0.,0.));
#9534=DIRECTION('',(0.179250671815456,0.983803433950963,0.));
#9535=DIRECTION('center_axis',(0.,0.,1.));
#9536=DIRECTION('ref_axis',(1.,0.,0.));
#9537=DIRECTION('',(0.496890349833974,0.867813332602047,0.));
#9538=DIRECTION('center_axis',(0.,0.,1.));
#9539=DIRECTION('ref_axis',(1.,0.,0.));
#9540=DIRECTION('',(1.,0.,0.));
#9541=DIRECTION('center_axis',(0.,1.,0.));
#9542=DIRECTION('ref_axis',(0.,0.,1.));
#9543=DIRECTION('',(0.999933071953956,0.,-0.0115694257733356));
#9544=DIRECTION('center_axis',(0.,1.,0.));
#9545=DIRECTION('ref_axis',(0.,0.,1.));
#9546=DIRECTION('center_axis',(0.,1.,0.));
#9547=DIRECTION('ref_axis',(0.,0.,1.));
#9548=DIRECTION('',(0.228943626676217,0.,0.97343968267394));
#9549=DIRECTION('center_axis',(0.,1.,0.));
#9550=DIRECTION('ref_axis',(0.,0.,1.));
#9551=DIRECTION('',(0.983903096204036,0.,-0.178702818332872));
#9552=DIRECTION('center_axis',(0.,1.,0.));
#9553=DIRECTION('ref_axis',(0.,0.,1.));
#9554=DIRECTION('',(1.,0.,0.));
#9555=DIRECTION('center_axis',(0.,0.,-1.));
#9556=DIRECTION('ref_axis',(-1.,0.,0.));
#9557=DIRECTION('',(0.733298011847576,0.679907365617106,0.));
#9558=DIRECTION('center_axis',(0.,0.,-1.));
#9559=DIRECTION('ref_axis',(-1.,0.,0.));
#9560=CARTESIAN_POINT('',(0.,0.,0.));
#9561=CARTESIAN_POINT('Origin',(11.582163385827,11.899413385827,22.7155187046618));
#9562=CARTESIAN_POINT('',(16.832163385827,11.899413385827,22.9655187046618));
#9563=CARTESIAN_POINT('Origin',(11.582163385827,11.899413385827,22.9655187046618));
#9564=CARTESIAN_POINT('',(16.582163385827,11.899413385827,22.7155187046618));
#9565=CARTESIAN_POINT('Origin',(16.832163385827,11.899413385827,22.7155187046618));
#9566=CARTESIAN_POINT('Origin',(11.582163385827,11.899413385827,22.7155187046618));
#9567=CARTESIAN_POINT('Origin',(11.582163385827,11.899413385827,22.9655187046618));
#9568=CARTESIAN_POINT('',(14.082163385827,19.399413385827,22.9655187046618));
#9569=CARTESIAN_POINT('',(19.082163385827,14.399413385827,22.9655187046618));
#9570=CARTESIAN_POINT('Origin',(14.082163385827,14.399413385827,22.9655187046618));
#9571=CARTESIAN_POINT('',(9.08216338582701,19.399413385827,22.9655187046618));
#9572=CARTESIAN_POINT('',(4.08216338582701,19.399413385827,22.9655187046618));
#9573=CARTESIAN_POINT('',(4.08216338582701,14.399413385827,22.9655187046618));
#9574=CARTESIAN_POINT('Origin',(9.08216338582701,14.399413385827,22.9655187046618));
#9575=CARTESIAN_POINT('',(4.08216338582701,9.39941338582701,22.9655187046618));
#9576=CARTESIAN_POINT('',(4.08216338582701,4.39941338582701,22.9655187046618));
#9577=CARTESIAN_POINT('',(9.08216338582701,4.39941338582701,22.9655187046618));
#9578=CARTESIAN_POINT('Origin',(9.08216338582701,9.39941338582701,22.9655187046618));
#9579=CARTESIAN_POINT('',(14.082163385827,4.39941338582701,22.9655187046618));
#9580=CARTESIAN_POINT('',(19.082163385827,4.39941338582701,22.9655187046618));
#9581=CARTESIAN_POINT('',(19.082163385827,9.39941338582701,22.9655187046618));
#9582=CARTESIAN_POINT('Origin',(14.082163385827,9.39941338582701,22.9655187046618));
#9583=CARTESIAN_POINT('',(19.082163385827,19.399413385827,22.9655187046618));
#9584=CARTESIAN_POINT('Origin',(11.582163385827,11.899413385827,22.7155187046618));
#9585=CARTESIAN_POINT('',(16.332163385827,11.899413385827,22.4655187046618));
#9586=CARTESIAN_POINT('Origin',(11.582163385827,11.899413385827,22.4655187046618));
#9587=CARTESIAN_POINT('Origin',(16.332163385827,11.899413385827,22.7155187046618));
#9588=CARTESIAN_POINT('Origin',(11.582163385827,11.899413385827,22.4655187046618));
#9589=CARTESIAN_POINT('Origin',(14.082163385827,14.399413385827,21.9655187046618));
#9590=CARTESIAN_POINT('',(19.082163385827,14.399413385827,21.9655187046618));
#9591=CARTESIAN_POINT('',(19.082163385827,14.399413385827,21.9655187046618));
#9592=CARTESIAN_POINT('',(14.082163385827,19.399413385827,21.9655187046618));
#9593=CARTESIAN_POINT('Origin',(14.082163385827,14.399413385827,21.9655187046618));
#9594=CARTESIAN_POINT('',(14.082163385827,19.399413385827,21.9655187046618));
#9595=CARTESIAN_POINT('Origin',(19.082163385827,19.399413385827,21.9655187046618));
#9596=CARTESIAN_POINT('',(9.08216338582701,19.399413385827,21.9655187046618));
#9597=CARTESIAN_POINT('',(4.08216338582701,19.399413385827,21.9655187046618));
#9598=CARTESIAN_POINT('',(9.08216338582701,19.399413385827,21.9655187046618));
#9599=CARTESIAN_POINT('Origin',(11.582163385827,11.899413385827,21.9655187046618));
#9600=CARTESIAN_POINT('',(19.082163385827,9.39941338582701,21.9655187046618));
#9601=CARTESIAN_POINT('',(19.082163385827,19.399413385827,21.9655187046618));
#9602=CARTESIAN_POINT('',(14.082163385827,4.39941338582701,21.9655187046618));
#9603=CARTESIAN_POINT('Origin',(14.082163385827,9.39941338582701,21.9655187046618));
#9604=CARTESIAN_POINT('',(9.08216338582701,4.39941338582701,21.9655187046618));
#9605=CARTESIAN_POINT('',(19.082163385827,4.39941338582701,21.9655187046618));
#9606=CARTESIAN_POINT('',(4.08216338582701,9.39941338582701,21.9655187046618));
#9607=CARTESIAN_POINT('Origin',(9.08216338582701,9.39941338582701,21.9655187046618));
#9608=CARTESIAN_POINT('',(4.08216338582701,14.399413385827,21.9655187046618));
#9609=CARTESIAN_POINT('',(4.08216338582701,4.39941338582701,21.9655187046618));
#9610=CARTESIAN_POINT('Origin',(9.08216338582701,14.399413385827,21.9655187046618));
#9611=CARTESIAN_POINT('',(8.33417277761168,9.20241765065855,21.9655187046618));
#9612=CARTESIAN_POINT('',(8.33417277761168,14.5964091209955,21.9655187046618));
#9613=CARTESIAN_POINT('',(8.33417277761168,14.2159121422357,21.9655187046618));
#9614=CARTESIAN_POINT('',(14.8301539940423,9.20241765065855,21.9655187046618));
#9615=CARTESIAN_POINT('',(9.47645526357359,9.20241765065855,21.9655187046618));
#9616=CARTESIAN_POINT('',(14.8301539940423,14.5964091209955,21.9655187046618));
#9617=CARTESIAN_POINT('',(14.8301539940423,16.9129078774042,21.9655187046618));
#9618=CARTESIAN_POINT('',(6.22846465535826,14.5964091209955,21.9655187046618));
#9619=CARTESIAN_POINT('Origin',(9.08216338582701,14.399413385827,21.9655187046618));
#9620=CARTESIAN_POINT('',(4.08216338582701,14.399413385827,21.9655187046618));
#9621=CARTESIAN_POINT('Origin',(4.08216338582701,19.399413385827,21.9655187046618));
#9622=CARTESIAN_POINT('',(4.08216338582701,9.39941338582701,21.9655187046618));
#9623=CARTESIAN_POINT('Origin',(9.08216338582701,9.39941338582701,21.9655187046618));
#9624=CARTESIAN_POINT('',(9.08216338582701,4.39941338582701,21.9655187046618));
#9625=CARTESIAN_POINT('Origin',(4.08216338582701,4.39941338582701,21.9655187046618));
#9626=CARTESIAN_POINT('',(14.082163385827,4.39941338582701,21.9655187046618));
#9627=CARTESIAN_POINT('Origin',(14.082163385827,9.39941338582701,21.9655187046618));
#9628=CARTESIAN_POINT('',(19.082163385827,9.39941338582701,21.9655187046618));
#9629=CARTESIAN_POINT('Origin',(19.082163385827,4.39941338582701,21.9655187046618));
#9630=CARTESIAN_POINT('Origin',(8.33417277761168,9.20241765065855,18.4696297562213));
#9631=CARTESIAN_POINT('',(8.33417277761168,14.5964091209955,18.4696297562213));
#9632=CARTESIAN_POINT('',(8.33417277761168,14.5964091209955,18.4696297562213));
#9633=CARTESIAN_POINT('',(8.33417277761168,14.3794005302972,18.4696297562213));
#9634=CARTESIAN_POINT('',(8.33417277761168,11.7909090904779,18.4696297562213));
#9635=CARTESIAN_POINT('',(8.33417277761168,9.38041142507262,18.4696297562213));
#9636=CARTESIAN_POINT('',(8.33417277761168,14.5964091209955,18.4696297562213));
#9637=CARTESIAN_POINT('',(8.33417277761168,9.20241765065855,18.4696297562213));
#9638=CARTESIAN_POINT('',(8.33417277761168,9.29141453786558,18.4696297562213));
#9639=CARTESIAN_POINT('',(8.33417277761168,9.20241765065855,18.4696297562213));
#9640=CARTESIAN_POINT('Origin',(8.33417277761168,14.5964091209955,18.4696297562213));
#9641=CARTESIAN_POINT('',(14.8301539940423,14.5964091209955,18.4696297562213));
#9642=CARTESIAN_POINT('',(14.8301539940423,14.5964091209955,18.4696297562213));
#9643=CARTESIAN_POINT('',(14.0201301052656,14.5964091209955,18.4696297562213));
#9644=CARTESIAN_POINT('',(11.5529666466302,14.5964091209955,18.4696297562213));
#9645=CARTESIAN_POINT('',(13.5870197763298,14.5964091209955,18.4696297562213));
#9646=CARTESIAN_POINT('',(11.1005769295282,14.5964091209955,18.4696297562213));
#9647=CARTESIAN_POINT('',(13.3067196743464,14.5964091209955,18.4696297562213));
#9648=CARTESIAN_POINT('',(10.8726869148797,14.5964091209955,18.4696297562213));
#9649=CARTESIAN_POINT('',(12.3368458513448,14.5964091209955,18.4696297562213));
#9650=CARTESIAN_POINT('',(10.7252011818475,14.5964091209955,18.4696297562213));
#9651=CARTESIAN_POINT('',(11.8702580302056,14.5964091209955,18.4696297562213));
#9652=CARTESIAN_POINT('',(10.7252011818475,14.5964091209955,18.4696297562213));
#9653=CARTESIAN_POINT('',(11.7200107436094,14.5964091209955,18.4696297562213));
#9654=CARTESIAN_POINT('',(10.4637656731195,14.5964091209955,18.4696297562213));
#9655=CARTESIAN_POINT('',(11.607642282991,14.5964091209955,18.4696297562213));
#9656=CARTESIAN_POINT('',(10.3795800728387,14.5964091209955,18.4696297562213));
#9657=CARTESIAN_POINT('',(11.4945419466068,14.5964091209955,18.4696297562213));
#9658=CARTESIAN_POINT('',(10.3166184944696,14.5964091209955,18.4696297562213));
#9659=CARTESIAN_POINT('',(10.3087585327036,14.5964091209955,18.4696297562213));
#9660=CARTESIAN_POINT('',(10.2532468361444,14.5964091209955,18.4696297562213));
#9661=CARTESIAN_POINT('',(10.1973176820677,14.5964091209955,18.4696297562213));
#9662=CARTESIAN_POINT('',(9.58883624501891,14.5964091209955,18.4696297562213));
#9663=CARTESIAN_POINT('',(10.044253524791,14.5964091209955,18.4696297562213));
#9664=CARTESIAN_POINT('',(9.52639441915221,14.5964091209955,18.4696297562213));
#9665=CARTESIAN_POINT('',(9.39377766237335,14.5964091209955,18.4696297562213));
#9666=CARTESIAN_POINT('',(9.44063048787779,14.5964091209955,18.4696297562213));
#9667=CARTESIAN_POINT('',(9.07616000600523,14.5964091209955,18.4696297562213));
#9668=CARTESIAN_POINT('Origin',(11.582163385827,11.899413385827,18.4696297562213));
#9669=CARTESIAN_POINT('',(8.32186084218687,9.38041142507262,18.4696297562213));
#9670=CARTESIAN_POINT('',(8.32186084218687,9.38041142507262,18.4696297562213));
#9671=CARTESIAN_POINT('',(8.32186084218687,14.3794005302972,18.4696297562213));
#9672=CARTESIAN_POINT('',(8.32186084218687,14.3794005302972,18.4696297562213));
#9673=CARTESIAN_POINT('',(8.32186084218687,12.6644080071039,18.4696297562213));
#9674=CARTESIAN_POINT('',(8.32186084218687,12.6644080071039,18.4696297562213));
#9675=CARTESIAN_POINT('',(8.32186084218687,12.4774115471429,18.4696297562213));
#9676=CARTESIAN_POINT('',(8.32186084218687,12.4774115471429,18.4696297562213));
#9677=CARTESIAN_POINT('',(8.32186084218687,11.3134043602533,18.4696297562213));
#9678=CARTESIAN_POINT('',(8.32186084218687,11.3134043602533,18.4696297562213));
#9679=CARTESIAN_POINT('',(8.32186084218687,11.1274092583246,18.4696297562213));
#9680=CARTESIAN_POINT('',(8.32186084218687,11.1274092583246,18.4696297562213));
#9681=CARTESIAN_POINT('',(8.32186084218687,9.38041142507262,18.4696297562213));
#9682=CARTESIAN_POINT('Origin',(14.8301539940423,14.5964091209955,18.4696297562213));
#9683=CARTESIAN_POINT('',(14.8301539940423,9.20241765065855,18.4696297562213));
#9684=CARTESIAN_POINT('',(14.8301539940423,9.20241765065855,18.4696297562213));
#9685=CARTESIAN_POINT('',(14.8301539940423,10.4674938257479,18.4696297562213));
#9686=CARTESIAN_POINT('',(14.8301539940423,10.3639071373529,18.4696297562213));
#9687=CARTESIAN_POINT('',(14.8301539940423,11.5825794778119,18.4696297562213));
#9688=CARTESIAN_POINT('',(14.8301539940423,10.3639071373529,18.4696297562213));
#9689=CARTESIAN_POINT('',(14.8301539940423,12.9644235645731,18.4696297562213));
#9690=CARTESIAN_POINT('',(14.8301539940423,10.3639071373529,18.4696297562213));
#9691=CARTESIAN_POINT('',(14.8301539940423,14.3903444363696,18.4696297562213));
#9692=CARTESIAN_POINT('',(14.8301539940423,15.4959099678583,18.4696297562213));
#9693=CARTESIAN_POINT('',(14.8301539940423,14.4335424418016,18.4696297562213));
#9694=CARTESIAN_POINT('',(14.8301539940423,14.4879048256463,18.4696297562213));
#9695=CARTESIAN_POINT('',(14.8301539940423,14.4965734576447,18.4696297562213));
#9696=CARTESIAN_POINT('',(14.8301539940423,15.4959099678583,18.4696297562213));
#9697=CARTESIAN_POINT('',(14.8301539940423,14.4879048256463,18.4696297562213));
#9698=CARTESIAN_POINT('Origin',(14.8301539940423,9.20241765065855,18.4696297562213));
#9699=CARTESIAN_POINT('',(8.45154372545681,9.20241765065855,18.4696297562213));
#9700=CARTESIAN_POINT('',(11.7154536766595,9.20241765065855,18.4696297562213));
#9701=CARTESIAN_POINT('',(8.57173737956814,9.20241765065855,18.4696297562213));
#9702=CARTESIAN_POINT('',(11.7154536766595,9.20241765065855,18.4696297562213));
#9703=CARTESIAN_POINT('',(8.57190287208999,9.20241765065855,18.4696297562213));
#9704=CARTESIAN_POINT('',(10.3612027687616,9.20241765065855,18.4696297562213));
#9705=CARTESIAN_POINT('',(8.90158384642369,9.20241765065855,18.4696297562213));
#9706=CARTESIAN_POINT('',(11.9535050911493,9.20241765065855,18.4696297562213));
#9707=CARTESIAN_POINT('',(9.12703931442574,9.20241765065855,18.4696297562213));
#9708=CARTESIAN_POINT('',(12.0728049797601,9.20241765065855,18.4696297562213));
#9709=CARTESIAN_POINT('',(9.18817244904046,9.20241765065855,18.4696297562213));
#9710=CARTESIAN_POINT('',(12.0728049797601,9.20241765065855,18.4696297562213));
#9711=CARTESIAN_POINT('',(9.19011562840497,9.20241765065855,18.4696297562213));
#9712=CARTESIAN_POINT('',(10.3766046089715,9.20241765065855,18.4696297562213));
#9713=CARTESIAN_POINT('',(9.19198660749583,9.20241765065855,18.4696297562213));
#9714=CARTESIAN_POINT('',(10.3878055138177,9.20241765065855,18.4696297562213));
#9715=CARTESIAN_POINT('',(10.3108572677466,9.20241765065855,18.4696297562213));
#9716=CARTESIAN_POINT('',(12.6970134300775,9.20241765065855,18.4696297562213));
#9717=CARTESIAN_POINT('',(10.4631625695915,9.20241765065855,18.4696297562213));
#9718=CARTESIAN_POINT('',(12.7775798363275,9.20241765065855,18.4696297562213));
#9719=CARTESIAN_POINT('',(10.5738038619,9.20241765065855,18.4696297562213));
#9720=CARTESIAN_POINT('',(12.8361068291254,9.20241765065855,18.4696297562213));
#9721=CARTESIAN_POINT('',(10.6858063107295,9.20241765065855,18.4696297562213));
#9722=CARTESIAN_POINT('',(12.8953538460321,9.20241765065855,18.4696297562213));
#9723=CARTESIAN_POINT('',(11.9522227321426,9.20241765065855,18.4696297562213));
#9724=CARTESIAN_POINT('',(13.5652623695917,9.20241765065855,18.4696297562213));
#9725=CARTESIAN_POINT('',(12.0637834811739,9.20241765065855,18.4696297562213));
#9726=CARTESIAN_POINT('',(13.6242757362909,9.20241765065855,18.4696297562213));
#9727=CARTESIAN_POINT('',(12.2133033700057,9.20241765065855,18.4696297562213));
#9728=CARTESIAN_POINT('',(13.703368715722,9.20241765065855,18.4696297562213));
#9729=CARTESIAN_POINT('',(12.890979031825,9.20241765065855,18.4696297562213));
#9730=CARTESIAN_POINT('',(14.061845354516,9.20241765065855,18.4696297562213));
#9731=CARTESIAN_POINT('',(14.3324978732391,9.20241765065855,18.4696297562213));
#9732=CARTESIAN_POINT('',(14.8243794960565,9.20241765065855,18.4696297562213));
#9733=CARTESIAN_POINT('',(14.8222930542801,9.20241765065855,18.4696297562213));
#9734=CARTESIAN_POINT('',(14.8243794960565,9.20241765065855,18.4696297562213));
#9735=CARTESIAN_POINT('',(14.8580394310541,9.20241765065855,18.4696297562213));
#9736=CARTESIAN_POINT('Origin',(14.8186049980707,9.38041142507262,18.4696297562213));
#9737=CARTESIAN_POINT('',(14.8186049980707,9.38041142507262,18.4696297562213));
#9738=CARTESIAN_POINT('',(5.94545703359312,6.13140515371031,18.4696297562213));
#9739=CARTESIAN_POINT('',(14.8186049980707,9.38041142507262,18.4696297562213));
#9740=CARTESIAN_POINT('Origin',(14.8186049980707,9.38041142507262,18.4696297562213));
#9741=CARTESIAN_POINT('',(13.2935367149896,9.38041142507262,18.4696297562213));
#9742=CARTESIAN_POINT('',(5.94545703359312,6.13140515371031,18.4696297562213));
#9743=CARTESIAN_POINT('',(13.2935367149896,9.38041142507262,18.4696297562213));
#9744=CARTESIAN_POINT('Origin',(13.2935367149896,9.38041142507262,18.4696297562213));
#9745=CARTESIAN_POINT('',(12.5765834374017,9.38041142507262,18.4696297562213));
#9746=CARTESIAN_POINT('',(5.94545703359312,6.13140515371031,18.4696297562213));
#9747=CARTESIAN_POINT('',(12.5765834374017,9.38041142507262,18.4696297562213));
#9748=CARTESIAN_POINT('Origin',(12.5765834374017,9.38041142507262,18.4696297562213));
#9749=CARTESIAN_POINT('',(12.4183974785394,9.38041142507262,18.4696297562213));
#9750=CARTESIAN_POINT('',(5.94545703359312,6.13140515371031,18.4696297562213));
#9751=CARTESIAN_POINT('',(12.4183974785394,9.38041142507262,18.4696297562213));
#9752=CARTESIAN_POINT('Origin',(12.4183974785394,9.38041142507262,18.4696297562213));
#9753=CARTESIAN_POINT('',(12.300370745141,9.38041142507262,18.4696297562213));
#9754=CARTESIAN_POINT('',(5.94545703359312,6.13140515371031,18.4696297562213));
#9755=CARTESIAN_POINT('',(12.300370745141,9.38041142507262,18.4696297562213));
#9756=CARTESIAN_POINT('Origin',(12.300370745141,9.38041142507262,18.4696297562213));
#9757=CARTESIAN_POINT('',(10.9605536980218,9.38041142507262,18.4696297562213));
#9758=CARTESIAN_POINT('',(5.94545703359312,6.13140515371031,18.4696297562213));
#9759=CARTESIAN_POINT('',(10.9605536980218,9.38041142507262,18.4696297562213));
#9760=CARTESIAN_POINT('Origin',(10.9605536980218,9.38041142507262,18.4696297562213));
#9761=CARTESIAN_POINT('',(10.8420596642084,9.38041142507262,18.4696297562213));
#9762=CARTESIAN_POINT('',(5.94545703359312,6.13140515371031,18.4696297562213));
#9763=CARTESIAN_POINT('',(10.8420596642084,9.38041142507262,18.4696297562213));
#9764=CARTESIAN_POINT('Origin',(10.8420596642084,9.38041142507262,18.4696297562213));
#9765=CARTESIAN_POINT('',(10.7250056786127,9.38041142507262,18.4696297562213));
#9766=CARTESIAN_POINT('',(5.94545703359312,6.13140515371031,18.4696297562213));
#9767=CARTESIAN_POINT('',(10.7250056786127,9.38041142507262,18.4696297562213));
#9768=CARTESIAN_POINT('Origin',(10.7250056786127,9.38041142507262,18.4696297562213));
#9769=CARTESIAN_POINT('',(10.5638728661127,9.38041142507262,18.4696297562213));
#9770=CARTESIAN_POINT('',(5.94545703359312,6.13140515371031,18.4696297562213));
#9771=CARTESIAN_POINT('',(10.5638728661127,9.38041142507262,18.4696297562213));
#9772=CARTESIAN_POINT('Origin',(10.5638728661127,9.38041142507262,18.4696297562213));
#9773=CARTESIAN_POINT('',(9.38015323110289,9.38041142507262,18.4696297562213));
#9774=CARTESIAN_POINT('',(5.94545703359312,6.13140515371031,18.4696297562213));
#9775=CARTESIAN_POINT('',(9.38015323110289,9.38041142507262,18.4696297562213));
#9776=CARTESIAN_POINT('Origin',(5.94545703359312,6.13140515371031,18.4696297562213));
#9777=CARTESIAN_POINT('',(5.92305522390074,6.14241055532164,18.4696297562213));
#9778=CARTESIAN_POINT('Origin',(5.92305522390074,6.14241055532164,18.4696297562213));
#9779=CARTESIAN_POINT('',(5.8952556175775,6.14941052480406,18.4696297562213));
#9780=CARTESIAN_POINT('Origin',(9.31545596547789,9.38041142507262,18.4696297562213));
#9781=CARTESIAN_POINT('',(9.31545596547789,9.38041142507262,18.4696297562213));
#9782=CARTESIAN_POINT('',(5.8952556175775,6.14941052480406,18.4696297562213));
#9783=CARTESIAN_POINT('',(9.31545596547789,9.38041142507262,18.4696297562213));
#9784=CARTESIAN_POINT('Origin',(9.31545596547789,9.38041142507262,18.4696297562213));
#9785=CARTESIAN_POINT('',(9.07685618825621,9.38041142507262,18.4696297562213));
#9786=CARTESIAN_POINT('',(5.8952556175775,6.14941052480406,18.4696297562213));
#9787=CARTESIAN_POINT('',(9.07685618825621,9.38041142507262,18.4696297562213));
#9788=CARTESIAN_POINT('Origin',(9.07685618825621,9.38041142507262,18.4696297562213));
#9789=CARTESIAN_POINT('',(8.72795443959898,9.38041142507262,18.4696297562213));
#9790=CARTESIAN_POINT('',(5.8952556175775,6.14941052480406,18.4696297562213));
#9791=CARTESIAN_POINT('',(8.72795443959898,9.38041142507262,18.4696297562213));
#9792=CARTESIAN_POINT('Origin',(5.89225154348082,6.14941052480406,18.4696297562213));
#9793=CARTESIAN_POINT('',(5.89225154348082,6.14941052480406,18.4696297562213));
#9794=CARTESIAN_POINT('Origin',(8.60075335927672,9.38041142507262,18.4696297562213));
#9795=CARTESIAN_POINT('',(8.60075335927672,9.38041142507262,18.4696297562213));
#9796=CARTESIAN_POINT('',(5.89225154348082,6.14941052480406,18.4696297562213));
#9797=CARTESIAN_POINT('',(8.60075335927672,9.38041142507262,18.4696297562213));
#9798=CARTESIAN_POINT('Origin',(8.60075335927672,9.38041142507262,18.4696297562213));
#9799=CARTESIAN_POINT('',(8.32186084218687,9.38041142507262,18.4696297562213));
#9800=CARTESIAN_POINT('Origin',(9.81814723439879,14.3794005302972,18.4696297562213));
#9801=CARTESIAN_POINT('',(9.81814723439879,14.3794005302972,18.4696297562213));
#9802=CARTESIAN_POINT('',(5.87575297780699,16.3954108147211,18.4696297562213));
#9803=CARTESIAN_POINT('',(8.32186084218687,14.3794005302972,18.4696297562213));
#9804=CARTESIAN_POINT('Origin',(10.5470881981439,14.3794005302972,18.4696297562213));
#9805=CARTESIAN_POINT('',(10.5470881981439,14.3794005302972,18.4696297562213));
#9806=CARTESIAN_POINT('',(5.87575297780699,16.3954108147211,18.4696297562213));
#9807=CARTESIAN_POINT('',(9.81814723439879,14.3794005302972,18.4696297562213));
#9808=CARTESIAN_POINT('Origin',(10.7186160606927,14.3794005302972,18.4696297562213));
#9809=CARTESIAN_POINT('',(10.7186160606927,14.3794005302972,18.4696297562213));
#9810=CARTESIAN_POINT('',(5.87575297780699,16.3954108147211,18.4696297562213));
#9811=CARTESIAN_POINT('',(10.5470881981439,14.3794005302972,18.4696297562213));
#9812=CARTESIAN_POINT('Origin',(10.8434997124261,14.3794005302972,18.4696297562213));
#9813=CARTESIAN_POINT('',(10.8434997124261,14.3794005302972,18.4696297562213));
#9814=CARTESIAN_POINT('',(5.87575297780699,16.3954108147211,18.4696297562213));
#9815=CARTESIAN_POINT('',(10.7186160606927,14.3794005302972,18.4696297562213));
#9816=CARTESIAN_POINT('Origin',(12.1723208946771,14.3794005302972,18.4696297562213));
#9817=CARTESIAN_POINT('',(12.1723208946771,14.3794005302972,18.4696297562213));
#9818=CARTESIAN_POINT('',(5.87575297780699,16.3954108147211,18.4696297562213));
#9819=CARTESIAN_POINT('',(10.8434997124261,14.3794005302972,18.4696297562213));
#9820=CARTESIAN_POINT('Origin',(12.2990642113275,14.3794005302972,18.4696297562213));
#9821=CARTESIAN_POINT('',(12.2990642113275,14.3794005302972,18.4696297562213));
#9822=CARTESIAN_POINT('',(5.87575297780699,16.3954108147211,18.4696297562213));
#9823=CARTESIAN_POINT('',(12.1723208946771,14.3794005302972,18.4696297562213));
#9824=CARTESIAN_POINT('Origin',(12.4249873680658,14.3794005302972,18.4696297562213));
#9825=CARTESIAN_POINT('',(12.4249873680658,14.3794005302972,18.4696297562213));
#9826=CARTESIAN_POINT('',(5.87575297780699,16.3954108147211,18.4696297562213));
#9827=CARTESIAN_POINT('',(12.2990642113275,14.3794005302972,18.4696297562213));
#9828=CARTESIAN_POINT('Origin',(12.5933585686273,14.3794005302972,18.4696297562213));
#9829=CARTESIAN_POINT('',(12.5933585686273,14.3794005302972,18.4696297562213));
#9830=CARTESIAN_POINT('',(5.87575297780699,16.3954108147211,18.4696297562213));
#9831=CARTESIAN_POINT('',(12.4249873680658,14.3794005302972,18.4696297562213));
#9832=CARTESIAN_POINT('Origin',(13.1162295860834,14.3794005302972,18.4696297562213));
#9833=CARTESIAN_POINT('',(13.1162295860834,14.3794005302972,18.4696297562213));
#9834=CARTESIAN_POINT('',(5.87575297780699,16.3954108147211,18.4696297562213));
#9835=CARTESIAN_POINT('',(12.5933585686273,14.3794005302972,18.4696297562213));
#9836=CARTESIAN_POINT('Origin',(13.1162295860834,14.3794005302972,18.4696297562213));
#9837=CARTESIAN_POINT('',(13.1162295860834,14.3794005302972,18.4696297562213));
#9838=CARTESIAN_POINT('Origin',(13.4112010521478,14.3794005302972,18.4696297562213));
#9839=CARTESIAN_POINT('',(13.4112010521478,14.3794005302972,18.4696297562213));
#9840=CARTESIAN_POINT('',(13.4112010521478,14.3794005302972,18.4696297562213));
#9841=CARTESIAN_POINT('',(13.1162295860834,14.3794005302972,18.4696297562213));
#9842=CARTESIAN_POINT('Origin',(13.8669810814447,14.3794005302972,18.4696297562213));
#9843=CARTESIAN_POINT('',(13.8669810814447,14.3794005302972,18.4696297562213));
#9844=CARTESIAN_POINT('',(13.8669810814447,14.3794005302972,18.4696297562213));
#9845=CARTESIAN_POINT('',(13.4112010521478,14.3794005302972,18.4696297562213));
#9846=CARTESIAN_POINT('Origin',(14.7717605156488,14.3794005302972,18.4696297562213));
#9847=CARTESIAN_POINT('',(14.7717605156488,14.3794005302972,18.4696297562213));
#9848=CARTESIAN_POINT('',(14.7717605156488,14.3794005302972,18.4696297562213));
#9849=CARTESIAN_POINT('',(14.5685134453363,14.3794005302972,18.4696297562213));
#9850=CARTESIAN_POINT('',(14.5685134453363,14.3794005302972,18.4696297562213));
#9851=CARTESIAN_POINT('',(13.8669810814447,14.3794005302972,18.4696297562213));
#9852=CARTESIAN_POINT('Origin',(16.9460807365961,16.3954108147211,18.4696297562213));
#9853=CARTESIAN_POINT('',(14.8186049980707,14.3794005302972,18.4696297562213));
#9854=CARTESIAN_POINT('',(14.8186049980707,14.3794005302972,18.4696297562213));
#9855=CARTESIAN_POINT('',(14.8186049980707,14.3794005302972,18.4696297562213));
#9856=CARTESIAN_POINT('Origin',(14.8186049980707,14.3794005302972,18.4615199482531));
#9857=CARTESIAN_POINT('',(14.8164115471429,14.3794005302972,18.4615199482531));
#9858=CARTESIAN_POINT('',(14.8164115471429,14.3794005302972,18.4615199482531));
#9859=CARTESIAN_POINT('',(14.8186049980707,14.3794005302972,18.4615199482531));
#9860=CARTESIAN_POINT('',(14.8186049980707,14.3794005302972,18.4615199482531));
#9861=CARTESIAN_POINT('',(14.8164115471429,14.3794005302972,18.4615199482531));
#9862=CARTESIAN_POINT('Origin',(14.8164115471429,14.3794005302972,18.4615199482531));
#9863=CARTESIAN_POINT('',(14.769853167016,14.3794005302972,18.4615199482531));
#9864=CARTESIAN_POINT('',(14.8301539940423,14.5964091209955,18.4615199482531));
#9865=CARTESIAN_POINT('',(14.769853167016,14.3794005302972,18.4615199482531));
#9866=CARTESIAN_POINT('',(14.769853167016,14.3794005302972,18.4615199482531));
#9867=CARTESIAN_POINT('',(14.8164115471429,14.3794005302972,18.4615199482531));
#9868=CARTESIAN_POINT('Origin',(14.769853167016,14.3794005302972,18.4615199482531));
#9869=CARTESIAN_POINT('',(14.6526179833002,14.3794005302972,18.4615199482531));
#9870=CARTESIAN_POINT('',(14.5685134453363,14.3794005302972,18.4696297562213));
#9871=CARTESIAN_POINT('',(14.5685134453363,14.3794005302972,18.4696297562213));
#9872=CARTESIAN_POINT('',(14.6526179833002,14.3794005302972,18.4615199482531));
#9873=CARTESIAN_POINT('Origin',(14.5679030937738,14.3794005302972,18.4615199482531));
#9874=CARTESIAN_POINT('',(14.5679030937738,14.3794005302972,18.4615199482531));
#9875=CARTESIAN_POINT('',(14.5679030937738,14.3794005302972,18.4615199482531));
#9876=CARTESIAN_POINT('',(14.5679030937738,14.3794005302972,18.4615199482531));
#9877=CARTESIAN_POINT('Origin',(14.5368037743158,14.3794005302972,18.4615199482531));
#9878=CARTESIAN_POINT('',(14.5255599541254,14.3794005302972,18.4615199482531));
#9879=CARTESIAN_POINT('',(13.8669810814447,14.3794005302972,18.4696297562213));
#9880=CARTESIAN_POINT('',(14.5368037743158,14.3794005302972,18.4615199482531));
#9881=CARTESIAN_POINT('',(13.8669810814447,14.3794005302972,18.4696297562213));
#9882=CARTESIAN_POINT('',(14.5255599541254,14.3794005302972,18.4615199482531));
#9883=CARTESIAN_POINT('Origin',(14.5255599541254,14.3794005302972,18.4615199482531));
#9884=CARTESIAN_POINT('',(14.6921573204584,14.5964091209955,18.4615199482531));
#9885=CARTESIAN_POINT('',(14.5368037743158,14.3794005302972,18.4615199482531));
#9886=CARTESIAN_POINT('',(14.5255599541254,14.3794005302972,18.4615199482531));
#9887=CARTESIAN_POINT('Origin',(12.2341666740961,14.5964091209955,17.037519685039));
#9888=CARTESIAN_POINT('',(14.8301539940423,14.5964091209955,15.7555203354449));
#9889=CARTESIAN_POINT('',(14.8301539940423,14.5964091209955,15.7555203354449));
#9890=CARTESIAN_POINT('',(12.2341666740961,14.5964091209955,17.037519685039));
#9891=CARTESIAN_POINT('',(12.2341666740961,14.5964091209955,17.037519685039));
#9892=CARTESIAN_POINT('',(12.2341666740961,14.5964091209955,17.037519685039));
#9893=CARTESIAN_POINT('Origin',(12.7401576561517,14.5964091209955,18.4615199482531));
#9894=CARTESIAN_POINT('',(14.2061648888177,14.5964091209955,18.4615199482531));
#9895=CARTESIAN_POINT('',(12.2341666740961,14.5964091209955,17.037519685039));
#9896=CARTESIAN_POINT('',(12.7401576561517,14.5964091209955,18.4615199482531));
#9897=CARTESIAN_POINT('',(12.2341666740961,14.5964091209955,17.037519685039));
#9898=CARTESIAN_POINT('',(12.7401576561517,14.5964091209955,18.4615199482531));
#9899=CARTESIAN_POINT('Origin',(14.112247042138,14.3794005302972,18.4615199482531));
#9900=CARTESIAN_POINT('',(14.5200954002923,14.3794005302972,18.4615199482531));
#9901=CARTESIAN_POINT('',(14.2061648888177,14.5964091209955,18.4615199482531));
#9902=CARTESIAN_POINT('',(14.112247042138,14.3794005302972,18.4615199482531));
#9903=CARTESIAN_POINT('',(14.112247042138,14.3794005302972,18.4615199482531));
#9904=CARTESIAN_POINT('',(14.112247042138,14.3794005302972,18.4615199482531));
#9905=CARTESIAN_POINT('Origin',(14.0733371300287,14.3794005302972,18.4615199482531));
#9906=CARTESIAN_POINT('',(14.0537009758539,14.3794005302972,18.4615199482531));
#9907=CARTESIAN_POINT('',(13.8669810814447,14.3794005302972,18.4696297562213));
#9908=CARTESIAN_POINT('',(14.0733371300287,14.3794005302972,18.4615199482531));
#9909=CARTESIAN_POINT('',(13.8669810814447,14.3794005302972,18.4696297562213));
#9910=CARTESIAN_POINT('',(14.0537009758539,14.3794005302972,18.4615199482531));
#9911=CARTESIAN_POINT('Origin',(14.0498576683587,14.3794005302972,18.4615199482531));
#9912=CARTESIAN_POINT('',(14.0498576683587,14.3794005302972,18.4615199482531));
#9913=CARTESIAN_POINT('',(12.7401576561517,14.5964091209955,18.4615199482531));
#9914=CARTESIAN_POINT('',(14.0498576683587,14.3794005302972,18.4615199482531));
#9915=CARTESIAN_POINT('Origin',(13.8646541161127,14.3794005302972,18.4615199482531));
#9916=CARTESIAN_POINT('',(13.870833925683,14.3794005302972,18.4615199482531));
#9917=CARTESIAN_POINT('',(13.8669810814447,14.3794005302972,18.4696297562213));
#9918=CARTESIAN_POINT('',(13.8646541161127,14.3794005302972,18.4615199482531));
#9919=CARTESIAN_POINT('',(13.8646541161127,14.3794005302972,18.4615199482531));
#9920=CARTESIAN_POINT('',(13.8646541161127,14.3794005302972,18.4615199482531));
#9921=CARTESIAN_POINT('Origin',(13.4117732567377,14.3794005302972,18.4615199482531));
#9922=CARTESIAN_POINT('',(13.4077678246087,14.3794005302972,18.4615199482531));
#9923=CARTESIAN_POINT('',(12.7401576561517,14.5964091209955,18.4615199482531));
#9924=CARTESIAN_POINT('',(13.4117732567377,14.3794005302972,18.4615199482531));
#9925=CARTESIAN_POINT('',(13.4077678246087,14.3794005302972,18.4615199482531));
#9926=CARTESIAN_POINT('',(12.7401576561517,14.5964091209955,18.4615199482531));
#9927=CARTESIAN_POINT('Origin',(13.4077678246087,14.3794005302972,18.4615199482531));
#9928=CARTESIAN_POINT('',(13.4112010521478,14.3794005302972,18.4696297562213));
#9929=CARTESIAN_POINT('',(13.4077678246087,14.3794005302972,18.4615199482531));
#9930=CARTESIAN_POINT('Origin',(13.4077678246087,14.3794005302972,18.4615199482531));
#9931=CARTESIAN_POINT('',(13.1146846336908,14.3794005302972,18.4615199482531));
#9932=CARTESIAN_POINT('',(12.7401576561517,14.5964091209955,18.4615199482531));
#9933=CARTESIAN_POINT('',(13.1146846336908,14.3794005302972,18.4615199482531));
#9934=CARTESIAN_POINT('Origin',(12.8196178001947,14.3794005302972,18.4615199482531));
#9935=CARTESIAN_POINT('',(12.7018962425775,14.3794005302972,18.4615199482531));
#9936=CARTESIAN_POINT('',(12.5933585686273,14.3794005302972,18.4696297562213));
#9937=CARTESIAN_POINT('',(12.8196178001947,14.3794005302972,18.4615199482531));
#9938=CARTESIAN_POINT('',(12.5933585686273,14.3794005302972,18.4696297562213));
#9939=CARTESIAN_POINT('',(12.7018962425775,14.3794005302972,18.4615199482531));
#9940=CARTESIAN_POINT('Origin',(12.6402888817377,14.3794005302972,18.4615199482531));
#9941=CARTESIAN_POINT('',(12.6428733391351,14.3794005302972,18.4615199482531));
#9942=CARTESIAN_POINT('',(12.6428733391351,14.3794005302972,18.4615199482531));
#9943=CARTESIAN_POINT('',(12.6402888817377,14.3794005302972,18.4615199482531));
#9944=CARTESIAN_POINT('',(12.6402888817377,14.3794005302972,18.4615199482531));
#9945=CARTESIAN_POINT('',(12.6402888817377,14.3794005302972,18.4615199482531));
#9946=CARTESIAN_POINT('Origin',(12.595141939599,14.3794005302972,18.4615199482531));
#9947=CARTESIAN_POINT('',(12.5879416985101,14.3794005302972,18.4615199482531));
#9948=CARTESIAN_POINT('',(12.5879416985101,14.3794005302972,18.4615199482531));
#9949=CARTESIAN_POINT('',(12.595141939599,14.3794005302972,18.4615199482531));
#9950=CARTESIAN_POINT('',(12.5933585686273,14.3794005302972,18.4696297562213));
#9951=CARTESIAN_POINT('',(12.5879416985101,14.3794005302972,18.4615199482531));
#9952=CARTESIAN_POINT('Origin',(12.5629268211908,14.3794005302972,18.4615199482531));
#9953=CARTESIAN_POINT('',(11.4761577171869,14.5964091209955,18.4615199482531));
#9954=CARTESIAN_POINT('',(11.4761577171869,14.5964091209955,18.4615199482531));
#9955=CARTESIAN_POINT('',(12.5629268211908,14.3794005302972,18.4615199482531));
#9956=CARTESIAN_POINT('',(11.4761577171869,14.5964091209955,18.4615199482531));
#9957=CARTESIAN_POINT('',(12.5629268211908,14.3794005302972,18.4615199482531));
#9958=CARTESIAN_POINT('Origin',(12.4228892845697,14.3794005302972,18.4615199482531));
#9959=CARTESIAN_POINT('',(12.4249873680658,14.3794005302972,18.4696297562213));
#9960=CARTESIAN_POINT('',(12.4228892845697,14.3794005302972,18.4615199482531));
#9961=CARTESIAN_POINT('',(12.4228892845697,14.3794005302972,18.4615199482531));
#9962=CARTESIAN_POINT('',(12.4228892845697,14.3794005302972,18.4615199482531));
#9963=CARTESIAN_POINT('Origin',(12.175220064599,14.3794005302972,18.4615199482531));
#9964=CARTESIAN_POINT('',(12.2994552177972,14.3794005302972,18.4615199482531));
#9965=CARTESIAN_POINT('',(12.2990642113275,14.3794005302972,18.4696297562213));
#9966=CARTESIAN_POINT('',(12.175220064599,14.3794005302972,18.4615199482531));
#9967=CARTESIAN_POINT('',(12.175220064599,14.3794005302972,18.4615199482531));
#9968=CARTESIAN_POINT('',(12.175220064599,14.3794005302972,18.4615199482531));
#9969=CARTESIAN_POINT('Origin',(12.1455894035882,14.3794005302972,18.4615199482531));
#9970=CARTESIAN_POINT('',(11.5022216362543,14.3794005302972,18.4615199482531));
#9971=CARTESIAN_POINT('',(11.4761577171869,14.5964091209955,18.4615199482531));
#9972=CARTESIAN_POINT('',(12.1455894035882,14.3794005302972,18.4615199482531));
#9973=CARTESIAN_POINT('',(11.5022216362543,14.3794005302972,18.4615199482531));
#9974=CARTESIAN_POINT('',(11.4761577171869,14.5964091209955,18.4615199482531));
#9975=CARTESIAN_POINT('Origin',(12.1455894035882,14.3794005302972,18.4615199482531));
#9976=CARTESIAN_POINT('',(10.8434997124261,14.3794005302972,18.4696297562213));
#9977=CARTESIAN_POINT('',(10.8434997124261,14.3794005302972,18.4696297562213));
#9978=CARTESIAN_POINT('Origin',(10.8430705589837,14.3794005302972,18.4615199482531));
#9979=CARTESIAN_POINT('',(11.1790214104242,14.3794005302972,18.4615199482531));
#9980=CARTESIAN_POINT('',(10.8434997124261,14.3794005302972,18.4696297562213));
#9981=CARTESIAN_POINT('',(10.8430705589837,14.3794005302972,18.4615199482531));
#9982=CARTESIAN_POINT('',(10.8430705589837,14.3794005302972,18.4615199482531));
#9983=CARTESIAN_POINT('',(10.8430705589837,14.3794005302972,18.4615199482531));
#9984=CARTESIAN_POINT('Origin',(10.5525241417474,14.3794005302972,18.4615199482531));
#9985=CARTESIAN_POINT('',(10.7206473869867,14.3794005302972,18.4615199482531));
#9986=CARTESIAN_POINT('',(10.7186160606927,14.3794005302972,18.4696297562213));
#9987=CARTESIAN_POINT('',(10.5525241417474,14.3794005302972,18.4615199482531));
#9988=CARTESIAN_POINT('',(10.5525241417474,14.3794005302972,18.4615199482531));
#9989=CARTESIAN_POINT('',(10.5525241417474,14.3794005302972,18.4615199482531));
#9990=CARTESIAN_POINT('Origin',(10.7206473869867,14.3794005302972,18.4615199482531));
#9991=CARTESIAN_POINT('',(10.4361568016595,14.5964091209955,18.4615199482531));
#9992=CARTESIAN_POINT('',(10.4361568016595,14.5964091209955,18.4615199482531));
#9993=CARTESIAN_POINT('',(10.4361568016595,14.5964091209955,18.4615199482531));
#9994=CARTESIAN_POINT('Origin',(10.4361568016595,14.5964091209955,18.4615199482531));
#9995=CARTESIAN_POINT('',(10.930160097558,14.5964091209955,17.037519685039));
#9996=CARTESIAN_POINT('',(11.4061580223627,14.5964091209955,18.4615199482531));
#9997=CARTESIAN_POINT('',(10.930160097558,14.5964091209955,17.037519685039));
#9998=CARTESIAN_POINT('',(10.4361568016595,14.5964091209955,18.4615199482531));
#9999=CARTESIAN_POINT('',(10.4361568016595,14.5964091209955,18.4615199482531));
#10000=CARTESIAN_POINT('Origin',(11.1899505180902,14.3794005302972,18.4615199482531));
#10001=CARTESIAN_POINT('',(11.1847625298089,14.3794005302972,18.4615199482531));
#10002=CARTESIAN_POINT('',(11.1847625298089,14.3794005302972,18.4615199482531));
#10003=CARTESIAN_POINT('',(11.1899505180902,14.3794005302972,18.4615199482531));
#10004=CARTESIAN_POINT('',(11.1847625298089,14.3794005302972,18.4615199482531));
#10005=CARTESIAN_POINT('',(11.1899505180902,14.3794005302972,18.4615199482531));
#10006=CARTESIAN_POINT('Origin',(11.3497672600336,14.3794005302972,18.4615199482531));
#10007=CARTESIAN_POINT('',(11.24986987539,14.3794005302972,18.4615199482531));
#10008=CARTESIAN_POINT('',(10.8434997124261,14.3794005302972,18.4696297562213));
#10009=CARTESIAN_POINT('',(11.3497672600336,14.3794005302972,18.4615199482531));
#10010=CARTESIAN_POINT('',(10.8434997124261,14.3794005302972,18.4696297562213));
#10011=CARTESIAN_POINT('',(11.24986987539,14.3794005302972,18.4615199482531));
#10012=CARTESIAN_POINT('Origin',(11.4761577171869,14.5964091209955,18.4615199482531));
#10013=CARTESIAN_POINT('',(11.4761577171869,14.5964091209955,18.4615199482531));
#10014=CARTESIAN_POINT('Origin',(10.930160097558,13.5993998436517,15.0435202038378));
#10015=CARTESIAN_POINT('',(10.930160097558,12.6014178185052,17.037519685039));
#10016=CARTESIAN_POINT('',(10.930160097558,12.6014178185052,17.037519685039));
#10017=CARTESIAN_POINT('',(10.930160097558,13.5993998436517,15.0435202038378));
#10018=CARTESIAN_POINT('',(10.930160097558,12.6014178185052,17.037519685039));
#10019=CARTESIAN_POINT('',(10.930160097558,13.5993998436517,15.0435202038378));
#10020=CARTESIAN_POINT('Origin',(12.2341666740961,12.6014178185052,17.037519685039));
#10021=CARTESIAN_POINT('',(12.2341666740961,13.5993998436517,15.0435202038378));
#10022=CARTESIAN_POINT('',(12.2341666740961,13.5993998436517,15.0435202038378));
#10023=CARTESIAN_POINT('',(12.2341666740961,12.6014178185052,17.037519685039));
#10024=CARTESIAN_POINT('',(12.2341666740961,12.6014178185052,17.037519685039));
#10025=CARTESIAN_POINT('',(12.2341666740961,12.6014178185052,17.037519685039));
#10026=CARTESIAN_POINT('Origin',(9.38015323110289,11.1974089531488,17.037519685039));
#10027=CARTESIAN_POINT('',(10.930160097558,11.1974089531488,17.037519685039));
#10028=CARTESIAN_POINT('',(10.930160097558,11.1974089531488,17.037519685039));
#10029=CARTESIAN_POINT('',(9.38015323110289,11.1974089531488,17.037519685039));
#10030=CARTESIAN_POINT('',(9.38015323110289,11.1974089531488,17.037519685039));
#10031=CARTESIAN_POINT('',(9.38015323110289,11.1974089531488,17.037519685039));
#10032=CARTESIAN_POINT('Origin',(13.7821708244867,12.6014178185052,17.037519685039));
#10033=CARTESIAN_POINT('',(12.2341666740961,11.1974089531488,17.037519685039));
#10034=CARTESIAN_POINT('',(12.2341666740961,11.1974089531488,17.037519685039));
#10035=CARTESIAN_POINT('',(13.7821708244867,12.6014178185052,17.037519685039));
#10036=CARTESIAN_POINT('',(12.2341666740961,12.6014178185052,17.037519685039));
#10037=CARTESIAN_POINT('',(12.2341666740961,11.1974089531488,17.037519685039));
#10038=CARTESIAN_POINT('Origin',(12.2341666740961,9.20340947194762,17.037519685039));
#10039=CARTESIAN_POINT('',(12.2341666740961,10.2014105705804,15.0435202038378));
#10040=CARTESIAN_POINT('',(12.2341666740961,10.2014105705804,15.0435202038378));
#10041=CARTESIAN_POINT('',(12.2341666740961,9.20340947194762,17.037519685039));
#10042=CARTESIAN_POINT('',(12.2341666740961,9.20340947194762,17.037519685039));
#10043=CARTESIAN_POINT('',(12.2341666740961,9.20340947194762,17.037519685039));
#10044=CARTESIAN_POINT('Origin',(10.930160097558,10.2014105705804,15.0435202038378));
#10045=CARTESIAN_POINT('',(10.930160097558,9.20340947194762,17.037519685039));
#10046=CARTESIAN_POINT('',(10.930160097558,9.20340947194762,17.037519685039));
#10047=CARTESIAN_POINT('',(10.930160097558,10.2014105705804,15.0435202038378));
#10048=CARTESIAN_POINT('',(10.930160097558,9.20340947194762,17.037519685039));
#10049=CARTESIAN_POINT('',(10.930160097558,10.2014105705804,15.0435202038378));
#10050=CARTESIAN_POINT('Origin',(12.2341666740961,9.20340947194762,17.037519685039));
#10051=CARTESIAN_POINT('',(11.8581615013666,9.20340947194762,18.4615199482531));
#10052=CARTESIAN_POINT('',(11.9281611961908,9.20340947194762,18.4615199482531));
#10053=CARTESIAN_POINT('',(11.8581615013666,9.20340947194762,18.4615199482531));
#10054=CARTESIAN_POINT('',(11.8581615013666,9.20340947194762,18.4615199482531));
#10055=CARTESIAN_POINT('',(11.9281611961908,9.20340947194762,18.4615199482531));
#10056=CARTESIAN_POINT('Origin',(10.9578071159906,9.38041142507262,18.4615199482531));
#10057=CARTESIAN_POINT('',(10.41415553518,9.20340947194762,18.4615199482531));
#10058=CARTESIAN_POINT('',(10.41415553518,9.20340947194762,18.4615199482531));
#10059=CARTESIAN_POINT('',(10.9578071159906,9.38041142507262,18.4615199482531));
#10060=CARTESIAN_POINT('',(10.9578071159906,9.38041142507262,18.4615199482531));
#10061=CARTESIAN_POINT('',(10.41415553518,9.20340947194762,18.4615199482531));
#10062=CARTESIAN_POINT('Origin',(10.41415553518,9.20340947194762,18.4615199482531));
#10063=CARTESIAN_POINT('',(10.3201518578119,9.20340947194762,18.4615199482531));
#10064=CARTESIAN_POINT('',(10.4472575707025,9.38041142507262,18.4615199482531));
#10065=CARTESIAN_POINT('',(10.3201518578119,9.20340947194762,18.4615199482531));
#10066=CARTESIAN_POINT('',(10.3201518578119,9.20340947194762,18.4615199482531));
#10067=CARTESIAN_POINT('',(10.41415553518,9.20340947194762,18.4615199482531));
#10068=CARTESIAN_POINT('Origin',(10.3201518578119,9.20340947194762,18.4615199482531));
#10069=CARTESIAN_POINT('',(10.2561507744379,9.20340947194762,18.4615199482531));
#10070=CARTESIAN_POINT('',(10.3373561424798,9.38041142507262,18.4615199482531));
#10071=CARTESIAN_POINT('',(10.2561507744379,9.20340947194762,18.4615199482531));
#10072=CARTESIAN_POINT('',(10.2561507744379,9.20340947194762,18.4615199482531));
#10073=CARTESIAN_POINT('',(10.3201518578119,9.20340947194762,18.4615199482531));
#10074=CARTESIAN_POINT('Origin',(9.63215213247008,9.20340947194762,15.0435202038378));
#10075=CARTESIAN_POINT('',(9.29615359731383,9.20340947194762,15.7555203354449));
#10076=CARTESIAN_POINT('',(9.29615359731383,9.20340947194762,15.7555203354449));
#10077=CARTESIAN_POINT('',(9.63215213247008,9.20340947194762,15.0435202038378));
#10078=CARTESIAN_POINT('',(9.29615359731383,9.20340947194762,15.7555203354449));
#10079=CARTESIAN_POINT('',(9.63215213247008,9.20340947194762,15.0435202038378));
#10080=CARTESIAN_POINT('Origin',(10.1489482445306,9.38041142507262,18.4615199482531));
#10081=CARTESIAN_POINT('',(8.33415370412535,9.20340947194762,18.4615199482531));
#10082=CARTESIAN_POINT('',(8.33415370412535,9.20340947194762,18.4615199482531));
#10083=CARTESIAN_POINT('',(10.1489482445306,9.38041142507262,18.4615199482531));
#10084=CARTESIAN_POINT('',(10.1489482445306,9.38041142507262,18.4615199482531));
#10085=CARTESIAN_POINT('',(8.33415370412535,9.20340947194762,18.4615199482531));
#10086=CARTESIAN_POINT('Origin',(8.33415370412535,9.20340947194762,13.0515198624224));
#10087=CARTESIAN_POINT('',(8.33415370412535,9.20340947194762,15.7555203354449));
#10088=CARTESIAN_POINT('',(8.33415370412535,9.20340947194762,15.7555203354449));
#10089=CARTESIAN_POINT('',(8.33415370412535,9.20340947194762,13.0515198624224));
#10090=CARTESIAN_POINT('',(8.33415370412535,9.20340947194762,13.0515198624224));
#10091=CARTESIAN_POINT('',(8.33415370412535,9.20340947194762,13.0515198624224));
#10092=CARTESIAN_POINT('Origin',(8.33415370412535,9.38041142507262,17.2541003143878));
#10093=CARTESIAN_POINT('',(8.33415370412535,9.38041142507262,18.0606906330676));
#10094=CARTESIAN_POINT('',(8.33415370412535,9.20340947194762,15.7555203354449));
#10095=CARTESIAN_POINT('',(8.33415370412535,9.38041142507262,17.2541003143878));
#10096=CARTESIAN_POINT('',(8.33415370412535,9.38041142507262,17.2541003143878));
#10097=CARTESIAN_POINT('',(8.33415370412535,9.20340947194762,15.7555203354449));
#10098=CARTESIAN_POINT('Origin',(8.43695025869078,9.38041142507262,18.4615199482531));
#10099=CARTESIAN_POINT('',(8.33415370412535,9.38041142507262,18.4615199482531));
#10100=CARTESIAN_POINT('',(8.33415370412535,9.20340947194762,18.4615199482531));
#10101=CARTESIAN_POINT('',(8.43695025869078,9.38041142507262,18.4615199482531));
#10102=CARTESIAN_POINT('',(8.33415370412535,9.20340947194762,18.4615199482531));
#10103=CARTESIAN_POINT('',(8.33415370412535,9.38041142507262,18.4615199482531));
#10104=CARTESIAN_POINT('Origin',(8.33415370412535,9.38041142507262,18.4615199482531));
#10105=CARTESIAN_POINT('',(8.32186084218687,9.38041142507262,17.1979300892443));
#10106=CARTESIAN_POINT('',(8.32186084218687,9.38041142507262,17.1979300892443));
#10107=CARTESIAN_POINT('',(8.32186084218687,9.38041142507262,17.1979300892443));
#10108=CARTESIAN_POINT('',(8.32186084218687,9.38041142507262,18.4696297562213));
#10109=CARTESIAN_POINT('Origin',(8.33415370412535,9.75941113515562,17.1979300892443));
#10110=CARTESIAN_POINT('',(8.33415370412535,9.38041142507262,17.1979300892443));
#10111=CARTESIAN_POINT('',(8.32186084218687,9.38041142507262,17.1979300892443));
#10112=CARTESIAN_POINT('',(8.33415370412535,9.75941113515562,17.1979300892443));
#10113=CARTESIAN_POINT('',(8.32186084218687,9.38041142507262,17.1979300892443));
#10114=CARTESIAN_POINT('',(8.33415370412535,9.38041142507262,17.1979300892443));
#10115=CARTESIAN_POINT('Origin',(8.33415370412535,10.3944056419916,15.7555203354449));
#10116=CARTESIAN_POINT('',(8.33415370412535,10.3944056419916,15.7555203354449));
#10117=CARTESIAN_POINT('',(8.33415370412535,9.20340947194762,15.7555203354449));
#10118=CARTESIAN_POINT('',(8.33415370412535,9.20340947194762,13.0515198624224));
#10119=CARTESIAN_POINT('Origin',(8.33415370412535,10.3944056419916,15.7555203354449));
#10120=CARTESIAN_POINT('',(8.33415370412535,10.4334109215326,15.7555203354449));
#10121=CARTESIAN_POINT('',(8.33415370412535,11.0294096855707,17.1979300892443));
#10122=CARTESIAN_POINT('',(8.33415370412535,10.4334109215326,15.7555203354449));
#10123=CARTESIAN_POINT('',(8.33415370412535,10.3944056419916,15.7555203354449));
#10124=CARTESIAN_POINT('',(8.33415370412535,10.3944056419916,15.7555203354449));
#10125=CARTESIAN_POINT('Origin',(8.33415370412535,11.0484068779535,17.1979300892443));
#10126=CARTESIAN_POINT('',(8.33415370412535,11.0894053368158,17.1979300892443));
#10127=CARTESIAN_POINT('',(8.32186084218687,9.38041142507262,17.1979300892443));
#10128=CARTESIAN_POINT('',(8.33415370412535,11.0484068779535,17.1979300892443));
#10129=CARTESIAN_POINT('',(8.33415370412535,11.0484068779535,17.1979300892443));
#10130=CARTESIAN_POINT('',(8.32186084218687,9.38041142507262,17.1979300892443));
#10131=CARTESIAN_POINT('Origin',(8.33415370412535,11.0894053368158,17.1979300892443));
#10132=CARTESIAN_POINT('',(8.33415370412535,11.6734068779535,17.1979300892443));
#10133=CARTESIAN_POINT('',(8.32186084218687,9.38041142507262,17.1979300892443));
#10134=CARTESIAN_POINT('',(8.33415370412535,11.0894053368158,17.1979300892443));
#10135=CARTESIAN_POINT('Origin',(8.33415370412535,12.3493998436517,17.1979300892443));
#10136=CARTESIAN_POINT('',(8.32186084218687,11.7504160790033,17.1979300892443));
#10137=CARTESIAN_POINT('',(8.32186084218687,11.7504160790033,17.1979300892443));
#10138=CARTESIAN_POINT('',(8.33415370412535,12.3493998436517,17.1979300892443));
#10139=CARTESIAN_POINT('',(8.32186084218687,11.7504160790033,17.1979300892443));
#10140=CARTESIAN_POINT('',(8.33415370412535,11.6734068779535,17.1979300892443));
#10141=CARTESIAN_POINT('Origin',(8.33415370412535,13.1304114250726,15.7555203354449));
#10142=CARTESIAN_POINT('',(8.33415370412535,12.398418703515,17.1095197117419));
#10143=CARTESIAN_POINT('',(8.33415370412535,10.4334109215326,15.7555203354449));
#10144=CARTESIAN_POINT('',(8.33415370412535,13.1304114250726,15.7555203354449));
#10145=CARTESIAN_POINT('',(8.33415370412535,12.398418703515,17.1095197117419));
#10146=CARTESIAN_POINT('',(8.33415370412535,10.4334109215326,15.7555203354449));
#10147=CARTESIAN_POINT('Origin',(8.33415370412535,12.3493998436517,17.1979300892443));
#10148=CARTESIAN_POINT('',(8.33415370412535,12.5414221672601,17.1979300892443));
#10149=CARTESIAN_POINT('',(8.32186084218687,11.7504160790033,17.1979300892443));
#10150=CARTESIAN_POINT('',(8.33415370412535,12.3493998436517,17.1979300892443));
#10151=CARTESIAN_POINT('Origin',(8.33415370412535,12.5414221672601,17.1979300892443));
#10152=CARTESIAN_POINT('',(8.33415370412535,13.8634150414056,17.1095197117419));
#10153=CARTESIAN_POINT('',(8.33415370412535,13.9114134697504,17.1979300892443));
#10154=CARTESIAN_POINT('',(8.33415370412535,13.8634150414056,17.1095197117419));
#10155=CARTESIAN_POINT('',(8.33415370412535,12.5414221672601,17.1979300892443));
#10156=CARTESIAN_POINT('',(8.33415370412535,12.5414221672601,17.1979300892443));
#10157=CARTESIAN_POINT('Origin',(8.33415370412535,14.3794005302972,17.1979300892443));
#10158=CARTESIAN_POINT('',(8.33415370412535,14.5964091209955,15.7555203354449));
#10159=CARTESIAN_POINT('',(8.33415370412535,13.8634150414056,17.1095197117419));
#10160=CARTESIAN_POINT('',(8.33415370412535,14.3794005302972,17.1979300892443));
#10161=CARTESIAN_POINT('',(8.33415370412535,13.8634150414056,17.1095197117419));
#10162=CARTESIAN_POINT('',(8.33415370412535,14.3794005302972,17.1979300892443));
#10163=CARTESIAN_POINT('Origin',(8.33415370412535,13.8634150414056,14.4035200989337));
#10164=CARTESIAN_POINT('',(8.33415370412535,14.5964091209955,13.0515198624224));
#10165=CARTESIAN_POINT('',(8.33415370412535,14.5964091209955,13.0515198624224));
#10166=CARTESIAN_POINT('',(8.33415370412535,13.8634150414056,14.4035200989337));
#10167=CARTESIAN_POINT('',(8.33415370412535,13.8634150414056,14.4035200989337));
#10168=CARTESIAN_POINT('',(8.33415370412535,13.8634150414056,14.4035200989337));
#10169=CARTESIAN_POINT('Origin',(8.33415370412535,11.1654036430902,14.4035200989337));
#10170=CARTESIAN_POINT('',(8.33415370412535,11.9004004387445,13.0515198624224));
#10171=CARTESIAN_POINT('',(8.33415370412535,11.9004004387445,13.0515198624224));
#10172=CARTESIAN_POINT('',(8.33415370412535,11.1654036430902,14.4035200989337));
#10173=CARTESIAN_POINT('',(8.33415370412535,11.1654036430902,14.4035200989337));
#10174=CARTESIAN_POINT('',(8.33415370412535,11.1654036430902,14.4035200989337));
#10175=CARTESIAN_POINT('Origin',(8.33415370412535,14.5964091209955,13.0515198624224));
#10176=CARTESIAN_POINT('',(9.38015323110289,12.6014178185052,13.0515198624224));
#10177=CARTESIAN_POINT('',(10.930160097558,14.5964091209955,13.0515198624224));
#10178=CARTESIAN_POINT('',(9.38015323110289,12.6014178185052,13.0515198624224));
#10179=CARTESIAN_POINT('',(8.33415370412535,14.5964091209955,13.0515198624224));
#10180=CARTESIAN_POINT('',(8.33415370412535,14.5964091209955,13.0515198624224));
#10181=CARTESIAN_POINT('Origin',(8.85815959401793,10.9034102348871,13.0515198624224));
#10182=CARTESIAN_POINT('',(9.38015323110289,11.1974089531488,13.0515198624224));
#10183=CARTESIAN_POINT('',(9.38015323110289,11.1974089531488,13.0515198624224));
#10184=CARTESIAN_POINT('',(8.85815959401793,10.9034102348871,13.0515198624224));
#10185=CARTESIAN_POINT('',(8.85815959401793,10.9034102348871,13.0515198624224));
#10186=CARTESIAN_POINT('',(8.85815959401793,10.9034102348871,13.0515198624224));
#10187=CARTESIAN_POINT('Origin',(8.33415370412535,10.4334109215326,15.7555203354449));
#10188=CARTESIAN_POINT('',(8.33415370412535,9.20340947194762,13.0515198624224));
#10189=CARTESIAN_POINT('Origin',(8.33415370412535,10.4334109215326,15.7555203354449));
#10190=CARTESIAN_POINT('',(8.33415370412535,10.4334109215326,15.7555203354449));
#10191=CARTESIAN_POINT('Origin',(8.33415370412535,11.1654036430902,14.4035200989337));
#10192=CARTESIAN_POINT('',(8.33415370412535,9.20340947194762,13.0515198624224));
#10193=CARTESIAN_POINT('Origin',(8.33415370412535,11.9004004387445,13.0515198624224));
#10194=CARTESIAN_POINT('',(8.33415370412535,9.20340947194762,13.0515198624224));
#10195=CARTESIAN_POINT('Origin',(9.38015323110289,11.1974089531488,13.0515198624224));
#10196=CARTESIAN_POINT('',(10.930160097558,9.20340947194762,13.0515198624224));
#10197=CARTESIAN_POINT('',(10.930160097558,11.1974089531488,13.0515198624224));
#10198=CARTESIAN_POINT('',(10.930160097558,9.20340947194762,13.0515198624224));
#10199=CARTESIAN_POINT('',(9.38015323110289,11.1974089531488,13.0515198624224));
#10200=CARTESIAN_POINT('',(9.38015323110289,11.1974089531488,13.0515198624224));
#10201=CARTESIAN_POINT('Origin',(10.930160097558,9.20340947194762,17.037519685039));
#10202=CARTESIAN_POINT('',(10.930160097558,9.20340947194762,15.0435202038378));
#10203=CARTESIAN_POINT('',(9.63215213247008,9.20340947194762,15.0435202038378));
#10204=CARTESIAN_POINT('',(10.930160097558,9.20340947194762,15.0435202038378));
#10205=CARTESIAN_POINT('Origin',(10.930160097558,11.1974089531488,15.0435202038378));
#10206=CARTESIAN_POINT('',(10.930160097558,11.1974089531488,15.0435202038378));
#10207=CARTESIAN_POINT('',(10.930160097558,10.2014105705804,15.0435202038378));
#10208=CARTESIAN_POINT('',(10.930160097558,11.1974089531488,15.0435202038378));
#10209=CARTESIAN_POINT('Origin',(10.930160097558,11.1974089531488,13.0515198624224));
#10210=CARTESIAN_POINT('',(10.1561580223627,11.1974089531488,15.0435202038378));
#10211=CARTESIAN_POINT('',(9.38015323110289,11.1974089531488,13.0515198624224));
#10212=CARTESIAN_POINT('',(10.1561580223627,11.1974089531488,15.0435202038378));
#10213=CARTESIAN_POINT('Origin',(9.38015323110289,11.1974089531488,17.037519685039));
#10214=CARTESIAN_POINT('',(9.38015323110289,11.1974089531488,15.0435202038378));
#10215=CARTESIAN_POINT('',(9.38015323110289,11.9004004387445,15.0435202038378));
#10216=CARTESIAN_POINT('',(9.38015323110289,11.1974089531488,15.0435202038378));
#10217=CARTESIAN_POINT('',(9.38015323110289,11.1974089531488,17.037519685039));
#10218=CARTESIAN_POINT('',(9.38015323110289,11.1974089531488,15.0435202038378));
#10219=CARTESIAN_POINT('Origin',(9.38015323110289,12.6014178185052,15.0435202038378));
#10220=CARTESIAN_POINT('',(9.38015323110289,12.6014178185052,17.037519685039));
#10221=CARTESIAN_POINT('',(9.38015323110289,11.9004004387445,15.0435202038378));
#10222=CARTESIAN_POINT('',(9.38015323110289,12.6014178185052,15.0435202038378));
#10223=CARTESIAN_POINT('',(9.38015323110289,11.9004004387445,15.0435202038378));
#10224=CARTESIAN_POINT('',(9.38015323110289,12.6014178185052,15.0435202038378));
#10225=CARTESIAN_POINT('Origin',(9.38015323110289,12.6014178185052,17.037519685039));
#10226=CARTESIAN_POINT('',(10.1561580223627,12.6014178185052,15.0435202038378));
#10227=CARTESIAN_POINT('',(9.38015323110289,12.6014178185052,15.0435202038378));
#10228=CARTESIAN_POINT('',(9.38015323110289,12.6014178185052,17.037519685039));
#10229=CARTESIAN_POINT('Origin',(9.38015323110289,12.6014178185052,13.0515198624224));
#10230=CARTESIAN_POINT('',(10.930160097558,12.6014178185052,13.0515198624224));
#10231=CARTESIAN_POINT('',(10.930160097558,12.6014178185052,13.0515198624224));
#10232=CARTESIAN_POINT('',(9.38015323110289,12.6014178185052,13.0515198624224));
#10233=CARTESIAN_POINT('Origin',(9.38015323110289,11.9004004387445,15.0435202038378));
#10234=CARTESIAN_POINT('',(9.38015323110289,11.1974089531488,17.037519685039));
#10235=CARTESIAN_POINT('Origin',(10.930160097558,12.6014178185052,17.037519685039));
#10236=CARTESIAN_POINT('',(9.38015323110289,12.6014178185052,17.037519685039));
#10237=CARTESIAN_POINT('Origin',(10.1561580223627,12.6014178185052,15.0435202038378));
#10238=CARTESIAN_POINT('',(10.1561580223627,12.6014178185052,15.0435202038378));
#10239=CARTESIAN_POINT('Origin',(10.930160097558,12.6014178185052,17.037519685039));
#10240=CARTESIAN_POINT('',(10.930160097558,12.6014178185052,15.0435202038378));
#10241=CARTESIAN_POINT('',(10.1561580223627,12.6014178185052,15.0435202038378));
#10242=CARTESIAN_POINT('',(10.930160097558,12.6014178185052,15.0435202038378));
#10243=CARTESIAN_POINT('Origin',(10.930160097558,14.5964091209955,15.0435202038378));
#10244=CARTESIAN_POINT('',(10.930160097558,14.5964091209955,15.0435202038378));
#10245=CARTESIAN_POINT('',(10.930160097558,13.5993998436517,15.0435202038378));
#10246=CARTESIAN_POINT('',(10.930160097558,14.5964091209955,15.0435202038378));
#10247=CARTESIAN_POINT('Origin',(10.930160097558,14.5964091209955,13.0515198624224));
#10248=CARTESIAN_POINT('',(9.63215213247008,14.5964091209955,15.0435202038378));
#10249=CARTESIAN_POINT('',(8.33415370412535,14.5964091209955,13.0515198624224));
#10250=CARTESIAN_POINT('',(9.63215213247008,14.5964091209955,15.0435202038378));
#10251=CARTESIAN_POINT('Origin',(9.63215213247008,14.5964091209955,15.0435202038378));
#10252=CARTESIAN_POINT('',(9.38616137929625,14.5964091209955,15.7555203354449));
#10253=CARTESIAN_POINT('',(8.33415370412535,14.5964091209955,13.0515198624224));
#10254=CARTESIAN_POINT('',(9.38616137929625,14.5964091209955,15.7555203354449));
#10255=CARTESIAN_POINT('Origin',(9.38616137929625,14.5964091209955,15.7555203354449));
#10256=CARTESIAN_POINT('',(9.35614924855894,14.5964091209955,15.7555203354449));
#10257=CARTESIAN_POINT('',(10.3761516136712,14.5964091209955,18.4615199482531));
#10258=CARTESIAN_POINT('',(9.35614924855894,14.5964091209955,15.7555203354449));
#10259=CARTESIAN_POINT('',(9.38616137929625,14.5964091209955,15.7555203354449));
#10260=CARTESIAN_POINT('',(9.35614924855894,14.5964091209955,15.7555203354449));
#10261=CARTESIAN_POINT('Origin',(10.2297530693597,14.3794005302972,18.4615199482531));
#10262=CARTESIAN_POINT('',(10.2808604759759,14.3794005302972,18.4615199482531));
#10263=CARTESIAN_POINT('',(10.2808604759759,14.3794005302972,18.4615199482531));
#10264=CARTESIAN_POINT('',(10.2297530693597,14.3794005302972,18.4615199482531));
#10265=CARTESIAN_POINT('',(10.2297530693597,14.3794005302972,18.4615199482531));
#10266=CARTESIAN_POINT('',(10.2297530693597,14.3794005302972,18.4615199482531));
#10267=CARTESIAN_POINT('Origin',(10.3524528069086,14.3794005302972,18.4615199482531));
#10268=CARTESIAN_POINT('',(10.5460963768548,14.3794005302972,18.4615199482531));
#10269=CARTESIAN_POINT('',(10.4361568016595,14.5964091209955,18.4615199482531));
#10270=CARTESIAN_POINT('',(10.3524528069086,14.3794005302972,18.4615199482531));
#10271=CARTESIAN_POINT('',(10.3524528069086,14.3794005302972,18.4615199482531));
#10272=CARTESIAN_POINT('',(10.3524528069086,14.3794005302972,18.4615199482531));
#10273=CARTESIAN_POINT('Origin',(10.2808604759759,14.3794005302972,18.4615199482531));
#10274=CARTESIAN_POINT('',(9.81814723439879,14.3794005302972,18.4696297562213));
#10275=CARTESIAN_POINT('',(9.81814723439879,14.3794005302972,18.4696297562213));
#10276=CARTESIAN_POINT('Origin',(9.80864863820738,14.3794005302972,18.4615199482531));
#10277=CARTESIAN_POINT('',(9.8217521233148,14.3794005302972,18.4615199482531));
#10278=CARTESIAN_POINT('',(9.81814723439879,14.3794005302972,18.4696297562213));
#10279=CARTESIAN_POINT('',(9.80864863820738,14.3794005302972,18.4615199482531));
#10280=CARTESIAN_POINT('',(9.80864863820738,14.3794005302972,18.4615199482531));
#10281=CARTESIAN_POINT('',(9.80864863820738,14.3794005302972,18.4615199482531));
#10282=CARTESIAN_POINT('Origin',(8.48525386281676,14.3794005302972,18.4615199482531));
#10283=CARTESIAN_POINT('',(8.33415370412535,14.3794005302972,18.4615199482531));
#10284=CARTESIAN_POINT('',(8.32186084218687,14.3794005302972,18.4696297562213));
#10285=CARTESIAN_POINT('',(8.48525386281676,14.3794005302972,18.4615199482531));
#10286=CARTESIAN_POINT('',(8.32186084218687,14.3794005302972,18.4696297562213));
#10287=CARTESIAN_POINT('',(8.33415370412535,14.3794005302972,18.4615199482531));
#10288=CARTESIAN_POINT('Origin',(8.48525386281676,14.3794005302972,18.4615199482531));
#10289=CARTESIAN_POINT('',(8.33415370412535,14.5964091209955,18.4615199482531));
#10290=CARTESIAN_POINT('',(8.33415370412535,14.3794005302972,18.4615199482531));
#10291=CARTESIAN_POINT('',(8.33415370412535,14.5964091209955,18.4615199482531));
#10292=CARTESIAN_POINT('Origin',(10.2253566307611,14.3794005302972,18.4615199482531));
#10293=CARTESIAN_POINT('',(10.2253566307611,14.3794005302972,18.4615199482531));
#10294=CARTESIAN_POINT('',(9.81814723439879,14.3794005302972,18.4696297562213));
#10295=CARTESIAN_POINT('',(9.8217521233148,14.3794005302972,18.4615199482531));
#10296=CARTESIAN_POINT('Origin',(8.33415370412535,14.3794005302972,18.3281700527758));
#10297=CARTESIAN_POINT('',(8.33415370412535,14.3794005302972,18.06111978651));
#10298=CARTESIAN_POINT('',(8.33415370412535,14.3794005302972,18.06111978651));
#10299=CARTESIAN_POINT('',(8.33415370412535,14.3794005302972,18.3281700527758));
#10300=CARTESIAN_POINT('',(8.33415370412535,14.3794005302972,18.06111978651));
#10301=CARTESIAN_POINT('',(8.33415370412535,14.3794005302972,18.3281700527758));
#10302=CARTESIAN_POINT('Origin',(8.33415370412535,14.3794005302972,18.06111978651));
#10303=CARTESIAN_POINT('',(8.32186084218687,14.3794005302972,17.1979300892443));
#10304=CARTESIAN_POINT('',(8.33415370412535,14.3794005302972,17.2084002411456));
#10305=CARTESIAN_POINT('',(8.32186084218687,14.3794005302972,17.1979300892443));
#10306=CARTESIAN_POINT('',(8.32186084218687,14.3794005302972,17.1979300892443));
#10307=CARTESIAN_POINT('',(8.33415370412535,14.3794005302972,17.2084002411456));
#10308=CARTESIAN_POINT('Origin',(8.33415370412535,14.3794005302972,17.1979300892443));
#10309=CARTESIAN_POINT('',(8.33415370412535,14.3584101585931,17.1979300892443));
#10310=CARTESIAN_POINT('',(8.33415370412535,13.8634150414056,17.1095197117419));
#10311=CARTESIAN_POINT('',(8.33415370412535,14.3584101585931,17.1979300892443));
#10312=CARTESIAN_POINT('Origin',(8.33415370412535,14.2164080528802,17.1979300892443));
#10313=CARTESIAN_POINT('',(8.33415370412535,14.3504088310785,17.1979300892443));
#10314=CARTESIAN_POINT('',(8.32186084218687,14.3794005302972,17.1979300892443));
#10315=CARTESIAN_POINT('',(8.33415370412535,14.2164080528802,17.1979300892443));
#10316=CARTESIAN_POINT('',(8.33415370412535,14.2164080528802,17.1979300892443));
#10317=CARTESIAN_POINT('',(8.32186084218687,14.3794005302972,17.1979300892443));
#10318=CARTESIAN_POINT('Origin',(8.32186084218687,12.0084040550775,17.1979300892443));
#10319=CARTESIAN_POINT('',(8.32186084218687,11.8794100670404,17.4232594883532));
#10320=CARTESIAN_POINT('',(8.32186084218687,11.7504160790033,17.1979300892443));
#10321=CARTESIAN_POINT('',(8.32186084218687,12.0084040550775,17.1979300892443));
#10322=CARTESIAN_POINT('',(8.32186084218687,11.8794100670404,17.4232594883532));
#10323=CARTESIAN_POINT('',(8.32186084218687,11.7504160790033,17.1979300892443));
#10324=CARTESIAN_POINT('Origin',(8.32186084218687,12.0084040550775,17.1979300892443));
#10325=CARTESIAN_POINT('',(8.32186084218687,12.0084040550775,17.1979300892443));
#10326=CARTESIAN_POINT('',(8.32186084218687,12.0084040550775,17.1979300892443));
#10327=CARTESIAN_POINT('Origin',(8.32186084218687,11.8794100670404,17.4232594883532));
#10328=CARTESIAN_POINT('',(8.32186084218687,11.8794100670404,17.4232594883532));
#10329=CARTESIAN_POINT('Origin',(8.32186084218687,11.3134043602533,18.4696297562213));
#10330=CARTESIAN_POINT('',(8.32186084218687,11.3134043602533,18.4696297562213));
#10331=CARTESIAN_POINT('Origin',(8.32186084218687,11.3134043602533,18.4696297562213));
#10332=CARTESIAN_POINT('',(8.32186084218687,11.3134043602533,18.4696297562213));
#10333=CARTESIAN_POINT('Origin',(8.32186084218687,11.1274092583246,18.4696297562213));
#10334=CARTESIAN_POINT('',(8.32186084218687,11.1274092583246,18.4696297562213));
#10335=CARTESIAN_POINT('Origin',(8.32186084218687,11.7504160790033,17.1979300892443));
#10336=CARTESIAN_POINT('',(8.32186084218687,9.38041142507262,17.1979300892443));
#10337=CARTESIAN_POINT('Origin',(8.32186084218687,11.7504160790033,17.1979300892443));
#10338=CARTESIAN_POINT('',(8.32186084218687,9.38041142507262,17.1979300892443));
#10339=CARTESIAN_POINT('Origin',(8.32186084218687,9.38041142507262,18.4696297562213));
#10340=CARTESIAN_POINT('Origin',(8.59896045156187,9.38041142507262,18.4615199482531));
#10341=CARTESIAN_POINT('',(8.59896045156187,9.38041142507262,18.4615199482531));
#10342=CARTESIAN_POINT('',(8.32186084218687,9.38041142507262,18.4696297562213));
#10343=CARTESIAN_POINT('',(8.59896045156187,9.38041142507262,18.4615199482531));
#10344=CARTESIAN_POINT('Origin',(8.72785907216734,9.38041142507262,18.4615199482531));
#10345=CARTESIAN_POINT('',(8.60135417409605,9.38041142507262,18.4615199482531));
#10346=CARTESIAN_POINT('',(8.60075335927672,9.38041142507262,18.4696297562213));
#10347=CARTESIAN_POINT('',(8.72785907216734,9.38041142507262,18.4615199482531));
#10348=CARTESIAN_POINT('',(8.60135417409605,9.38041142507262,18.4615199482531));
#10349=CARTESIAN_POINT('',(8.60075335927672,9.38041142507262,18.4696297562213));
#10350=CARTESIAN_POINT('Origin',(8.72795443959898,9.38041142507262,18.4696297562213));
#10351=CARTESIAN_POINT('',(9.07445292897887,9.38041142507262,18.4615199482531));
#10352=CARTESIAN_POINT('',(9.07445292897887,9.38041142507262,18.4615199482531));
#10353=CARTESIAN_POINT('',(8.72795443959898,9.38041142507262,18.4696297562213));
#10354=CARTESIAN_POINT('Origin',(8.43695025869078,9.38041142507262,18.4615199482531));
#10355=CARTESIAN_POINT('',(8.47825389333433,9.38041142507262,18.4615199482531));
#10356=CARTESIAN_POINT('',(8.33415370412535,9.20340947194762,18.4615199482531));
#10357=CARTESIAN_POINT('',(8.43695025869078,9.38041142507262,18.4615199482531));
#10358=CARTESIAN_POINT('Origin',(8.43695025869078,9.38041142507262,18.4615199482531));
#10359=CARTESIAN_POINT('',(8.32186084218687,9.38041142507262,18.4696297562213));
#10360=CARTESIAN_POINT('Origin',(8.47825389333433,9.38041142507262,18.4615199482531));
#10361=CARTESIAN_POINT('',(8.32186084218687,9.38041142507262,18.4696297562213));
#10362=CARTESIAN_POINT('Origin',(8.59896045156187,9.38041142507262,18.4615199482531));
#10363=CARTESIAN_POINT('',(8.47825389333433,9.38041142507262,18.4615199482531));
#10364=CARTESIAN_POINT('Origin',(8.59896045156187,9.38041142507262,18.4615199482531));
#10365=CARTESIAN_POINT('',(8.33415370412535,9.20340947194762,18.4615199482531));
#10366=CARTESIAN_POINT('Origin',(8.59896045156187,9.38041142507262,18.4615199482531));
#10367=CARTESIAN_POINT('',(8.59896045156187,9.38041142507262,18.4615199482531));
#10368=CARTESIAN_POINT('Origin',(8.60135417409605,9.38041142507262,18.4615199482531));
#10369=CARTESIAN_POINT('',(8.33415370412535,9.20340947194762,18.4615199482531));
#10370=CARTESIAN_POINT('Origin',(8.72785907216734,9.38041142507262,18.4615199482531));
#10371=CARTESIAN_POINT('',(8.33415370412535,9.20340947194762,18.4615199482531));
#10372=CARTESIAN_POINT('Origin',(9.31565623708433,9.38041142507262,18.4615199482531));
#10373=CARTESIAN_POINT('',(9.07855372853941,9.38041142507262,18.4615199482531));
#10374=CARTESIAN_POINT('',(8.33415370412535,9.20340947194762,18.4615199482531));
#10375=CARTESIAN_POINT('',(9.31565623708433,9.38041142507262,18.4615199482531));
#10376=CARTESIAN_POINT('',(8.33415370412535,9.20340947194762,18.4615199482531));
#10377=CARTESIAN_POINT('',(9.07855372853941,9.38041142507262,18.4615199482531));
#10378=CARTESIAN_POINT('Origin',(9.31764941640562,9.38041142507262,18.4615199482531));
#10379=CARTESIAN_POINT('',(9.31764941640562,9.38041142507262,18.4615199482531));
#10380=CARTESIAN_POINT('',(8.33415370412535,9.20340947194762,18.4615199482531));
#10381=CARTESIAN_POINT('',(9.31565623708433,9.38041142507262,18.4615199482531));
#10382=CARTESIAN_POINT('Origin',(10.2746520561761,9.38041142507262,18.4615199482531));
#10383=CARTESIAN_POINT('',(10.2746520561761,9.38041142507262,18.4615199482531));
#10384=CARTESIAN_POINT('',(10.2561507744379,9.20340947194762,18.4615199482531));
#10385=CARTESIAN_POINT('',(10.1489482445306,9.38041142507262,18.4615199482531));
#10386=CARTESIAN_POINT('Origin',(10.2746520561761,9.38041142507262,18.4615199482531));
#10387=CARTESIAN_POINT('',(10.2746520561761,9.38041142507262,18.4615199482531));
#10388=CARTESIAN_POINT('Origin',(10.3201518578119,9.20340947194762,18.4615199482531));
#10389=CARTESIAN_POINT('',(10.3971515221185,9.38041142507262,18.4615199482531));
#10390=CARTESIAN_POINT('',(10.3373561424798,9.38041142507262,18.4615199482531));
#10391=CARTESIAN_POINT('',(10.3201518578119,9.20340947194762,18.4615199482531));
#10392=CARTESIAN_POINT('Origin',(10.3992496056146,9.38041142507262,18.4615199482531));
#10393=CARTESIAN_POINT('',(10.3992496056146,9.38041142507262,18.4615199482531));
#10394=CARTESIAN_POINT('',(10.3201518578119,9.20340947194762,18.4615199482531));
#10395=CARTESIAN_POINT('',(10.3971515221185,9.38041142507262,18.4615199482531));
#10396=CARTESIAN_POINT('Origin',(10.3992496056146,9.38041142507262,18.4615199482531));
#10397=CARTESIAN_POINT('',(10.3992496056146,9.38041142507262,18.4615199482531));
#10398=CARTESIAN_POINT('Origin',(10.41415553518,9.20340947194762,18.4615199482531));
#10399=CARTESIAN_POINT('',(10.5289683861322,9.38041142507262,18.4615199482531));
#10400=CARTESIAN_POINT('',(10.4472575707025,9.38041142507262,18.4615199482531));
#10401=CARTESIAN_POINT('',(10.41415553518,9.20340947194762,18.4615199482531));
#10402=CARTESIAN_POINT('Origin',(10.5289683861322,9.38041142507262,18.4615199482531));
#10403=CARTESIAN_POINT('',(10.5349956078119,9.38041142507262,18.4615199482531));
#10404=CARTESIAN_POINT('',(10.41415553518,9.20340947194762,18.4615199482531));
#10405=CARTESIAN_POINT('',(10.5289683861322,9.38041142507262,18.4615199482531));
#10406=CARTESIAN_POINT('Origin',(10.5349956078119,9.38041142507262,18.4615199482531));
#10407=CARTESIAN_POINT('',(10.5381331963129,9.38041142507262,18.4615199482531));
#10408=CARTESIAN_POINT('',(10.41415553518,9.20340947194762,18.4615199482531));
#10409=CARTESIAN_POINT('',(10.5349956078119,9.38041142507262,18.4615199482531));
#10410=CARTESIAN_POINT('Origin',(10.5381331963129,9.38041142507262,18.4615199482531));
#10411=CARTESIAN_POINT('',(10.5540786308832,9.38041142507262,18.4615199482531));
#10412=CARTESIAN_POINT('',(10.41415553518,9.20340947194762,18.4615199482531));
#10413=CARTESIAN_POINT('',(10.5381331963129,9.38041142507262,18.4615199482531));
#10414=CARTESIAN_POINT('Origin',(10.5581603569574,9.38041142507262,18.4615199482531));
#10415=CARTESIAN_POINT('',(10.5581603569574,9.38041142507262,18.4615199482531));
#10416=CARTESIAN_POINT('',(10.41415553518,9.20340947194762,18.4615199482531));
#10417=CARTESIAN_POINT('',(10.5540786308832,9.38041142507262,18.4615199482531));
#10418=CARTESIAN_POINT('Origin',(10.5585322899408,9.38041142507262,18.4615199482531));
#10419=CARTESIAN_POINT('',(10.5689654869623,9.38041142507262,18.4615199482531));
#10420=CARTESIAN_POINT('',(10.5638728661127,9.38041142507262,18.4696297562213));
#10421=CARTESIAN_POINT('',(10.5585322899408,9.38041142507262,18.4615199482531));
#10422=CARTESIAN_POINT('',(10.5585322899408,9.38041142507262,18.4615199482531));
#10423=CARTESIAN_POINT('',(10.5585322899408,9.38041142507262,18.4615199482531));
#10424=CARTESIAN_POINT('Origin',(10.7269225639886,9.38041142507262,18.4615199482531));
#10425=CARTESIAN_POINT('',(10.73060374685,9.38041142507262,18.4615199482531));
#10426=CARTESIAN_POINT('',(10.41415553518,9.20340947194762,18.4615199482531));
#10427=CARTESIAN_POINT('',(10.7269225639886,9.38041142507262,18.4615199482531));
#10428=CARTESIAN_POINT('',(10.7269225639886,9.38041142507262,18.4615199482531));
#10429=CARTESIAN_POINT('',(10.41415553518,9.20340947194762,18.4615199482531));
#10430=CARTESIAN_POINT('Origin',(10.73060374685,9.38041142507262,18.4615199482531));
#10431=CARTESIAN_POINT('',(10.7250056786127,9.38041142507262,18.4696297562213));
#10432=CARTESIAN_POINT('',(10.7250056786127,9.38041142507262,18.4696297562213));
#10433=CARTESIAN_POINT('Origin',(10.8416591209955,9.38041142507262,18.4615199482531));
#10434=CARTESIAN_POINT('',(10.8416591209955,9.38041142507262,18.4615199482531));
#10435=CARTESIAN_POINT('',(10.7250056786127,9.38041142507262,18.4696297562213));
#10436=CARTESIAN_POINT('',(10.8416591209955,9.38041142507262,18.4615199482531));
#10437=CARTESIAN_POINT('Origin',(10.8416591209955,9.38041142507262,18.4615199482531));
#10438=CARTESIAN_POINT('',(10.73060374685,9.38041142507262,18.4615199482531));
#10439=CARTESIAN_POINT('Origin',(10.8416591209955,9.38041142507262,18.4615199482531));
#10440=CARTESIAN_POINT('',(10.41415553518,9.20340947194762,18.4615199482531));
#10441=CARTESIAN_POINT('Origin',(10.9578071159906,9.38041142507262,18.4615199482531));
#10442=CARTESIAN_POINT('',(10.8416591209955,9.38041142507262,18.4615199482531));
#10443=CARTESIAN_POINT('Origin',(10.8416591209955,9.38041142507262,18.4615199482531));
#10444=CARTESIAN_POINT('',(10.8420596642084,9.38041142507262,18.4696297562213));
#10445=CARTESIAN_POINT('Origin',(10.9605536980218,9.38041142507262,18.4696297562213));
#10446=CARTESIAN_POINT('',(10.9578071159906,9.38041142507262,18.4615199482531));
#10447=CARTESIAN_POINT('Origin',(12.2711024803705,9.38041142507262,18.4615199482531));
#10448=CARTESIAN_POINT('',(12.2711024803705,9.38041142507262,18.4615199482531));
#10449=CARTESIAN_POINT('',(10.9605536980218,9.38041142507262,18.4696297562213));
#10450=CARTESIAN_POINT('',(12.2711024803705,9.38041142507262,18.4615199482531));
#10451=CARTESIAN_POINT('Origin',(12.4164138359613,9.38041142507262,18.4615199482531));
#10452=CARTESIAN_POINT('',(12.4164138359613,9.38041142507262,18.4615199482531));
#10453=CARTESIAN_POINT('',(12.300370745141,9.38041142507262,18.4696297562213));
#10454=CARTESIAN_POINT('',(12.4164138359613,9.38041142507262,18.4615199482531));
#10455=CARTESIAN_POINT('Origin',(12.4183974785394,9.38041142507262,18.4696297562213));
#10456=CARTESIAN_POINT('',(12.5714908165521,9.38041142507262,18.4615199482531));
#10457=CARTESIAN_POINT('',(12.5714908165521,9.38041142507262,18.4615199482531));
#10458=CARTESIAN_POINT('',(12.4183974785394,9.38041142507262,18.4696297562213));
#10459=CARTESIAN_POINT('Origin',(13.2900558037347,9.38041142507262,18.4615199482531));
#10460=CARTESIAN_POINT('',(13.2900558037347,9.38041142507262,18.4615199482531));
#10461=CARTESIAN_POINT('',(12.5765834374017,9.38041142507262,18.4696297562213));
#10462=CARTESIAN_POINT('',(13.2900558037347,9.38041142507262,18.4615199482531));
#10463=CARTESIAN_POINT('Origin',(14.8054061455316,9.38041142507262,18.4615199482531));
#10464=CARTESIAN_POINT('',(14.8054061455316,9.38041142507262,18.4615199482531));
#10465=CARTESIAN_POINT('',(13.2935367149896,9.38041142507262,18.4696297562213));
#10466=CARTESIAN_POINT('',(14.8054061455316,9.38041142507262,18.4615199482531));
#10467=CARTESIAN_POINT('Origin',(14.8186049980707,14.3794005302972,18.4615199482531));
#10468=CARTESIAN_POINT('',(14.8186049980707,14.3644183067865,18.4615199482531));
#10469=CARTESIAN_POINT('',(14.8186049980707,14.3644183067865,18.4615199482531));
#10470=CARTESIAN_POINT('',(14.8186049980707,14.3644183067865,18.4615199482531));
#10471=CARTESIAN_POINT('Origin',(14.8186049980707,12.4234049706048,18.4696297562213));
#10472=CARTESIAN_POINT('',(14.8186049980707,12.7074091820306,18.4615199482531));
#10473=CARTESIAN_POINT('',(14.8186049980707,12.7114050774164,18.4696297562213));
#10474=CARTESIAN_POINT('',(14.8186049980707,12.7074091820306,18.4615199482531));
#10475=CARTESIAN_POINT('',(14.8186049980707,12.4234049706048,18.4696297562213));
#10476=CARTESIAN_POINT('',(14.8186049980707,12.4234049706048,18.4696297562213));
#10477=CARTESIAN_POINT('',(14.8186049980707,12.4234049706048,18.4696297562213));
#10478=CARTESIAN_POINT('Origin',(14.8186049980707,14.3794005302972,18.4615199482531));
#10479=CARTESIAN_POINT('',(14.8186049980707,14.3794005302972,18.4615199482531));
#10480=CARTESIAN_POINT('Origin',(14.8186049980707,14.3644183067865,18.4615199482531));
#10481=CARTESIAN_POINT('',(14.8186049980707,14.3644183067865,18.4615199482531));
#10482=CARTESIAN_POINT('Origin',(14.8301539940423,12.398418703515,17.1095197117419));
#10483=CARTESIAN_POINT('',(14.8301539940423,11.6634028343744,18.4615199482531));
#10484=CARTESIAN_POINT('',(14.8301539940423,11.6634028343744,18.4615199482531));
#10485=CARTESIAN_POINT('',(14.8301539940423,12.398418703515,17.1095197117419));
#10486=CARTESIAN_POINT('',(14.8301539940423,11.6634028343744,18.4615199482531));
#10487=CARTESIAN_POINT('',(14.8301539940423,12.398418703515,17.1095197117419));
#10488=CARTESIAN_POINT('Origin',(14.8186049980707,12.4214117912836,18.4615199482531));
#10489=CARTESIAN_POINT('',(14.8186049980707,12.4214117912836,18.4615199482531));
#10490=CARTESIAN_POINT('',(14.8186049980707,12.4214117912836,18.4615199482531));
#10491=CARTESIAN_POINT('',(14.8186049980707,12.4214117912836,18.4615199482531));
#10492=CARTESIAN_POINT('Origin',(14.8186049980707,12.4214117912836,18.4615199482531));
#10493=CARTESIAN_POINT('',(14.8186049980707,12.4184077171869,18.4615199482531));
#10494=CARTESIAN_POINT('',(14.8186049980707,12.4184077171869,18.4615199482531));
#10495=CARTESIAN_POINT('',(14.8186049980707,12.4184077171869,18.4615199482531));
#10496=CARTESIAN_POINT('Origin',(14.8186049980707,12.4184077171869,18.4615199482531));
#10497=CARTESIAN_POINT('',(14.8186049980707,11.3654082207269,18.4696297562213));
#10498=CARTESIAN_POINT('',(14.8186049980707,11.3654082207269,18.4696297562213));
#10499=CARTESIAN_POINT('',(14.8186049980707,11.3654082207269,18.4696297562213));
#10500=CARTESIAN_POINT('Origin',(14.8186049980707,12.4184077171869,18.4615199482531));
#10501=CARTESIAN_POINT('',(14.8186049980707,11.6804163841791,18.4615199482531));
#10502=CARTESIAN_POINT('',(14.8186049980707,11.3654082207269,18.4696297562213));
#10503=CARTESIAN_POINT('',(14.8186049980707,11.6804163841791,18.4615199482531));
#10504=CARTESIAN_POINT('Origin',(14.8186049980707,11.6804163841791,18.4615199482531));
#10505=CARTESIAN_POINT('',(14.8186049980707,11.6654055504388,18.4615199482531));
#10506=CARTESIAN_POINT('',(14.8186049980707,11.3654082207269,18.4696297562213));
#10507=CARTESIAN_POINT('',(14.8186049980707,11.6654055504388,18.4615199482531));
#10508=CARTESIAN_POINT('Origin',(14.8186049980707,11.6654055504388,18.4615199482531));
#10509=CARTESIAN_POINT('',(14.8186049980707,11.6574137596673,18.4615199482531));
#10510=CARTESIAN_POINT('',(14.8186049980707,11.3654082207269,18.4696297562213));
#10511=CARTESIAN_POINT('',(14.8186049980707,11.6574137596673,18.4615199482531));
#10512=CARTESIAN_POINT('Origin',(14.8186049980707,11.6544096855707,18.4615199482531));
#10513=CARTESIAN_POINT('',(14.8186049980707,11.577410021264,18.4615199482531));
#10514=CARTESIAN_POINT('',(14.8186049980707,11.577410021264,18.4615199482531));
#10515=CARTESIAN_POINT('',(14.8186049980707,11.6544096855707,18.4615199482531));
#10516=CARTESIAN_POINT('',(14.8186049980707,11.6544096855707,18.4615199482531));
#10517=CARTESIAN_POINT('',(14.8186049980707,11.577410021264,18.4615199482531));
#10518=CARTESIAN_POINT('Origin',(14.8186049980707,11.577410021264,18.4615199482531));
#10519=CARTESIAN_POINT('',(14.8301539940423,11.5854113487787,18.4615199482531));
#10520=CARTESIAN_POINT('',(14.8301539940423,11.5854113487787,18.4615199482531));
#10521=CARTESIAN_POINT('',(14.8186049980707,11.577410021264,18.4615199482531));
#10522=CARTESIAN_POINT('Origin',(14.8186049980707,11.5764086632318,18.4615199482531));
#10523=CARTESIAN_POINT('',(14.8186049980707,11.5724127678461,18.4615199482531));
#10524=CARTESIAN_POINT('',(14.8186049980707,11.3654082207269,18.4696297562213));
#10525=CARTESIAN_POINT('',(14.8186049980707,11.5764086632318,18.4615199482531));
#10526=CARTESIAN_POINT('',(14.8186049980707,11.5724127678461,18.4615199482531));
#10527=CARTESIAN_POINT('',(14.8186049980707,11.3654082207269,18.4696297562213));
#10528=CARTESIAN_POINT('Origin',(14.8186049980707,11.5724127678461,18.4615199482531));
#10529=CARTESIAN_POINT('',(14.8186049980707,11.3864081291742,18.4615199482531));
#10530=CARTESIAN_POINT('',(14.8186049980707,11.3654082207269,18.4696297562213));
#10531=CARTESIAN_POINT('',(14.8186049980707,11.3864081291742,18.4615199482531));
#10532=CARTESIAN_POINT('Origin',(14.8186049980707,11.3864081291742,18.4615199482531));
#10533=CARTESIAN_POINT('',(14.8186049980707,11.3694041161127,18.4615199482531));
#10534=CARTESIAN_POINT('',(14.8186049980707,11.3654082207269,18.4696297562213));
#10535=CARTESIAN_POINT('',(14.8186049980707,11.3694041161127,18.4615199482531));
#10536=CARTESIAN_POINT('Origin',(14.8186049980707,11.3694041161127,18.4615199482531));
#10537=CARTESIAN_POINT('',(14.8186049980707,11.3674109367914,18.4615199482531));
#10538=CARTESIAN_POINT('',(14.8186049980707,11.3654082207269,18.4696297562213));
#10539=CARTESIAN_POINT('',(14.8186049980707,11.3674109367914,18.4615199482531));
#10540=CARTESIAN_POINT('Origin',(14.8186049980707,11.0844080833978,18.4615199482531));
#10541=CARTESIAN_POINT('',(14.8186049980707,11.0844080833978,18.4615199482531));
#10542=CARTESIAN_POINT('',(14.8186049980707,11.0844080833978,18.4615199482531));
#10543=CARTESIAN_POINT('',(14.8186049980707,11.0844080833978,18.4615199482531));
#10544=CARTESIAN_POINT('Origin',(14.8186049980707,11.0804026512689,18.4696297562213));
#10545=CARTESIAN_POINT('',(14.8186049980707,11.0804026512689,18.4696297562213));
#10546=CARTESIAN_POINT('',(14.8186049980707,11.0804026512689,18.4696297562213));
#10547=CARTESIAN_POINT('',(14.8186049980707,11.0804026512689,18.4696297562213));
#10548=CARTESIAN_POINT('Origin',(14.8186049980707,11.0694163231439,18.4615199482531));
#10549=CARTESIAN_POINT('',(14.8186049980707,11.0694163231439,18.4615199482531));
#10550=CARTESIAN_POINT('',(14.8186049980707,11.0694163231439,18.4615199482531));
#10551=CARTESIAN_POINT('',(14.8186049980707,11.0694163231439,18.4615199482531));
#10552=CARTESIAN_POINT('Origin',(14.8186049980707,11.0694163231439,18.4615199482531));
#10553=CARTESIAN_POINT('',(14.8186049980707,9.38041142507262,18.4696297562213));
#10554=CARTESIAN_POINT('',(14.8186049980707,9.38041142507262,18.4696297562213));
#10555=CARTESIAN_POINT('Origin',(14.8186049980707,11.0694163231439,18.4615199482531));
#10556=CARTESIAN_POINT('',(14.8186049980707,9.38041142507262,18.4615199482531));
#10557=CARTESIAN_POINT('',(14.8186049980707,9.38041142507262,18.4615199482531));
#10558=CARTESIAN_POINT('',(14.8186049980707,9.38041142507262,18.4615199482531));
#10559=CARTESIAN_POINT('Origin',(14.8186049980707,9.38041142507262,18.4615199482531));
#10560=CARTESIAN_POINT('',(14.6921573204584,9.20340947194762,18.4615199482531));
#10561=CARTESIAN_POINT('',(14.8301539940423,9.20340947194762,18.4615199482531));
#10562=CARTESIAN_POINT('',(14.6921573204584,9.20340947194762,18.4615199482531));
#10563=CARTESIAN_POINT('',(14.8186049980707,9.38041142507262,18.4615199482531));
#10564=CARTESIAN_POINT('',(14.6921573204584,9.20340947194762,18.4615199482531));
#10565=CARTESIAN_POINT('Origin',(14.8301539940423,9.20340947194762,18.4615199482531));
#10566=CARTESIAN_POINT('',(14.8301539940423,9.20340947194762,15.7555203354449));
#10567=CARTESIAN_POINT('',(14.8301539940423,10.3944056419916,15.7555203354449));
#10568=CARTESIAN_POINT('',(14.8301539940423,9.20340947194762,15.7555203354449));
#10569=CARTESIAN_POINT('',(14.8301539940423,9.20340947194762,18.4615199482531));
#10570=CARTESIAN_POINT('',(14.8301539940423,9.20340947194762,15.7555203354449));
#10571=CARTESIAN_POINT('Origin',(14.8301539940423,12.3374121574945,17.1095197117419));
#10572=CARTESIAN_POINT('',(14.8301539940423,13.0914061455316,15.7555203354449));
#10573=CARTESIAN_POINT('',(14.8301539940423,10.3944056419916,15.7555203354449));
#10574=CARTESIAN_POINT('',(14.8301539940423,12.3374121574945,17.1095197117419));
#10575=CARTESIAN_POINT('',(14.8301539940423,12.3374121574945,17.1095197117419));
#10576=CARTESIAN_POINT('',(14.8301539940423,10.3944056419916,15.7555203354449));
#10577=CARTESIAN_POINT('Origin',(14.8301539940423,12.3784106163568,17.1095197117419));
#10578=CARTESIAN_POINT('',(14.8301539940423,12.3784106163568,17.1095197117419));
#10579=CARTESIAN_POINT('',(14.8301539940423,11.6634028343744,18.4615199482531));
#10580=CARTESIAN_POINT('',(14.8301539940423,12.3784106163568,17.1095197117419));
#10581=CARTESIAN_POINT('Origin',(14.8301539940423,13.1304114250726,15.7555203354449));
#10582=CARTESIAN_POINT('',(14.8301539940423,13.8634150414056,17.1095197117419));
#10583=CARTESIAN_POINT('',(14.8301539940423,12.398418703515,17.1095197117419));
#10584=CARTESIAN_POINT('',(14.8301539940423,13.1304114250726,15.7555203354449));
#10585=CARTESIAN_POINT('',(14.8301539940423,12.398418703515,17.1095197117419));
#10586=CARTESIAN_POINT('',(14.8301539940423,13.1304114250726,15.7555203354449));
#10587=CARTESIAN_POINT('Origin',(14.8301539940423,13.0914061455316,15.7555203354449));
#10588=CARTESIAN_POINT('',(14.8301539940423,11.9004004387445,13.0515198624224));
#10589=CARTESIAN_POINT('',(14.8301539940423,13.8443987755365,14.4035200989337));
#10590=CARTESIAN_POINT('',(14.8301539940423,11.9004004387445,13.0515198624224));
#10591=CARTESIAN_POINT('',(14.8301539940423,13.0914061455316,15.7555203354449));
#10592=CARTESIAN_POINT('',(14.8301539940423,11.9004004387445,13.0515198624224));
#10593=CARTESIAN_POINT('Origin',(14.8301539940423,13.8634150414056,17.1095197117419));
#10594=CARTESIAN_POINT('',(14.8301539940423,13.8634150414056,17.1095197117419));
#10595=CARTESIAN_POINT('Origin',(14.8301539940423,14.5964091209955,15.7555203354449));
#10596=CARTESIAN_POINT('',(14.8301539940423,13.8634150414056,17.1095197117419));
#10597=CARTESIAN_POINT('Origin',(14.8301539940423,13.8634150414056,17.1095197117419));
#10598=CARTESIAN_POINT('',(14.8301539940423,13.1304114250726,15.7555203354449));
#10599=CARTESIAN_POINT('Origin',(14.8301539940423,13.8634150414056,14.4035200989337));
#10600=CARTESIAN_POINT('',(14.8301539940423,13.8634150414056,14.4035200989337));
#10601=CARTESIAN_POINT('',(14.8301539940423,13.1304114250726,15.7555203354449));
#10602=CARTESIAN_POINT('',(14.8301539940423,13.8634150414056,14.4035200989337));
#10603=CARTESIAN_POINT('Origin',(14.8301539940423,13.8443987755365,14.4035200989337));
#10604=CARTESIAN_POINT('',(14.8301539940423,14.5964091209955,13.0515198624224));
#10605=CARTESIAN_POINT('',(14.8301539940423,11.9004004387445,13.0515198624224));
#10606=CARTESIAN_POINT('',(14.8301539940423,13.8443987755365,14.4035200989337));
#10607=CARTESIAN_POINT('Origin',(14.8301539940423,14.5964091209955,13.0515198624224));
#10608=CARTESIAN_POINT('',(12.2341666740961,14.5964091209955,13.0515198624224));
#10609=CARTESIAN_POINT('',(13.5321651024408,14.5964091209955,15.0435202038378));
#10610=CARTESIAN_POINT('',(12.2341666740961,14.5964091209955,13.0515198624224));
#10611=CARTESIAN_POINT('',(13.5321651024408,14.5964091209955,15.0435202038378));
#10612=CARTESIAN_POINT('',(12.2341666740961,14.5964091209955,13.0515198624224));
#10613=CARTESIAN_POINT('Origin',(12.2341666740961,13.5993998436517,15.0435202038378));
#10614=CARTESIAN_POINT('',(12.2341666740961,14.5964091209955,15.0435202038378));
#10615=CARTESIAN_POINT('',(12.2341666740961,14.5964091209955,15.0435202038378));
#10616=CARTESIAN_POINT('',(12.2341666740961,13.5993998436517,15.0435202038378));
#10617=CARTESIAN_POINT('Origin',(12.2341666740961,13.5993998436517,15.0435202038378));
#10618=CARTESIAN_POINT('',(12.2341666740961,12.6014178185052,13.0515198624224));
#10619=CARTESIAN_POINT('',(12.2341666740961,12.6014178185052,15.0435202038378));
#10620=CARTESIAN_POINT('',(12.2341666740961,12.6014178185052,13.0515198624224));
#10621=CARTESIAN_POINT('',(12.2341666740961,12.6014178185052,15.0435202038378));
#10622=CARTESIAN_POINT('',(12.2341666740961,12.6014178185052,13.0515198624224));
#10623=CARTESIAN_POINT('Origin',(12.2341666740961,14.5964091209955,13.0515198624224));
#10624=CARTESIAN_POINT('',(13.7821708244867,12.6014178185052,13.0515198624224));
#10625=CARTESIAN_POINT('',(13.7821708244867,12.6014178185052,13.0515198624224));
#10626=CARTESIAN_POINT('',(12.2341666740961,14.5964091209955,13.0515198624224));
#10627=CARTESIAN_POINT('Origin',(13.7821708244867,12.6014178185052,13.0515198624224));
#10628=CARTESIAN_POINT('',(13.0081687492914,12.6014178185052,15.0435202038378));
#10629=CARTESIAN_POINT('',(13.7821708244867,12.6014178185052,15.0435202038378));
#10630=CARTESIAN_POINT('',(13.0081687492914,12.6014178185052,15.0435202038378));
#10631=CARTESIAN_POINT('',(13.0081687492914,12.6014178185052,15.0435202038378));
#10632=CARTESIAN_POINT('',(13.7821708244867,12.6014178185052,13.0515198624224));
#10633=CARTESIAN_POINT('Origin',(13.7821708244867,11.9004004387445,15.0435202038378));
#10634=CARTESIAN_POINT('',(13.7821708244867,11.9004004387445,15.0435202038378));
#10635=CARTESIAN_POINT('',(13.7821708244867,11.9004004387445,15.0435202038378));
#10636=CARTESIAN_POINT('',(13.7821708244867,11.9004004387445,15.0435202038378));
#10637=CARTESIAN_POINT('Origin',(13.7821708244867,11.9004004387445,15.0435202038378));
#10638=CARTESIAN_POINT('',(13.7821708244867,11.1974089531488,15.0435202038378));
#10639=CARTESIAN_POINT('',(13.7821708244867,11.1974089531488,17.037519685039));
#10640=CARTESIAN_POINT('',(13.7821708244867,11.1974089531488,15.0435202038378));
#10641=CARTESIAN_POINT('',(13.7821708244867,11.1974089531488,17.037519685039));
#10642=CARTESIAN_POINT('',(13.7821708244867,11.1974089531488,15.0435202038378));
#10643=CARTESIAN_POINT('Origin',(13.7821708244867,11.1974089531488,15.0435202038378));
#10644=CARTESIAN_POINT('',(13.0081687492914,11.1974089531488,15.0435202038378));
#10645=CARTESIAN_POINT('',(13.0081687492914,11.1974089531488,15.0435202038378));
#10646=CARTESIAN_POINT('',(13.0081687492914,11.1974089531488,15.0435202038378));
#10647=CARTESIAN_POINT('Origin',(12.2341666740961,10.2014105705804,15.0435202038378));
#10648=CARTESIAN_POINT('',(12.2341666740961,11.1974089531488,15.0435202038378));
#10649=CARTESIAN_POINT('',(12.2341666740961,11.1974089531488,15.0435202038378));
#10650=CARTESIAN_POINT('',(12.2341666740961,10.2014105705804,15.0435202038378));
#10651=CARTESIAN_POINT('Origin',(13.7821708244867,11.1974089531488,13.0515198624224));
#10652=CARTESIAN_POINT('',(12.2341666740961,11.1974089531488,13.0515198624224));
#10653=CARTESIAN_POINT('',(12.2341666740961,11.1974089531488,13.0515198624224));
#10654=CARTESIAN_POINT('',(13.7821708244867,11.1974089531488,13.0515198624224));
#10655=CARTESIAN_POINT('',(13.0081687492914,11.1974089531488,15.0435202038378));
#10656=CARTESIAN_POINT('',(12.2341666740961,11.1974089531488,13.0515198624224));
#10657=CARTESIAN_POINT('Origin',(12.2341666740961,10.2014105705804,15.0435202038378));
#10658=CARTESIAN_POINT('',(12.2341666740961,9.20340947194762,13.0515198624224));
#10659=CARTESIAN_POINT('',(12.2341666740961,9.20340947194762,15.0435202038378));
#10660=CARTESIAN_POINT('',(12.2341666740961,9.20340947194762,13.0515198624224));
#10661=CARTESIAN_POINT('',(12.2341666740961,9.20340947194762,15.0435202038378));
#10662=CARTESIAN_POINT('',(12.2341666740961,9.20340947194762,13.0515198624224));
#10663=CARTESIAN_POINT('Origin',(13.0081687492914,11.1974089531488,15.0435202038378));
#10664=CARTESIAN_POINT('',(13.7821708244867,11.1974089531488,13.0515198624224));
#10665=CARTESIAN_POINT('Origin',(13.7821708244867,11.9004004387445,15.0435202038378));
#10666=CARTESIAN_POINT('',(13.7821708244867,11.1974089531488,13.0515198624224));
#10667=CARTESIAN_POINT('Origin',(13.7821708244867,12.6014178185052,13.0515198624224));
#10668=CARTESIAN_POINT('',(13.7821708244867,11.1974089531488,13.0515198624224));
#10669=CARTESIAN_POINT('Origin',(14.3061576408929,12.8974097160882,13.0515198624224));
#10670=CARTESIAN_POINT('',(14.3061576408929,12.8974097160882,13.0515198624224));
#10671=CARTESIAN_POINT('',(13.7821708244867,12.6014178185052,13.0515198624224));
#10672=CARTESIAN_POINT('',(13.7821708244867,11.1974089531488,13.0515198624224));
#10673=CARTESIAN_POINT('Origin',(13.7821708244867,12.6014178185052,13.0515198624224));
#10674=CARTESIAN_POINT('',(14.3061576408929,12.8974097160882,13.0515198624224));
#10675=CARTESIAN_POINT('Origin',(14.3061576408929,12.8974097160882,13.0515198624224));
#10676=CARTESIAN_POINT('',(14.3061576408929,12.8974097160882,13.0515198624224));
#10677=CARTESIAN_POINT('Origin',(14.8301539940423,11.9004004387445,13.0515198624224));
#10678=CARTESIAN_POINT('',(13.7821708244867,11.1974089531488,13.0515198624224));
#10679=CARTESIAN_POINT('Origin',(13.7821708244867,11.1974089531488,13.0515198624224));
#10680=CARTESIAN_POINT('',(14.8301539940423,9.20340947194762,13.0515198624224));
#10681=CARTESIAN_POINT('',(14.8301539940423,9.20340947194762,13.0515198624224));
#10682=CARTESIAN_POINT('',(13.7821708244867,11.1974089531488,13.0515198624224));
#10683=CARTESIAN_POINT('Origin',(14.8301539940423,9.20340947194762,13.0515198624224));
#10684=CARTESIAN_POINT('',(13.5321651024408,9.20340947194762,15.0435202038378));
#10685=CARTESIAN_POINT('',(14.7621665520257,9.20340947194762,15.7555203354449));
#10686=CARTESIAN_POINT('',(13.5321651024408,9.20340947194762,15.0435202038378));
#10687=CARTESIAN_POINT('',(13.5321651024408,9.20340947194762,15.0435202038378));
#10688=CARTESIAN_POINT('',(14.7621665520257,9.20340947194762,15.7555203354449));
#10689=CARTESIAN_POINT('Origin',(14.5665488762445,9.38041142507262,18.4615199482531));
#10690=CARTESIAN_POINT('',(12.8561625999994,9.20340947194762,18.4615199482531));
#10691=CARTESIAN_POINT('',(12.8561625999994,9.20340947194762,18.4615199482531));
#10692=CARTESIAN_POINT('',(14.5665488762445,9.38041142507262,18.4615199482531));
#10693=CARTESIAN_POINT('',(14.5665488762445,9.38041142507262,18.4615199482531));
#10694=CARTESIAN_POINT('',(12.8561625999994,9.20340947194762,18.4615199482531));
#10695=CARTESIAN_POINT('Origin',(12.5776992363519,9.38041142507262,18.4615199482531));
#10696=CARTESIAN_POINT('',(12.9337821526117,9.38041142507262,18.4615199482531));
#10697=CARTESIAN_POINT('',(12.8561625999994,9.20340947194762,18.4615199482531));
#10698=CARTESIAN_POINT('',(12.5776992363519,9.38041142507262,18.4615199482531));
#10699=CARTESIAN_POINT('',(12.5776992363519,9.38041142507262,18.4615199482531));
#10700=CARTESIAN_POINT('',(12.5776992363519,9.38041142507262,18.4615199482531));
#10701=CARTESIAN_POINT('Origin',(12.143252901513,9.38041142507262,18.4615199482531));
#10702=CARTESIAN_POINT('',(12.1379313988275,9.38041142507262,18.4615199482531));
#10703=CARTESIAN_POINT('',(11.9281611961908,9.20340947194762,18.4615199482531));
#10704=CARTESIAN_POINT('',(12.143252901513,9.38041142507262,18.4615199482531));
#10705=CARTESIAN_POINT('',(11.9281611961908,9.20340947194762,18.4615199482531));
#10706=CARTESIAN_POINT('',(12.1379313988275,9.38041142507262,18.4615199482531));
#10707=CARTESIAN_POINT('Origin',(12.0782790703363,9.38041142507262,18.4615199482531));
#10708=CARTESIAN_POINT('',(12.0711265129632,9.38041142507262,18.4615199482531));
#10709=CARTESIAN_POINT('',(10.9605536980218,9.38041142507262,18.4696297562213));
#10710=CARTESIAN_POINT('',(12.0782790703363,9.38041142507262,18.4615199482531));
#10711=CARTESIAN_POINT('',(12.0711265129632,9.38041142507262,18.4615199482531));
#10712=CARTESIAN_POINT('',(10.9605536980218,9.38041142507262,18.4696297562213));
#10713=CARTESIAN_POINT('Origin',(12.0711265129632,9.38041142507262,18.4615199482531));
#10714=CARTESIAN_POINT('',(11.9676528496332,9.38041142507262,18.4615199482531));
#10715=CARTESIAN_POINT('',(10.9605536980218,9.38041142507262,18.4696297562213));
#10716=CARTESIAN_POINT('',(11.9676528496332,9.38041142507262,18.4615199482531));
#10717=CARTESIAN_POINT('Origin',(10.9578071159906,9.38041142507262,18.4615199482531));
#10718=CARTESIAN_POINT('',(10.9578071159906,9.38041142507262,18.4615199482531));
#10719=CARTESIAN_POINT('Origin',(10.9578071159906,9.38041142507262,18.4615199482531));
#10720=CARTESIAN_POINT('',(11.8581615013666,9.20340947194762,18.4615199482531));
#10721=CARTESIAN_POINT('Origin',(11.9676528496332,9.38041142507262,18.4615199482531));
#10722=CARTESIAN_POINT('',(11.8581615013666,9.20340947194762,18.4615199482531));
#10723=CARTESIAN_POINT('Origin',(12.0782790703363,9.38041142507262,18.4615199482531));
#10724=CARTESIAN_POINT('',(11.8581615013666,9.20340947194762,18.4615199482531));
#10725=CARTESIAN_POINT('Origin',(11.9281611961908,9.20340947194762,18.4615199482531));
#10726=CARTESIAN_POINT('',(11.9281611961908,9.20340947194762,18.4615199482531));
#10727=CARTESIAN_POINT('Origin',(11.9281611961908,9.20340947194762,18.4615199482531));
#10728=CARTESIAN_POINT('',(12.0782790703363,9.38041142507262,18.4615199482531));
#10729=CARTESIAN_POINT('Origin',(12.1379313988275,9.38041142507262,18.4615199482531));
#10730=CARTESIAN_POINT('',(10.9605536980218,9.38041142507262,18.4696297562213));
#10731=CARTESIAN_POINT('Origin',(12.143252901513,9.38041142507262,18.4615199482531));
#10732=CARTESIAN_POINT('',(10.9605536980218,9.38041142507262,18.4696297562213));
#10733=CARTESIAN_POINT('Origin',(12.2711024803705,9.38041142507262,18.4615199482531));
#10734=CARTESIAN_POINT('',(12.143252901513,9.38041142507262,18.4615199482531));
#10735=CARTESIAN_POINT('Origin',(12.2711024803705,9.38041142507262,18.4615199482531));
#10736=CARTESIAN_POINT('',(11.9281611961908,9.20340947194762,18.4615199482531));
#10737=CARTESIAN_POINT('Origin',(12.3007426781244,9.38041142507262,18.4615199482531));
#10738=CARTESIAN_POINT('',(12.3007426781244,9.38041142507262,18.4615199482531));
#10739=CARTESIAN_POINT('',(11.9281611961908,9.20340947194762,18.4615199482531));
#10740=CARTESIAN_POINT('',(12.2711024803705,9.38041142507262,18.4615199482531));
#10741=CARTESIAN_POINT('Origin',(12.3007426781244,9.38041142507262,18.4615199482531));
#10742=CARTESIAN_POINT('',(12.300370745141,9.38041142507262,18.4696297562213));
#10743=CARTESIAN_POINT('Origin',(12.4164138359613,9.38041142507262,18.4615199482531));
#10744=CARTESIAN_POINT('',(12.3007426781244,9.38041142507262,18.4615199482531));
#10745=CARTESIAN_POINT('Origin',(12.4164138359613,9.38041142507262,18.4615199482531));
#10746=CARTESIAN_POINT('',(11.9281611961908,9.20340947194762,18.4615199482531));
#10747=CARTESIAN_POINT('Origin',(12.4164138359613,9.38041142507262,18.4615199482531));
#10748=CARTESIAN_POINT('',(12.4164138359613,9.38041142507262,18.4615199482531));
#10749=CARTESIAN_POINT('Origin',(12.5714908165521,9.38041142507262,18.4615199482531));
#10750=CARTESIAN_POINT('',(11.9281611961908,9.20340947194762,18.4615199482531));
#10751=CARTESIAN_POINT('Origin',(12.9337821526117,9.38041142507262,18.4615199482531));
#10752=CARTESIAN_POINT('',(13.0025039238519,9.38041142507262,18.4615199482531));
#10753=CARTESIAN_POINT('',(12.8561625999994,9.20340947194762,18.4615199482531));
#10754=CARTESIAN_POINT('',(12.9337821526117,9.38041142507262,18.4615199482531));
#10755=CARTESIAN_POINT('Origin',(14.5665488762445,9.38041142507262,18.4615199482531));
#10756=CARTESIAN_POINT('',(14.7023807091302,9.38041142507262,18.4615199482531));
#10757=CARTESIAN_POINT('',(14.6921573204584,9.20340947194762,18.4615199482531));
#10758=CARTESIAN_POINT('',(14.5665488762445,9.38041142507262,18.4615199482531));
#10759=CARTESIAN_POINT('Origin',(14.8054061455316,9.38041142507262,18.4615199482531));
#10760=CARTESIAN_POINT('',(14.8054061455316,9.38041142507262,18.4615199482531));
#10761=CARTESIAN_POINT('Origin',(14.8186049980707,9.38041142507262,18.4615199482531));
#10762=CARTESIAN_POINT('',(14.6921573204584,9.20340947194762,18.4615199482531));
#10763=CARTESIAN_POINT('Origin',(14.8054061455316,9.38041142507262,18.4615199482531));
#10764=CARTESIAN_POINT('',(14.7023807091302,9.38041142507262,18.4615199482531));
#10765=CARTESIAN_POINT('Origin',(14.8054061455316,9.38041142507262,18.4615199482531));
#10766=CARTESIAN_POINT('',(13.2935367149896,9.38041142507262,18.4696297562213));
#10767=CARTESIAN_POINT('Origin',(14.7023807091302,9.38041142507262,18.4615199482531));
#10768=CARTESIAN_POINT('',(13.2935367149896,9.38041142507262,18.4696297562213));
#10769=CARTESIAN_POINT('Origin',(13.2900558037347,9.38041142507262,18.4615199482531));
#10770=CARTESIAN_POINT('',(13.2900558037347,9.38041142507262,18.4615199482531));
#10771=CARTESIAN_POINT('Origin',(14.5665488762445,9.38041142507262,18.4615199482531));
#10772=CARTESIAN_POINT('',(12.8561625999994,9.20340947194762,18.4615199482531));
#10773=CARTESIAN_POINT('Origin',(13.2900558037347,9.38041142507262,18.4615199482531));
#10774=CARTESIAN_POINT('',(13.0025039238519,9.38041142507262,18.4615199482531));
#10775=CARTESIAN_POINT('Origin',(13.2900558037347,9.38041142507262,18.4615199482531));
#10776=CARTESIAN_POINT('',(12.5765834374017,9.38041142507262,18.4696297562213));
#10777=CARTESIAN_POINT('Origin',(13.0025039238519,9.38041142507262,18.4615199482531));
#10778=CARTESIAN_POINT('',(12.5765834374017,9.38041142507262,18.4696297562213));
#10779=CARTESIAN_POINT('Origin',(12.9337821526117,9.38041142507262,18.4615199482531));
#10780=CARTESIAN_POINT('',(12.5765834374017,9.38041142507262,18.4696297562213));
#10781=CARTESIAN_POINT('Origin',(12.5714908165521,9.38041142507262,18.4615199482531));
#10782=CARTESIAN_POINT('',(12.5714908165521,9.38041142507262,18.4615199482531));
#10783=CARTESIAN_POINT('Origin',(12.5776992363519,9.38041142507262,18.4615199482531));
#10784=CARTESIAN_POINT('',(11.9281611961908,9.20340947194762,18.4615199482531));
#10785=CARTESIAN_POINT('Origin',(12.5776992363519,9.38041142507262,18.4615199482531));
#10786=CARTESIAN_POINT('',(11.9281611961908,9.20340947194762,18.4615199482531));
#10787=CARTESIAN_POINT('Origin',(12.2341666740961,9.20340947194762,17.037519685039));
#10788=CARTESIAN_POINT('',(12.2341666740961,9.20340947194762,17.037519685039));
#10789=CARTESIAN_POINT('Origin',(12.2341666740961,9.20340947194762,17.037519685039));
#10790=CARTESIAN_POINT('',(12.2341666740961,9.20340947194762,17.037519685039));
#10791=CARTESIAN_POINT('Origin',(14.8301539940423,11.1484091667718,14.4035200989337));
#10792=CARTESIAN_POINT('',(14.8301539940423,11.1484091667718,14.4035200989337));
#10793=CARTESIAN_POINT('',(14.8301539940423,11.1484091667718,14.4035200989337));
#10794=CARTESIAN_POINT('',(14.8301539940423,9.20340947194762,13.0515198624224));
#10795=CARTESIAN_POINT('Origin',(14.8301539940423,11.9004004387445,13.0515198624224));
#10796=CARTESIAN_POINT('',(14.8301539940423,11.1484091667718,14.4035200989337));
#10797=CARTESIAN_POINT('Origin',(14.8301539940423,11.1484091667718,14.4035200989337));
#10798=CARTESIAN_POINT('',(14.8301539940423,10.3944056419916,15.7555203354449));
#10799=CARTESIAN_POINT('Origin',(14.8301539940423,10.3944056419916,15.7555203354449));
#10800=CARTESIAN_POINT('',(14.8301539940423,9.20340947194762,13.0515198624224));
#10801=CARTESIAN_POINT('Origin',(14.8301539940423,9.20340947194762,15.7555203354449));
#10802=CARTESIAN_POINT('',(14.8301539940423,9.20340947194762,13.0515198624224));
#10803=CARTESIAN_POINT('Origin',(14.8301539940423,9.20340947194762,13.0515198624224));
#10804=CARTESIAN_POINT('',(14.7621665520257,9.20340947194762,15.7555203354449));
#10805=CARTESIAN_POINT('Origin',(14.8301539940423,9.20340947194762,18.4615199482531));
#10806=CARTESIAN_POINT('',(14.7621665520257,9.20340947194762,15.7555203354449));
#10807=CARTESIAN_POINT('Origin',(14.7621665520257,9.20340947194762,15.7555203354449));
#10808=CARTESIAN_POINT('',(14.6921573204584,9.20340947194762,18.4615199482531));
#10809=CARTESIAN_POINT('Origin',(14.7621665520257,9.20340947194762,15.7555203354449));
#10810=CARTESIAN_POINT('',(12.2341666740961,9.20340947194762,17.037519685039));
#10811=CARTESIAN_POINT('Origin',(12.2341666740961,9.20340947194762,17.037519685039));
#10812=CARTESIAN_POINT('',(12.2341666740961,9.20340947194762,17.037519685039));
#10813=CARTESIAN_POINT('Origin',(12.2341666740961,10.2014105705804,15.0435202038378));
#10814=CARTESIAN_POINT('',(12.2341666740961,9.20340947194762,15.0435202038378));
#10815=CARTESIAN_POINT('Origin',(12.2341666740961,9.20340947194762,17.037519685039));
#10816=CARTESIAN_POINT('',(12.2341666740961,9.20340947194762,15.0435202038378));
#10817=CARTESIAN_POINT('Origin',(12.2341666740961,9.20340947194762,13.0515198624224));
#10818=CARTESIAN_POINT('',(12.2341666740961,9.20340947194762,13.0515198624224));
#10819=CARTESIAN_POINT('Origin',(13.5321651024408,9.20340947194762,15.0435202038378));
#10820=CARTESIAN_POINT('',(12.2341666740961,9.20340947194762,13.0515198624224));
#10821=CARTESIAN_POINT('Origin',(14.8301539940423,9.20340947194762,13.0515198624224));
#10822=CARTESIAN_POINT('',(12.2341666740961,9.20340947194762,13.0515198624224));
#10823=CARTESIAN_POINT('Origin',(13.7821708244867,11.1974089531488,13.0515198624224));
#10824=CARTESIAN_POINT('',(12.2341666740961,9.20340947194762,13.0515198624224));
#10825=CARTESIAN_POINT('Origin',(12.2341666740961,11.1974089531488,13.0515198624224));
#10826=CARTESIAN_POINT('',(12.2341666740961,10.2014105705804,15.0435202038378));
#10827=CARTESIAN_POINT('Origin',(12.2341666740961,10.2014105705804,15.0435202038378));
#10828=CARTESIAN_POINT('',(12.2341666740961,11.1974089531488,13.0515198624224));
#10829=CARTESIAN_POINT('Origin',(12.2341666740961,11.1974089531488,15.0435202038378));
#10830=CARTESIAN_POINT('',(12.2341666740961,11.1974089531488,15.0435202038378));
#10831=CARTESIAN_POINT('Origin',(13.0081687492914,11.1974089531488,15.0435202038378));
#10832=CARTESIAN_POINT('',(12.2341666740961,11.1974089531488,17.037519685039));
#10833=CARTESIAN_POINT('Origin',(12.2341666740961,11.1974089531488,17.037519685039));
#10834=CARTESIAN_POINT('',(12.2341666740961,11.1974089531488,17.037519685039));
#10835=CARTESIAN_POINT('Origin',(12.2341666740961,11.1974089531488,17.037519685039));
#10836=CARTESIAN_POINT('',(13.7821708244867,11.1974089531488,17.037519685039));
#10837=CARTESIAN_POINT('Origin',(13.7821708244867,11.1974089531488,17.037519685039));
#10838=CARTESIAN_POINT('',(13.7821708244867,11.9004004387445,15.0435202038378));
#10839=CARTESIAN_POINT('Origin',(13.7821708244867,11.9004004387445,15.0435202038378));
#10840=CARTESIAN_POINT('',(13.7821708244867,12.6014178185052,15.0435202038378));
#10841=CARTESIAN_POINT('Origin',(13.7821708244867,12.6014178185052,17.037519685039));
#10842=CARTESIAN_POINT('',(13.0081687492914,12.6014178185052,15.0435202038378));
#10843=CARTESIAN_POINT('Origin',(13.0081687492914,12.6014178185052,15.0435202038378));
#10844=CARTESIAN_POINT('',(12.2341666740961,12.6014178185052,17.037519685039));
#10845=CARTESIAN_POINT('Origin',(12.2341666740961,13.5993998436517,15.0435202038378));
#10846=CARTESIAN_POINT('',(12.2341666740961,12.6014178185052,15.0435202038378));
#10847=CARTESIAN_POINT('Origin',(12.2341666740961,12.6014178185052,17.037519685039));
#10848=CARTESIAN_POINT('',(12.2341666740961,12.6014178185052,15.0435202038378));
#10849=CARTESIAN_POINT('Origin',(12.2341666740961,12.6014178185052,13.0515198624224));
#10850=CARTESIAN_POINT('',(12.2341666740961,12.6014178185052,13.0515198624224));
#10851=CARTESIAN_POINT('Origin',(13.0081687492914,12.6014178185052,15.0435202038378));
#10852=CARTESIAN_POINT('',(12.2341666740961,12.6014178185052,13.0515198624224));
#10853=CARTESIAN_POINT('Origin',(13.7821708244867,12.6014178185052,13.0515198624224));
#10854=CARTESIAN_POINT('',(12.2341666740961,12.6014178185052,13.0515198624224));
#10855=CARTESIAN_POINT('Origin',(12.2341666740961,14.5964091209955,13.0515198624224));
#10856=CARTESIAN_POINT('',(12.2341666740961,13.5993998436517,15.0435202038378));
#10857=CARTESIAN_POINT('Origin',(12.2341666740961,13.5993998436517,15.0435202038378));
#10858=CARTESIAN_POINT('',(12.2341666740961,14.5964091209955,13.0515198624224));
#10859=CARTESIAN_POINT('Origin',(12.2341666740961,14.5964091209955,15.0435202038378));
#10860=CARTESIAN_POINT('',(12.2341666740961,14.5964091209955,15.0435202038378));
#10861=CARTESIAN_POINT('Origin',(13.5321651024408,14.5964091209955,15.0435202038378));
#10862=CARTESIAN_POINT('',(12.2341666740961,14.5964091209955,17.037519685039));
#10863=CARTESIAN_POINT('Origin',(14.8301539940423,14.5964091209955,15.7555203354449));
#10864=CARTESIAN_POINT('',(13.5321651024408,14.5964091209955,15.0435202038378));
#10865=CARTESIAN_POINT('Origin',(13.5321651024408,14.5964091209955,15.0435202038378));
#10866=CARTESIAN_POINT('',(14.8301539940423,14.5964091209955,13.0515198624224));
#10867=CARTESIAN_POINT('Origin',(14.8301539940423,14.5964091209955,13.0515198624224));
#10868=CARTESIAN_POINT('',(14.8301539940423,13.8634150414056,14.4035200989337));
#10869=CARTESIAN_POINT('Origin',(14.8301539940423,13.8634150414056,14.4035200989337));
#10870=CARTESIAN_POINT('',(14.8301539940423,13.8443987755365,14.4035200989337));
#10871=CARTESIAN_POINT('Origin',(14.8301539940423,13.8443987755365,14.4035200989337));
#10872=CARTESIAN_POINT('',(14.8301539940423,13.1304114250726,15.7555203354449));
#10873=CARTESIAN_POINT('Origin',(14.8301539940423,13.1304114250726,15.7555203354449));
#10874=CARTESIAN_POINT('',(14.8301539940423,13.0914061455316,15.7555203354449));
#10875=CARTESIAN_POINT('Origin',(14.8301539940423,13.0914061455316,15.7555203354449));
#10876=CARTESIAN_POINT('',(14.8301539940423,12.398418703515,17.1095197117419));
#10877=CARTESIAN_POINT('Origin',(14.8301539940423,12.398418703515,17.1095197117419));
#10878=CARTESIAN_POINT('',(14.8301539940423,12.3784106163568,17.1095197117419));
#10879=CARTESIAN_POINT('Origin',(14.8301539940423,12.3784106163568,17.1095197117419));
#10880=CARTESIAN_POINT('',(14.8301539940423,12.3374121574945,17.1095197117419));
#10881=CARTESIAN_POINT('Origin',(14.8301539940423,12.3374121574945,17.1095197117419));
#10882=CARTESIAN_POINT('',(14.8301539940423,11.6634028343744,18.4615199482531));
#10883=CARTESIAN_POINT('Origin',(14.8301539940423,11.6634028343744,18.4615199482531));
#10884=CARTESIAN_POINT('',(14.8301539940423,11.5854113487787,18.4615199482531));
#10885=CARTESIAN_POINT('Origin',(14.8301539940423,11.5854113487787,18.4615199482531));
#10886=CARTESIAN_POINT('',(14.8301539940423,10.3944056419916,15.7555203354449));
#10887=CARTESIAN_POINT('Origin',(14.8301539940423,10.3944056419916,15.7555203354449));
#10888=CARTESIAN_POINT('',(14.8301539940423,9.20340947194762,18.4615199482531));
#10889=CARTESIAN_POINT('Origin',(14.8301539940423,11.5854113487787,18.4615199482531));
#10890=CARTESIAN_POINT('',(14.8186049980707,9.38041142507262,18.4615199482531));
#10891=CARTESIAN_POINT('Origin',(14.8186049980707,9.38041142507262,18.4615199482531));
#10892=CARTESIAN_POINT('',(14.8186049980707,11.0694163231439,18.4615199482531));
#10893=CARTESIAN_POINT('Origin',(14.8186049980707,11.0694163231439,18.4615199482531));
#10894=CARTESIAN_POINT('',(14.8186049980707,11.3694041161127,18.4615199482531));
#10895=CARTESIAN_POINT('Origin',(14.8186049980707,11.3694041161127,18.4615199482531));
#10896=CARTESIAN_POINT('',(14.8186049980707,11.3864081291742,18.4615199482531));
#10897=CARTESIAN_POINT('Origin',(14.8186049980707,11.3864081291742,18.4615199482531));
#10898=CARTESIAN_POINT('',(14.8186049980707,11.5724127678461,18.4615199482531));
#10899=CARTESIAN_POINT('Origin',(14.8186049980707,11.5724127678461,18.4615199482531));
#10900=CARTESIAN_POINT('',(14.8186049980707,11.5764086632318,18.4615199482531));
#10901=CARTESIAN_POINT('Origin',(14.8186049980707,11.5764086632318,18.4615199482531));
#10902=CARTESIAN_POINT('',(14.8186049980707,11.5764086632318,18.4615199482531));
#10903=CARTESIAN_POINT('Origin',(14.8186049980707,11.577410021264,18.4615199482531));
#10904=CARTESIAN_POINT('',(14.8186049980707,11.3654082207269,18.4696297562213));
#10905=CARTESIAN_POINT('Origin',(14.8186049980707,11.6544096855707,18.4615199482531));
#10906=CARTESIAN_POINT('',(14.8186049980707,11.3654082207269,18.4696297562213));
#10907=CARTESIAN_POINT('Origin',(14.8186049980707,11.6574137596673,18.4615199482531));
#10908=CARTESIAN_POINT('',(14.8186049980707,11.6544096855707,18.4615199482531));
#10909=CARTESIAN_POINT('Origin',(14.8186049980707,11.6574137596673,18.4615199482531));
#10910=CARTESIAN_POINT('',(14.8186049980707,11.6574137596673,18.4615199482531));
#10911=CARTESIAN_POINT('Origin',(14.8186049980707,11.6574137596673,18.4615199482531));
#10912=CARTESIAN_POINT('',(14.8186049980707,11.6654055504388,18.4615199482531));
#10913=CARTESIAN_POINT('Origin',(14.8186049980707,11.6654055504388,18.4615199482531));
#10914=CARTESIAN_POINT('',(14.8186049980707,11.6804163841791,18.4615199482531));
#10915=CARTESIAN_POINT('Origin',(14.8186049980707,11.6804163841791,18.4615199482531));
#10916=CARTESIAN_POINT('',(14.8186049980707,11.6804163841791,18.4615199482531));
#10917=CARTESIAN_POINT('Origin',(14.8186049980707,11.6804163841791,18.4615199482531));
#10918=CARTESIAN_POINT('',(14.8186049980707,12.7074091820306,18.4615199482531));
#10919=CARTESIAN_POINT('Origin',(14.8186049980707,12.7074091820306,18.4615199482531));
#10920=CARTESIAN_POINT('',(14.8186049980707,12.7074091820306,18.4615199482531));
#10921=CARTESIAN_POINT('Origin',(14.8186049980707,12.7074091820306,18.4615199482531));
#10922=CARTESIAN_POINT('',(14.8186049980707,12.7114050774164,18.4696297562213));
#10923=CARTESIAN_POINT('Origin',(14.8186049980707,12.7114050774164,18.4696297562213));
#10924=CARTESIAN_POINT('',(14.8186049980707,12.7114050774164,18.4696297562213));
#10925=CARTESIAN_POINT('Origin',(14.8859248680658,6.13140515371031,18.4696297562213));
#10926=CARTESIAN_POINT('',(14.8186049980707,12.7114050774164,18.4696297562213));
#10927=CARTESIAN_POINT('Origin',(14.8859248680658,6.13140515371031,18.4696297562213));
#10928=CARTESIAN_POINT('',(14.8186049980707,11.3654082207269,18.4696297562213));
#10929=CARTESIAN_POINT('Origin',(14.8859248680658,6.13140515371031,18.4696297562213));
#10930=CARTESIAN_POINT('Origin',(10.5689654869623,9.38041142507262,18.4615199482531));
#10931=CARTESIAN_POINT('',(10.5689654869623,9.38041142507262,18.4615199482531));
#10932=CARTESIAN_POINT('Origin',(10.5689654869623,9.38041142507262,18.4615199482531));
#10933=CARTESIAN_POINT('',(10.5689654869623,9.38041142507262,18.4615199482531));
#10934=CARTESIAN_POINT('Origin',(10.7269225639886,9.38041142507262,18.4615199482531));
#10935=CARTESIAN_POINT('',(10.41415553518,9.20340947194762,18.4615199482531));
#10936=CARTESIAN_POINT('Origin',(10.5689654869623,9.38041142507262,18.4615199482531));
#10937=CARTESIAN_POINT('',(10.41415553518,9.20340947194762,18.4615199482531));
#10938=CARTESIAN_POINT('Origin',(10.5581603569574,9.38041142507262,18.4615199482531));
#10939=CARTESIAN_POINT('',(10.5581603569574,9.38041142507262,18.4615199482531));
#10940=CARTESIAN_POINT('Origin',(10.5581603569574,9.38041142507262,18.4615199482531));
#10941=CARTESIAN_POINT('',(10.5581603569574,9.38041142507262,18.4615199482531));
#10942=CARTESIAN_POINT('Origin',(10.5581603569574,9.38041142507262,18.4615199482531));
#10943=CARTESIAN_POINT('',(9.38015323110289,9.38041142507262,18.4696297562213));
#10944=CARTESIAN_POINT('Origin',(10.5581603569574,9.38041142507262,18.4615199482531));
#10945=CARTESIAN_POINT('',(9.38015323110289,9.38041142507262,18.4696297562213));
#10946=CARTESIAN_POINT('Origin',(10.5540786308832,9.38041142507262,18.4615199482531));
#10947=CARTESIAN_POINT('',(9.38015323110289,9.38041142507262,18.4696297562213));
#10948=CARTESIAN_POINT('Origin',(10.5381331963129,9.38041142507262,18.4615199482531));
#10949=CARTESIAN_POINT('',(9.38015323110289,9.38041142507262,18.4696297562213));
#10950=CARTESIAN_POINT('Origin',(10.5349956078119,9.38041142507262,18.4615199482531));
#10951=CARTESIAN_POINT('',(9.38015323110289,9.38041142507262,18.4696297562213));
#10952=CARTESIAN_POINT('Origin',(10.5289683861322,9.38041142507262,18.4615199482531));
#10953=CARTESIAN_POINT('',(9.38015323110289,9.38041142507262,18.4696297562213));
#10954=CARTESIAN_POINT('Origin',(10.4472575707025,9.38041142507262,18.4615199482531));
#10955=CARTESIAN_POINT('',(9.38015323110289,9.38041142507262,18.4696297562213));
#10956=CARTESIAN_POINT('Origin',(10.3992496056146,9.38041142507262,18.4615199482531));
#10957=CARTESIAN_POINT('',(9.38015323110289,9.38041142507262,18.4696297562213));
#10958=CARTESIAN_POINT('Origin',(10.3971515221185,9.38041142507262,18.4615199482531));
#10959=CARTESIAN_POINT('',(9.38015323110289,9.38041142507262,18.4696297562213));
#10960=CARTESIAN_POINT('Origin',(10.3373561424798,9.38041142507262,18.4615199482531));
#10961=CARTESIAN_POINT('',(9.38015323110289,9.38041142507262,18.4696297562213));
#10962=CARTESIAN_POINT('Origin',(10.2746520561761,9.38041142507262,18.4615199482531));
#10963=CARTESIAN_POINT('',(9.38015323110289,9.38041142507262,18.4696297562213));
#10964=CARTESIAN_POINT('Origin',(10.1489482445306,9.38041142507262,18.4615199482531));
#10965=CARTESIAN_POINT('',(9.38205104299254,9.38041142507262,18.4615199482531));
#10966=CARTESIAN_POINT('',(9.38015323110289,9.38041142507262,18.4696297562213));
#10967=CARTESIAN_POINT('',(9.38205104299254,9.38041142507262,18.4615199482531));
#10968=CARTESIAN_POINT('Origin',(10.1489482445306,9.38041142507262,18.4615199482531));
#10969=CARTESIAN_POINT('',(8.33415370412535,9.20340947194762,18.4615199482531));
#10970=CARTESIAN_POINT('Origin',(9.38205104299254,9.38041142507262,18.4615199482531));
#10971=CARTESIAN_POINT('',(9.31764941640562,9.38041142507262,18.4615199482531));
#10972=CARTESIAN_POINT('Origin',(9.31764941640562,9.38041142507262,18.4615199482531));
#10973=CARTESIAN_POINT('',(9.31764941640562,9.38041142507262,18.4615199482531));
#10974=CARTESIAN_POINT('Origin',(9.31545596547789,9.38041142507262,18.4696297562213));
#10975=CARTESIAN_POINT('',(9.31545596547789,9.38041142507262,18.4696297562213));
#10976=CARTESIAN_POINT('Origin',(9.31764941640562,9.38041142507262,18.4615199482531));
#10977=CARTESIAN_POINT('',(9.31545596547789,9.38041142507262,18.4696297562213));
#10978=CARTESIAN_POINT('Origin',(9.07855372853941,9.38041142507262,18.4615199482531));
#10979=CARTESIAN_POINT('',(9.07855372853941,9.38041142507262,18.4615199482531));
#10980=CARTESIAN_POINT('Origin',(9.07855372853941,9.38041142507262,18.4615199482531));
#10981=CARTESIAN_POINT('',(9.07685618825621,9.38041142507262,18.4696297562213));
#10982=CARTESIAN_POINT('Origin',(9.07445292897887,9.38041142507262,18.4615199482531));
#10983=CARTESIAN_POINT('',(9.07445292897887,9.38041142507262,18.4615199482531));
#10984=CARTESIAN_POINT('Origin',(9.07855372853941,9.38041142507262,18.4615199482531));
#10985=CARTESIAN_POINT('',(8.33415370412535,9.20340947194762,18.4615199482531));
#10986=CARTESIAN_POINT('Origin',(9.07445292897887,9.38041142507262,18.4615199482531));
#10987=CARTESIAN_POINT('',(8.72785907216734,9.38041142507262,18.4615199482531));
#10988=CARTESIAN_POINT('Origin',(8.72785907216734,9.38041142507262,18.4615199482531));
#10989=CARTESIAN_POINT('',(8.72785907216734,9.38041142507262,18.4615199482531));
#10990=CARTESIAN_POINT('Origin',(8.72785907216734,9.38041142507262,18.4615199482531));
#10991=CARTESIAN_POINT('Origin',(8.32186084218687,14.3794005302972,18.4696297562213));
#10992=CARTESIAN_POINT('',(8.32186084218687,12.0084040550775,17.1979300892443));
#10993=CARTESIAN_POINT('Origin',(8.33415370412535,14.3794005302972,18.3281700527758));
#10994=CARTESIAN_POINT('',(8.33415370412535,14.3794005302972,18.3281700527758));
#10995=CARTESIAN_POINT('Origin',(8.33415370412535,14.3794005302972,18.06111978651));
#10996=CARTESIAN_POINT('',(8.32186084218687,14.3794005302972,17.1979300892443));
#10997=CARTESIAN_POINT('Origin',(8.33415370412535,14.3794005302972,18.3281700527758));
#10998=CARTESIAN_POINT('',(8.32186084218687,14.3794005302972,17.1979300892443));
#10999=CARTESIAN_POINT('Origin',(8.33415370412535,14.3794005302972,18.4615199482531));
#11000=CARTESIAN_POINT('',(8.32186084218687,14.3794005302972,17.1979300892443));
#11001=CARTESIAN_POINT('Origin',(8.32186084218687,14.3794005302972,18.4696297562213));
#11002=CARTESIAN_POINT('',(8.32186084218687,11.7504160790033,17.1979300892443));
#11003=CARTESIAN_POINT('Origin',(8.32186084218687,14.3794005302972,17.1979300892443));
#11004=CARTESIAN_POINT('',(8.32186084218687,11.7504160790033,17.1979300892443));
#11005=CARTESIAN_POINT('Origin',(8.33415370412535,12.5414221672601,17.1979300892443));
#11006=CARTESIAN_POINT('',(8.32186084218687,11.7504160790033,17.1979300892443));
#11007=CARTESIAN_POINT('Origin',(8.33415370412535,13.9114134697504,17.1979300892443));
#11008=CARTESIAN_POINT('',(8.33415370412535,13.9114134697504,17.1979300892443));
#11009=CARTESIAN_POINT('Origin',(8.33415370412535,14.2164080528802,17.1979300892443));
#11010=CARTESIAN_POINT('',(8.33415370412535,13.8634150414056,17.1095197117419));
#11011=CARTESIAN_POINT('Origin',(8.33415370412535,14.3504088310785,17.1979300892443));
#11012=CARTESIAN_POINT('',(8.33415370412535,13.8634150414056,17.1095197117419));
#11013=CARTESIAN_POINT('Origin',(8.33415370412535,14.3584101585931,17.1979300892443));
#11014=CARTESIAN_POINT('',(8.33415370412535,14.3504088310785,17.1979300892443));
#11015=CARTESIAN_POINT('Origin',(8.33415370412535,14.3584101585931,17.1979300892443));
#11016=CARTESIAN_POINT('',(8.32186084218687,14.3794005302972,17.1979300892443));
#11017=CARTESIAN_POINT('Origin',(8.33415370412535,14.3584101585931,17.1979300892443));
#11018=CARTESIAN_POINT('',(8.32186084218687,14.3794005302972,17.1979300892443));
#11019=CARTESIAN_POINT('Origin',(8.33415370412535,14.3794005302972,17.2084002411456));
#11020=CARTESIAN_POINT('',(8.33415370412535,14.3794005302972,17.1979300892443));
#11021=CARTESIAN_POINT('Origin',(8.33415370412535,14.3794005302972,17.1979300892443));
#11022=CARTESIAN_POINT('',(8.33415370412535,14.3794005302972,17.1979300892443));
#11023=CARTESIAN_POINT('Origin',(8.33415370412535,14.5964091209955,18.4615199482531));
#11024=CARTESIAN_POINT('',(8.33415370412535,14.5964091209955,15.7555203354449));
#11025=CARTESIAN_POINT('Origin',(9.35614924855894,14.5964091209955,15.7555203354449));
#11026=CARTESIAN_POINT('',(8.33415370412535,14.5964091209955,13.0515198624224));
#11027=CARTESIAN_POINT('Origin',(8.33415370412535,14.5964091209955,15.7555203354449));
#11028=CARTESIAN_POINT('',(8.33415370412535,14.5964091209955,15.7555203354449));
#11029=CARTESIAN_POINT('Origin',(9.35614924855894,14.5964091209955,15.7555203354449));
#11030=CARTESIAN_POINT('',(8.33415370412535,14.5964091209955,18.4615199482531));
#11031=CARTESIAN_POINT('Origin',(8.33415370412535,14.5964091209955,18.4615199482531));
#11032=CARTESIAN_POINT('',(8.33415370412535,14.5964091209955,18.4615199482531));
#11033=CARTESIAN_POINT('Origin',(10.2297530693597,14.3794005302972,18.4615199482531));
#11034=CARTESIAN_POINT('',(10.2253566307611,14.3794005302972,18.4615199482531));
#11035=CARTESIAN_POINT('Origin',(10.2297530693597,14.3794005302972,18.4615199482531));
#11036=CARTESIAN_POINT('',(10.2253566307611,14.3794005302972,18.4615199482531));
#11037=CARTESIAN_POINT('Origin',(10.2253566307611,14.3794005302972,18.4615199482531));
#11038=CARTESIAN_POINT('',(8.33415370412535,14.5964091209955,18.4615199482531));
#11039=CARTESIAN_POINT('Origin',(10.2253566307611,14.3794005302972,18.4615199482531));
#11040=CARTESIAN_POINT('',(8.33415370412535,14.5964091209955,18.4615199482531));
#11041=CARTESIAN_POINT('Origin',(9.8217521233148,14.3794005302972,18.4615199482531));
#11042=CARTESIAN_POINT('',(8.33415370412535,14.5964091209955,18.4615199482531));
#11043=CARTESIAN_POINT('Origin',(9.80864863820738,14.3794005302972,18.4615199482531));
#11044=CARTESIAN_POINT('',(8.48525386281676,14.3794005302972,18.4615199482531));
#11045=CARTESIAN_POINT('Origin',(9.80864863820738,14.3794005302972,18.4615199482531));
#11046=CARTESIAN_POINT('',(8.32186084218687,14.3794005302972,18.4696297562213));
#11047=CARTESIAN_POINT('Origin',(9.80864863820738,14.3794005302972,18.4615199482531));
#11048=CARTESIAN_POINT('Origin',(10.5470881981439,14.3794005302972,18.4696297562213));
#11049=CARTESIAN_POINT('',(10.5470881981439,14.3794005302972,18.4696297562213));
#11050=CARTESIAN_POINT('Origin',(10.5525241417474,14.3794005302972,18.4615199482531));
#11051=CARTESIAN_POINT('',(10.5460963768548,14.3794005302972,18.4615199482531));
#11052=CARTESIAN_POINT('Origin',(10.5460963768548,14.3794005302972,18.4615199482531));
#11053=CARTESIAN_POINT('',(10.5460963768548,14.3794005302972,18.4615199482531));
#11054=CARTESIAN_POINT('Origin',(10.5460963768548,14.3794005302972,18.4615199482531));
#11055=CARTESIAN_POINT('',(9.81814723439879,14.3794005302972,18.4696297562213));
#11056=CARTESIAN_POINT('Origin',(10.5460963768548,14.3794005302972,18.4615199482531));
#11057=CARTESIAN_POINT('',(9.81814723439879,14.3794005302972,18.4696297562213));
#11058=CARTESIAN_POINT('Origin',(10.3524528069086,14.3794005302972,18.4615199482531));
#11059=CARTESIAN_POINT('',(10.2808604759759,14.3794005302972,18.4615199482531));
#11060=CARTESIAN_POINT('Origin',(10.2808604759759,14.3794005302972,18.4615199482531));
#11061=CARTESIAN_POINT('',(10.2808604759759,14.3794005302972,18.4615199482531));
#11062=CARTESIAN_POINT('Origin',(10.2808604759759,14.3794005302972,18.4615199482531));
#11063=CARTESIAN_POINT('',(10.3761516136712,14.5964091209955,18.4615199482531));
#11064=CARTESIAN_POINT('Origin',(10.3761516136712,14.5964091209955,18.4615199482531));
#11065=CARTESIAN_POINT('',(9.38616137929625,14.5964091209955,15.7555203354449));
#11066=CARTESIAN_POINT('Origin',(10.930160097558,14.5964091209955,17.037519685039));
#11067=CARTESIAN_POINT('',(9.38616137929625,14.5964091209955,15.7555203354449));
#11068=CARTESIAN_POINT('Origin',(9.38616137929625,14.5964091209955,15.7555203354449));
#11069=CARTESIAN_POINT('',(9.63215213247008,14.5964091209955,15.0435202038378));
#11070=CARTESIAN_POINT('Origin',(10.930160097558,14.5964091209955,15.0435202038378));
#11071=CARTESIAN_POINT('',(9.63215213247008,14.5964091209955,15.0435202038378));
#11072=CARTESIAN_POINT('Origin',(9.63215213247008,14.5964091209955,15.0435202038378));
#11073=CARTESIAN_POINT('',(10.930160097558,14.5964091209955,13.0515198624224));
#11074=CARTESIAN_POINT('Origin',(10.930160097558,14.5964091209955,13.0515198624224));
#11075=CARTESIAN_POINT('',(10.930160097558,13.5993998436517,15.0435202038378));
#11076=CARTESIAN_POINT('Origin',(10.930160097558,13.5993998436517,15.0435202038378));
#11077=CARTESIAN_POINT('',(10.930160097558,12.6014178185052,13.0515198624224));
#11078=CARTESIAN_POINT('Origin',(10.930160097558,12.6014178185052,17.037519685039));
#11079=CARTESIAN_POINT('',(10.930160097558,12.6014178185052,15.0435202038378));
#11080=CARTESIAN_POINT('Origin',(10.930160097558,12.6014178185052,15.0435202038378));
#11081=CARTESIAN_POINT('',(10.930160097558,12.6014178185052,13.0515198624224));
#11082=CARTESIAN_POINT('Origin',(10.930160097558,12.6014178185052,13.0515198624224));
#11083=CARTESIAN_POINT('',(10.1561580223627,12.6014178185052,15.0435202038378));
#11084=CARTESIAN_POINT('Origin',(10.1561580223627,12.6014178185052,15.0435202038378));
#11085=CARTESIAN_POINT('',(9.38015323110289,12.6014178185052,13.0515198624224));
#11086=CARTESIAN_POINT('Origin',(9.38015323110289,12.6014178185052,13.0515198624224));
#11087=CARTESIAN_POINT('',(9.38015323110289,12.6014178185052,13.0515198624224));
#11088=CARTESIAN_POINT('Origin',(9.38015323110289,12.6014178185052,13.0515198624224));
#11089=CARTESIAN_POINT('',(9.38015323110289,11.9004004387445,15.0435202038378));
#11090=CARTESIAN_POINT('Origin',(9.38015323110289,11.9004004387445,15.0435202038378));
#11091=CARTESIAN_POINT('',(9.38015323110289,11.1974089531488,13.0515198624224));
#11092=CARTESIAN_POINT('Origin',(9.38015323110289,11.1974089531488,15.0435202038378));
#11093=CARTESIAN_POINT('',(9.38015323110289,11.1974089531488,13.0515198624224));
#11094=CARTESIAN_POINT('Origin',(9.38015323110289,11.1974089531488,15.0435202038378));
#11095=CARTESIAN_POINT('',(9.38015323110289,11.1974089531488,15.0435202038378));
#11096=CARTESIAN_POINT('Origin',(10.1561580223627,11.1974089531488,15.0435202038378));
#11097=CARTESIAN_POINT('',(9.38015323110289,11.1974089531488,17.037519685039));
#11098=CARTESIAN_POINT('Origin',(9.38015323110289,11.1974089531488,17.037519685039));
#11099=CARTESIAN_POINT('',(10.1561580223627,11.1974089531488,15.0435202038378));
#11100=CARTESIAN_POINT('Origin',(10.930160097558,11.1974089531488,15.0435202038378));
#11101=CARTESIAN_POINT('',(10.1561580223627,11.1974089531488,15.0435202038378));
#11102=CARTESIAN_POINT('Origin',(10.1561580223627,11.1974089531488,15.0435202038378));
#11103=CARTESIAN_POINT('',(10.930160097558,11.1974089531488,13.0515198624224));
#11104=CARTESIAN_POINT('Origin',(10.930160097558,11.1974089531488,13.0515198624224));
#11105=CARTESIAN_POINT('',(10.930160097558,10.2014105705804,15.0435202038378));
#11106=CARTESIAN_POINT('Origin',(10.930160097558,10.2014105705804,15.0435202038378));
#11107=CARTESIAN_POINT('',(10.930160097558,9.20340947194762,13.0515198624224));
#11108=CARTESIAN_POINT('Origin',(10.930160097558,9.20340947194762,17.037519685039));
#11109=CARTESIAN_POINT('',(10.930160097558,9.20340947194762,15.0435202038378));
#11110=CARTESIAN_POINT('Origin',(10.930160097558,9.20340947194762,15.0435202038378));
#11111=CARTESIAN_POINT('',(10.930160097558,9.20340947194762,13.0515198624224));
#11112=CARTESIAN_POINT('Origin',(10.930160097558,9.20340947194762,13.0515198624224));
#11113=CARTESIAN_POINT('',(9.63215213247008,9.20340947194762,15.0435202038378));
#11114=CARTESIAN_POINT('Origin',(9.29615359731383,9.20340947194762,15.7555203354449));
#11115=CARTESIAN_POINT('',(8.33415370412535,9.20340947194762,13.0515198624224));
#11116=CARTESIAN_POINT('Origin',(9.63215213247008,9.20340947194762,15.0435202038378));
#11117=CARTESIAN_POINT('',(8.33415370412535,9.20340947194762,13.0515198624224));
#11118=CARTESIAN_POINT('Origin',(10.930160097558,9.20340947194762,13.0515198624224));
#11119=CARTESIAN_POINT('',(8.33415370412535,9.20340947194762,13.0515198624224));
#11120=CARTESIAN_POINT('Origin',(9.38015323110289,11.1974089531488,13.0515198624224));
#11121=CARTESIAN_POINT('',(8.33415370412535,9.20340947194762,13.0515198624224));
#11122=CARTESIAN_POINT('Origin',(8.85815959401793,10.9034102348871,13.0515198624224));
#11123=CARTESIAN_POINT('',(8.33415370412535,11.9004004387445,13.0515198624224));
#11124=CARTESIAN_POINT('Origin',(8.33415370412535,11.9004004387445,13.0515198624224));
#11125=CARTESIAN_POINT('',(8.33415370412535,11.9004004387445,13.0515198624224));
#11126=CARTESIAN_POINT('Origin',(9.38015323110289,12.6014178185052,13.0515198624224));
#11127=CARTESIAN_POINT('',(8.33415370412535,11.9004004387445,13.0515198624224));
#11128=CARTESIAN_POINT('Origin',(8.33415370412535,14.5964091209955,13.0515198624224));
#11129=CARTESIAN_POINT('',(8.33415370412535,11.9004004387445,13.0515198624224));
#11130=CARTESIAN_POINT('Origin',(8.33415370412535,13.8634150414056,14.4035200989337));
#11131=CARTESIAN_POINT('',(8.33415370412535,13.1304114250726,15.7555203354449));
#11132=CARTESIAN_POINT('Origin',(8.33415370412535,13.1304114250726,15.7555203354449));
#11133=CARTESIAN_POINT('',(8.33415370412535,13.1304114250726,15.7555203354449));
#11134=CARTESIAN_POINT('Origin',(8.33415370412535,14.5964091209955,15.7555203354449));
#11135=CARTESIAN_POINT('',(8.33415370412535,13.1304114250726,15.7555203354449));
#11136=CARTESIAN_POINT('Origin',(8.33415370412535,12.398418703515,17.1095197117419));
#11137=CARTESIAN_POINT('',(8.33415370412535,12.398418703515,17.1095197117419));
#11138=CARTESIAN_POINT('Origin',(8.33415370412535,13.8634150414056,17.1095197117419));
#11139=CARTESIAN_POINT('',(8.33415370412535,12.398418703515,17.1095197117419));
#11140=CARTESIAN_POINT('Origin',(8.33415370412535,12.5414221672601,17.1979300892443));
#11141=CARTESIAN_POINT('',(8.33415370412535,12.3493998436517,17.1979300892443));
#11142=CARTESIAN_POINT('Origin',(8.33415370412535,12.3493998436517,17.1979300892443));
#11143=CARTESIAN_POINT('',(8.33415370412535,10.4334109215326,15.7555203354449));
#11144=CARTESIAN_POINT('Origin',(8.33415370412535,12.3493998436517,17.1979300892443));
#11145=CARTESIAN_POINT('',(8.33415370412535,10.4334109215326,15.7555203354449));
#11146=CARTESIAN_POINT('Origin',(8.33415370412535,11.6734068779535,17.1979300892443));
#11147=CARTESIAN_POINT('',(8.33415370412535,10.4334109215326,15.7555203354449));
#11148=CARTESIAN_POINT('Origin',(8.33415370412535,11.0894053368158,17.1979300892443));
#11149=CARTESIAN_POINT('',(8.33415370412535,10.4334109215326,15.7555203354449));
#11150=CARTESIAN_POINT('Origin',(8.33415370412535,10.4334109215326,15.7555203354449));
#11151=CARTESIAN_POINT('',(8.33415370412535,11.0294096855707,17.1979300892443));
#11152=CARTESIAN_POINT('Origin',(8.33415370412535,11.0294096855707,17.1979300892443));
#11153=CARTESIAN_POINT('',(8.32186084218687,9.38041142507262,17.1979300892443));
#11154=CARTESIAN_POINT('Origin',(8.33415370412535,9.75941113515562,17.1979300892443));
#11155=CARTESIAN_POINT('',(8.33415370412535,9.75941113515562,17.1979300892443));
#11156=CARTESIAN_POINT('Origin',(8.33415370412535,9.75941113515562,17.1979300892443));
#11157=CARTESIAN_POINT('',(8.33415370412535,9.75941113515562,17.1979300892443));
#11158=CARTESIAN_POINT('Origin',(8.33415370412535,9.75941113515562,17.1979300892443));
#11159=CARTESIAN_POINT('',(8.33415370412535,9.20340947194762,15.7555203354449));
#11160=CARTESIAN_POINT('Origin',(8.33415370412535,9.75941113515562,17.1979300892443));
#11161=CARTESIAN_POINT('',(8.33415370412535,9.20340947194762,15.7555203354449));
#11162=CARTESIAN_POINT('Origin',(8.33415370412535,9.38041142507262,17.1979300892443));
#11163=CARTESIAN_POINT('',(8.33415370412535,9.38041142507262,17.1979300892443));
#11164=CARTESIAN_POINT('Origin',(8.33415370412535,9.38041142507262,17.2541003143878));
#11165=CARTESIAN_POINT('',(8.32186084218687,9.38041142507262,17.1979300892443));
#11166=CARTESIAN_POINT('Origin',(8.33415370412535,9.38041142507262,18.0606906330676));
#11167=CARTESIAN_POINT('',(8.32186084218687,9.38041142507262,17.1979300892443));
#11168=CARTESIAN_POINT('Origin',(8.33415370412535,9.38041142507262,18.0606906330676));
#11169=CARTESIAN_POINT('',(8.33415370412535,9.38041142507262,18.0606906330676));
#11170=CARTESIAN_POINT('Origin',(8.33415370412535,9.38041142507262,18.4615199482531));
#11171=CARTESIAN_POINT('',(8.33415370412535,9.20340947194762,18.4615199482531));
#11172=CARTESIAN_POINT('Origin',(8.33415370412535,9.20340947194762,18.4615199482531));
#11173=CARTESIAN_POINT('',(8.33415370412535,9.20340947194762,15.7555203354449));
#11174=CARTESIAN_POINT('Origin',(8.33415370412535,9.20340947194762,18.4615199482531));
#11175=CARTESIAN_POINT('',(8.33415370412535,9.20340947194762,18.4615199482531));
#11176=CARTESIAN_POINT('Origin',(9.29615359731383,9.20340947194762,15.7555203354449));
#11177=CARTESIAN_POINT('',(9.29615359731383,9.20340947194762,15.7555203354449));
#11178=CARTESIAN_POINT('Origin',(10.2561507744379,9.20340947194762,18.4615199482531));
#11179=CARTESIAN_POINT('',(10.2561507744379,9.20340947194762,18.4615199482531));
#11180=CARTESIAN_POINT('Origin',(10.930160097558,9.20340947194762,17.037519685039));
#11181=CARTESIAN_POINT('',(10.3201518578119,9.20340947194762,18.4615199482531));
#11182=CARTESIAN_POINT('Origin',(10.930160097558,9.20340947194762,17.037519685039));
#11183=CARTESIAN_POINT('',(10.41415553518,9.20340947194762,18.4615199482531));
#11184=CARTESIAN_POINT('Origin',(10.930160097558,9.20340947194762,17.037519685039));
#11185=CARTESIAN_POINT('',(10.930160097558,9.20340947194762,17.037519685039));
#11186=CARTESIAN_POINT('Origin',(11.8581615013666,9.20340947194762,18.4615199482531));
#11187=CARTESIAN_POINT('',(10.930160097558,9.20340947194762,17.037519685039));
#11188=CARTESIAN_POINT('Origin',(12.2341666740961,9.20340947194762,17.037519685039));
#11189=CARTESIAN_POINT('',(10.930160097558,11.1974089531488,17.037519685039));
#11190=CARTESIAN_POINT('Origin',(10.930160097558,11.1974089531488,17.037519685039));
#11191=CARTESIAN_POINT('',(10.930160097558,11.1974089531488,17.037519685039));
#11192=CARTESIAN_POINT('Origin',(10.930160097558,11.1974089531488,17.037519685039));
#11193=CARTESIAN_POINT('',(10.930160097558,11.1974089531488,17.037519685039));
#11194=CARTESIAN_POINT('Origin',(12.2341666740961,12.6014178185052,17.037519685039));
#11195=CARTESIAN_POINT('',(10.930160097558,12.6014178185052,17.037519685039));
#11196=CARTESIAN_POINT('Origin',(10.930160097558,12.6014178185052,17.037519685039));
#11197=CARTESIAN_POINT('',(10.930160097558,12.6014178185052,17.037519685039));
#11198=CARTESIAN_POINT('Origin',(12.2341666740961,14.5964091209955,17.037519685039));
#11199=CARTESIAN_POINT('',(10.930160097558,14.5964091209955,17.037519685039));
#11200=CARTESIAN_POINT('Origin',(12.2341666740961,14.5964091209955,17.037519685039));
#11201=CARTESIAN_POINT('',(10.930160097558,14.5964091209955,17.037519685039));
#11202=CARTESIAN_POINT('Origin',(11.4061580223627,14.5964091209955,18.4615199482531));
#11203=CARTESIAN_POINT('',(11.4061580223627,14.5964091209955,18.4615199482531));
#11204=CARTESIAN_POINT('Origin',(11.4007411522455,14.3794005302972,18.4615199482531));
#11205=CARTESIAN_POINT('',(11.4007411522455,14.3794005302972,18.4615199482531));
#11206=CARTESIAN_POINT('',(10.8434997124261,14.3794005302972,18.4696297562213));
#11207=CARTESIAN_POINT('',(11.3497672600336,14.3794005302972,18.4615199482531));
#11208=CARTESIAN_POINT('Origin',(11.5022216362543,14.3794005302972,18.4615199482531));
#11209=CARTESIAN_POINT('',(11.4007411522455,14.3794005302972,18.4615199482531));
#11210=CARTESIAN_POINT('Origin',(11.5022216362543,14.3794005302972,18.4615199482531));
#11211=CARTESIAN_POINT('',(11.4007411522455,14.3794005302972,18.4615199482531));
#11212=CARTESIAN_POINT('Origin',(11.4007411522455,14.3794005302972,18.4615199482531));
#11213=CARTESIAN_POINT('',(11.3497672600336,14.3794005302972,18.4615199482531));
#11214=CARTESIAN_POINT('Origin',(11.3497672600336,14.3794005302972,18.4615199482531));
#11215=CARTESIAN_POINT('',(11.24986987539,14.3794005302972,18.4615199482531));
#11216=CARTESIAN_POINT('Origin',(11.24986987539,14.3794005302972,18.4615199482531));
#11217=CARTESIAN_POINT('',(11.24986987539,14.3794005302972,18.4615199482531));
#11218=CARTESIAN_POINT('Origin',(11.1899505180902,14.3794005302972,18.4615199482531));
#11219=CARTESIAN_POINT('',(11.1899505180902,14.3794005302972,18.4615199482531));
#11220=CARTESIAN_POINT('Origin',(11.24986987539,14.3794005302972,18.4615199482531));
#11221=CARTESIAN_POINT('',(10.8434997124261,14.3794005302972,18.4696297562213));
#11222=CARTESIAN_POINT('Origin',(11.1899505180902,14.3794005302972,18.4615199482531));
#11223=CARTESIAN_POINT('',(10.8434997124261,14.3794005302972,18.4696297562213));
#11224=CARTESIAN_POINT('Origin',(11.1847625298089,14.3794005302972,18.4615199482531));
#11225=CARTESIAN_POINT('',(11.1790214104242,14.3794005302972,18.4615199482531));
#11226=CARTESIAN_POINT('Origin',(11.1790214104242,14.3794005302972,18.4615199482531));
#11227=CARTESIAN_POINT('',(11.1790214104242,14.3794005302972,18.4615199482531));
#11228=CARTESIAN_POINT('Origin',(11.1790214104242,14.3794005302972,18.4615199482531));
#11229=CARTESIAN_POINT('',(10.4361568016595,14.5964091209955,18.4615199482531));
#11230=CARTESIAN_POINT('Origin',(11.1790214104242,14.3794005302972,18.4615199482531));
#11231=CARTESIAN_POINT('',(10.4361568016595,14.5964091209955,18.4615199482531));
#11232=CARTESIAN_POINT('Origin',(10.8430705589837,14.3794005302972,18.4615199482531));
#11233=CARTESIAN_POINT('',(10.7206473869867,14.3794005302972,18.4615199482531));
#11234=CARTESIAN_POINT('Origin',(10.8430705589837,14.3794005302972,18.4615199482531));
#11235=CARTESIAN_POINT('',(10.7186160606927,14.3794005302972,18.4696297562213));
#11236=CARTESIAN_POINT('Origin',(10.8430705589837,14.3794005302972,18.4615199482531));
#11237=CARTESIAN_POINT('Origin',(12.1723208946771,14.3794005302972,18.4696297562213));
#11238=CARTESIAN_POINT('',(12.1455894035882,14.3794005302972,18.4615199482531));
#11239=CARTESIAN_POINT('Origin',(12.1723208946771,14.3794005302972,18.4696297562213));
#11240=CARTESIAN_POINT('',(12.1723208946771,14.3794005302972,18.4696297562213));
#11241=CARTESIAN_POINT('Origin',(12.175220064599,14.3794005302972,18.4615199482531));
#11242=CARTESIAN_POINT('',(12.1455894035882,14.3794005302972,18.4615199482531));
#11243=CARTESIAN_POINT('Origin',(12.175220064599,14.3794005302972,18.4615199482531));
#11244=CARTESIAN_POINT('',(11.4761577171869,14.5964091209955,18.4615199482531));
#11245=CARTESIAN_POINT('Origin',(12.2994552177972,14.3794005302972,18.4615199482531));
#11246=CARTESIAN_POINT('',(11.4761577171869,14.5964091209955,18.4615199482531));
#11247=CARTESIAN_POINT('Origin',(12.5629268211908,14.3794005302972,18.4615199482531));
#11248=CARTESIAN_POINT('',(11.4761577171869,14.5964091209955,18.4615199482531));
#11249=CARTESIAN_POINT('Origin',(12.4228892845697,14.3794005302972,18.4615199482531));
#11250=CARTESIAN_POINT('',(12.2994552177972,14.3794005302972,18.4615199482531));
#11251=CARTESIAN_POINT('Origin',(12.4228892845697,14.3794005302972,18.4615199482531));
#11252=CARTESIAN_POINT('',(12.2990642113275,14.3794005302972,18.4696297562213));
#11253=CARTESIAN_POINT('Origin',(12.4249873680658,14.3794005302972,18.4696297562213));
#11254=CARTESIAN_POINT('Origin',(12.5933585686273,14.3794005302972,18.4696297562213));
#11255=CARTESIAN_POINT('',(12.4249873680658,14.3794005302972,18.4696297562213));
#11256=CARTESIAN_POINT('Origin',(12.5879416985101,14.3794005302972,18.4615199482531));
#11257=CARTESIAN_POINT('',(12.5629268211908,14.3794005302972,18.4615199482531));
#11258=CARTESIAN_POINT('Origin',(12.5879416985101,14.3794005302972,18.4615199482531));
#11259=CARTESIAN_POINT('',(12.5879416985101,14.3794005302972,18.4615199482531));
#11260=CARTESIAN_POINT('Origin',(12.595141939599,14.3794005302972,18.4615199482531));
#11261=CARTESIAN_POINT('',(12.595141939599,14.3794005302972,18.4615199482531));
#11262=CARTESIAN_POINT('Origin',(12.6402888817377,14.3794005302972,18.4615199482531));
#11263=CARTESIAN_POINT('',(12.595141939599,14.3794005302972,18.4615199482531));
#11264=CARTESIAN_POINT('Origin',(12.6402888817377,14.3794005302972,18.4615199482531));
#11265=CARTESIAN_POINT('',(12.5933585686273,14.3794005302972,18.4696297562213));
#11266=CARTESIAN_POINT('Origin',(12.6428733391351,14.3794005302972,18.4615199482531));
#11267=CARTESIAN_POINT('',(12.5933585686273,14.3794005302972,18.4696297562213));
#11268=CARTESIAN_POINT('Origin',(12.7018962425775,14.3794005302972,18.4615199482531));
#11269=CARTESIAN_POINT('',(12.6428733391351,14.3794005302972,18.4615199482531));
#11270=CARTESIAN_POINT('Origin',(12.7018962425775,14.3794005302972,18.4615199482531));
#11271=CARTESIAN_POINT('',(12.7018962425775,14.3794005302972,18.4615199482531));
#11272=CARTESIAN_POINT('Origin',(12.7018962425775,14.3794005302972,18.4615199482531));
#11273=CARTESIAN_POINT('',(12.7401576561517,14.5964091209955,18.4615199482531));
#11274=CARTESIAN_POINT('Origin',(13.1146846336908,14.3794005302972,18.4615199482531));
#11275=CARTESIAN_POINT('',(12.8196178001947,14.3794005302972,18.4615199482531));
#11276=CARTESIAN_POINT('Origin',(13.1146846336908,14.3794005302972,18.4615199482531));
#11277=CARTESIAN_POINT('',(12.5933585686273,14.3794005302972,18.4696297562213));
#11278=CARTESIAN_POINT('Origin',(13.1146846336908,14.3794005302972,18.4615199482531));
#11279=CARTESIAN_POINT('',(13.1146846336908,14.3794005302972,18.4615199482531));
#11280=CARTESIAN_POINT('Origin',(13.1146846336908,14.3794005302972,18.4615199482531));
#11281=CARTESIAN_POINT('',(13.1162295860834,14.3794005302972,18.4696297562213));
#11282=CARTESIAN_POINT('Origin',(13.1162295860834,14.3794005302972,18.4696297562213));
#11283=CARTESIAN_POINT('Origin',(13.8669810814447,14.3794005302972,18.4696297562213));
#11284=CARTESIAN_POINT('',(13.4112010521478,14.3794005302972,18.4696297562213));
#11285=CARTESIAN_POINT('Origin',(13.8646541161127,14.3794005302972,18.4615199482531));
#11286=CARTESIAN_POINT('',(13.4117732567377,14.3794005302972,18.4615199482531));
#11287=CARTESIAN_POINT('Origin',(13.8646541161127,14.3794005302972,18.4615199482531));
#11288=CARTESIAN_POINT('',(12.7401576561517,14.5964091209955,18.4615199482531));
#11289=CARTESIAN_POINT('Origin',(13.870833925683,14.3794005302972,18.4615199482531));
#11290=CARTESIAN_POINT('',(12.7401576561517,14.5964091209955,18.4615199482531));
#11291=CARTESIAN_POINT('Origin',(14.0498576683587,14.3794005302972,18.4615199482531));
#11292=CARTESIAN_POINT('',(13.870833925683,14.3794005302972,18.4615199482531));
#11293=CARTESIAN_POINT('Origin',(14.0498576683587,14.3794005302972,18.4615199482531));
#11294=CARTESIAN_POINT('',(13.8669810814447,14.3794005302972,18.4696297562213));
#11295=CARTESIAN_POINT('Origin',(14.0537009758539,14.3794005302972,18.4615199482531));
#11296=CARTESIAN_POINT('',(14.0498576683587,14.3794005302972,18.4615199482531));
#11297=CARTESIAN_POINT('Origin',(14.0498576683587,14.3794005302972,18.4615199482531));
#11298=CARTESIAN_POINT('',(14.0537009758539,14.3794005302972,18.4615199482531));
#11299=CARTESIAN_POINT('Origin',(14.0733371300287,14.3794005302972,18.4615199482531));
#11300=CARTESIAN_POINT('',(14.0733371300287,14.3794005302972,18.4615199482531));
#11301=CARTESIAN_POINT('Origin',(14.112247042138,14.3794005302972,18.4615199482531));
#11302=CARTESIAN_POINT('',(14.0733371300287,14.3794005302972,18.4615199482531));
#11303=CARTESIAN_POINT('Origin',(14.112247042138,14.3794005302972,18.4615199482531));
#11304=CARTESIAN_POINT('',(13.8669810814447,14.3794005302972,18.4696297562213));
#11305=CARTESIAN_POINT('Origin',(14.5200954002923,14.3794005302972,18.4615199482531));
#11306=CARTESIAN_POINT('',(13.8669810814447,14.3794005302972,18.4696297562213));
#11307=CARTESIAN_POINT('Origin',(14.5255599541254,14.3794005302972,18.4615199482531));
#11308=CARTESIAN_POINT('',(14.5200954002923,14.3794005302972,18.4615199482531));
#11309=CARTESIAN_POINT('Origin',(14.5255599541254,14.3794005302972,18.4615199482531));
#11310=CARTESIAN_POINT('',(14.5200954002923,14.3794005302972,18.4615199482531));
#11311=CARTESIAN_POINT('Origin',(14.6921573204584,14.5964091209955,18.4615199482531));
#11312=CARTESIAN_POINT('',(14.2061648888177,14.5964091209955,18.4615199482531));
#11313=CARTESIAN_POINT('Origin',(14.2061648888177,14.5964091209955,18.4615199482531));
#11314=CARTESIAN_POINT('',(12.2341666740961,14.5964091209955,17.037519685039));
#11315=CARTESIAN_POINT('Origin',(14.6921573204584,14.5964091209955,18.4615199482531));
#11316=CARTESIAN_POINT('',(14.6921573204584,14.5964091209955,18.4615199482531));
#11317=CARTESIAN_POINT('Origin',(14.769853167016,14.3794005302972,18.4615199482531));
#11318=CARTESIAN_POINT('',(14.6526179833002,14.3794005302972,18.4615199482531));
#11319=CARTESIAN_POINT('Origin',(14.6526179833002,14.3794005302972,18.4615199482531));
#11320=CARTESIAN_POINT('',(14.6526179833002,14.3794005302972,18.4615199482531));
#11321=CARTESIAN_POINT('Origin',(14.6526179833002,14.3794005302972,18.4615199482531));
#11322=CARTESIAN_POINT('',(14.5679030937738,14.3794005302972,18.4615199482531));
#11323=CARTESIAN_POINT('Origin',(14.5679030937738,14.3794005302972,18.4615199482531));
#11324=CARTESIAN_POINT('',(14.5368037743158,14.3794005302972,18.4615199482531));
#11325=CARTESIAN_POINT('Origin',(14.5679030937738,14.3794005302972,18.4615199482531));
#11326=CARTESIAN_POINT('',(13.8669810814447,14.3794005302972,18.4696297562213));
#11327=CARTESIAN_POINT('Origin',(14.5679030937738,14.3794005302972,18.4615199482531));
#11328=CARTESIAN_POINT('Origin',(14.7717605156488,14.3794005302972,18.4696297562213));
#11329=CARTESIAN_POINT('',(14.769853167016,14.3794005302972,18.4615199482531));
#11330=CARTESIAN_POINT('Origin',(14.769853167016,14.3794005302972,18.4615199482531));
#11331=CARTESIAN_POINT('',(14.7717605156488,14.3794005302972,18.4696297562213));
#11332=CARTESIAN_POINT('Origin',(14.7717605156488,14.3794005302972,18.4696297562213));
#11333=CARTESIAN_POINT('',(14.7717605156488,14.3794005302972,18.4696297562213));
#11334=CARTESIAN_POINT('Origin',(14.8186049980707,14.3794005302972,18.4696297562213));
#11335=CARTESIAN_POINT('',(14.7717605156488,14.3794005302972,18.4696297562213));
#11336=CARTESIAN_POINT('Origin',(16.9460807365961,16.3954108147211,18.4696297562213));
#11337=UNCERTAINTY_MEASURE_WITH_UNIT(LENGTH_MEASURE(0.01),#11341,
'DISTANCE_ACCURACY_VALUE',
'Maximum model space distance between geometric entities at asserted c
onnectivities');
#11338=UNCERTAINTY_MEASURE_WITH_UNIT(LENGTH_MEASURE(0.01),#11341,
'DISTANCE_ACCURACY_VALUE',
'Maximum model space distance between geometric entities at asserted c
onnectivities');
#11339=(
GEOMETRIC_REPRESENTATION_CONTEXT(3)
GLOBAL_UNCERTAINTY_ASSIGNED_CONTEXT((#11337))
GLOBAL_UNIT_ASSIGNED_CONTEXT((#11341,#11342,#11343))
REPRESENTATION_CONTEXT('','3D')
);
#11340=(
GEOMETRIC_REPRESENTATION_CONTEXT(3)
GLOBAL_UNCERTAINTY_ASSIGNED_CONTEXT((#11338))
GLOBAL_UNIT_ASSIGNED_CONTEXT((#11341,#11342,#11343))
REPRESENTATION_CONTEXT('','3D')
);
#11341=(
LENGTH_UNIT()
NAMED_UNIT(*)
SI_UNIT(.MILLI.,.METRE.)
);
#11342=(
NAMED_UNIT(*)
PLANE_ANGLE_UNIT()
SI_UNIT($,.RADIAN.)
);
#11343=(
NAMED_UNIT(*)
SI_UNIT($,.STERADIAN.)
SOLID_ANGLE_UNIT()
);
#11344=SHAPE_DEFINITION_REPRESENTATION(#11345,#11346);
#11345=PRODUCT_DEFINITION_SHAPE('',$,#11348);
#11346=SHAPE_REPRESENTATION('',(#6986),#11339);
#11347=PRODUCT_DEFINITION_CONTEXT('part definition',#11352,'design');
#11348=PRODUCT_DEFINITION('AnishPad 1','AnishPad v16',#11349,#11347);
#11349=PRODUCT_DEFINITION_FORMATION('',$,#11354);
#11350=PRODUCT_RELATED_PRODUCT_CATEGORY('AnishPad v16','AnishPad v16',(#11354));
#11351=APPLICATION_PROTOCOL_DEFINITION('international standard',
'automotive_design',2009,#11352);
#11352=APPLICATION_CONTEXT(
'Core Data for Automotive Mechanical Design Process');
#11353=PRODUCT_CONTEXT('part definition',#11352,'mechanical');
#11354=PRODUCT('AnishPad 1','AnishPad v16','KiCad electronic assembly',
(#11353));
#11355=PRESENTATION_STYLE_ASSIGNMENT((#11386));
#11356=PRESENTATION_STYLE_ASSIGNMENT((#11387));
#11357=PRESENTATION_STYLE_ASSIGNMENT((#11388));
#11358=PRESENTATION_STYLE_ASSIGNMENT((#11389));
#11359=PRESENTATION_STYLE_ASSIGNMENT((#11390));
#11360=PRESENTATION_STYLE_ASSIGNMENT((#11391));
#11361=PRESENTATION_STYLE_ASSIGNMENT((#11392));
#11362=PRESENTATION_STYLE_ASSIGNMENT((#11393));
#11363=PRESENTATION_STYLE_ASSIGNMENT((#11394));
#11364=PRESENTATION_STYLE_ASSIGNMENT((#11395));
#11365=PRESENTATION_STYLE_ASSIGNMENT((#11396));
#11366=PRESENTATION_STYLE_ASSIGNMENT((#11397));
#11367=PRESENTATION_STYLE_ASSIGNMENT((#11398));
#11368=PRESENTATION_STYLE_ASSIGNMENT((#11399));
#11369=PRESENTATION_STYLE_ASSIGNMENT((#11400));
#11370=PRESENTATION_STYLE_ASSIGNMENT((#11401));
#11371=PRESENTATION_STYLE_ASSIGNMENT((#11402));
#11372=PRESENTATION_STYLE_ASSIGNMENT((#11403));
#11373=PRESENTATION_STYLE_ASSIGNMENT((#11404));
#11374=PRESENTATION_STYLE_ASSIGNMENT((#11405));
#11375=PRESENTATION_STYLE_ASSIGNMENT((#11406));
#11376=PRESENTATION_STYLE_ASSIGNMENT((#11407));
#11377=PRESENTATION_STYLE_ASSIGNMENT((#11408));
#11378=PRESENTATION_STYLE_ASSIGNMENT((#11409));
#11379=PRESENTATION_STYLE_ASSIGNMENT((#11410));
#11380=PRESENTATION_STYLE_ASSIGNMENT((#11411));
#11381=PRESENTATION_STYLE_ASSIGNMENT((#11412));
#11382=PRESENTATION_STYLE_ASSIGNMENT((#11413));
#11383=PRESENTATION_STYLE_ASSIGNMENT((#11414));
#11384=PRESENTATION_STYLE_ASSIGNMENT((#11415));
#11385=PRESENTATION_STYLE_ASSIGNMENT((#11416));
#11386=SURFACE_STYLE_USAGE(.BOTH.,#11417);
#11387=SURFACE_STYLE_USAGE(.BOTH.,#11418);
#11388=SURFACE_STYLE_USAGE(.BOTH.,#11419);
#11389=SURFACE_STYLE_USAGE(.BOTH.,#11420);
#11390=SURFACE_STYLE_USAGE(.BOTH.,#11421);
#11391=SURFACE_STYLE_USAGE(.BOTH.,#11422);
#11392=SURFACE_STYLE_USAGE(.BOTH.,#11423);
#11393=SURFACE_STYLE_USAGE(.BOTH.,#11424);
#11394=SURFACE_STYLE_USAGE(.BOTH.,#11425);
#11395=SURFACE_STYLE_USAGE(.BOTH.,#11426);
#11396=SURFACE_STYLE_USAGE(.BOTH.,#11427);
#11397=SURFACE_STYLE_USAGE(.BOTH.,#11428);
#11398=SURFACE_STYLE_USAGE(.BOTH.,#11429);
#11399=SURFACE_STYLE_USAGE(.BOTH.,#11430);
#11400=SURFACE_STYLE_USAGE(.BOTH.,#11431);
#11401=SURFACE_STYLE_USAGE(.BOTH.,#11432);
#11402=SURFACE_STYLE_USAGE(.BOTH.,#11433);
#11403=SURFACE_STYLE_USAGE(.BOTH.,#11434);
#11404=SURFACE_STYLE_USAGE(.BOTH.,#11435);
#11405=SURFACE_STYLE_USAGE(.BOTH.,#11436);
#11406=SURFACE_STYLE_USAGE(.BOTH.,#11437);
#11407=SURFACE_STYLE_USAGE(.BOTH.,#11438);
#11408=SURFACE_STYLE_USAGE(.BOTH.,#11439);
#11409=SURFACE_STYLE_USAGE(.BOTH.,#11440);
#11410=SURFACE_STYLE_USAGE(.BOTH.,#11441);
#11411=SURFACE_STYLE_USAGE(.BOTH.,#11442);
#11412=SURFACE_STYLE_USAGE(.BOTH.,#11443);
#11413=SURFACE_STYLE_USAGE(.BOTH.,#11444);
#11414=SURFACE_STYLE_USAGE(.BOTH.,#11445);
#11415=SURFACE_STYLE_USAGE(.BOTH.,#11446);
#11416=SURFACE_STYLE_USAGE(.BOTH.,#11447);
#11417=SURFACE_SIDE_STYLE('',(#11448));
#11418=SURFACE_SIDE_STYLE('',(#11449));
#11419=SURFACE_SIDE_STYLE('',(#11450));
#11420=SURFACE_SIDE_STYLE('',(#11451));
#11421=SURFACE_SIDE_STYLE('',(#11452));
#11422=SURFACE_SIDE_STYLE('',(#11453));
#11423=SURFACE_SIDE_STYLE('',(#11454));
#11424=SURFACE_SIDE_STYLE('',(#11455));
#11425=SURFACE_SIDE_STYLE('',(#11456));
#11426=SURFACE_SIDE_STYLE('',(#11457));
#11427=SURFACE_SIDE_STYLE('',(#11458));
#11428=SURFACE_SIDE_STYLE('',(#11459));
#11429=SURFACE_SIDE_STYLE('',(#11460));
#11430=SURFACE_SIDE_STYLE('',(#11461));
#11431=SURFACE_SIDE_STYLE('',(#11462));
#11432=SURFACE_SIDE_STYLE('',(#11463));
#11433=SURFACE_SIDE_STYLE('',(#11464));
#11434=SURFACE_SIDE_STYLE('',(#11465));
#11435=SURFACE_SIDE_STYLE('',(#11466));
#11436=SURFACE_SIDE_STYLE('',(#11467));
#11437=SURFACE_SIDE_STYLE('',(#11468));
#11438=SURFACE_SIDE_STYLE('',(#11469));
#11439=SURFACE_SIDE_STYLE('',(#11470));
#11440=SURFACE_SIDE_STYLE('',(#11471));
#11441=SURFACE_SIDE_STYLE('',(#11472));
#11442=SURFACE_SIDE_STYLE('',(#11473));
#11443=SURFACE_SIDE_STYLE('',(#11474));
#11444=SURFACE_SIDE_STYLE('',(#11475));
#11445=SURFACE_SIDE_STYLE('',(#11476));
#11446=SURFACE_SIDE_STYLE('',(#11477));
#11447=SURFACE_SIDE_STYLE('',(#11478));
#11448=SURFACE_STYLE_FILL_AREA(#11479);
#11449=SURFACE_STYLE_FILL_AREA(#11480);
#11450=SURFACE_STYLE_FILL_AREA(#11481);
#11451=SURFACE_STYLE_FILL_AREA(#11482);
#11452=SURFACE_STYLE_FILL_AREA(#11483);
#11453=SURFACE_STYLE_FILL_AREA(#11484);
#11454=SURFACE_STYLE_FILL_AREA(#11485);
#11455=SURFACE_STYLE_FILL_AREA(#11486);
#11456=SURFACE_STYLE_FILL_AREA(#11487);
#11457=SURFACE_STYLE_FILL_AREA(#11488);
#11458=SURFACE_STYLE_FILL_AREA(#11489);
#11459=SURFACE_STYLE_FILL_AREA(#11490);
#11460=SURFACE_STYLE_FILL_AREA(#11491);
#11461=SURFACE_STYLE_FILL_AREA(#11492);
#11462=SURFACE_STYLE_FILL_AREA(#11493);
#11463=SURFACE_STYLE_FILL_AREA(#11494);
#11464=SURFACE_STYLE_FILL_AREA(#11495);
#11465=SURFACE_STYLE_FILL_AREA(#11496);
#11466=SURFACE_STYLE_FILL_AREA(#11497);
#11467=SURFACE_STYLE_FILL_AREA(#11498);
#11468=SURFACE_STYLE_FILL_AREA(#11499);
#11469=SURFACE_STYLE_FILL_AREA(#11500);
#11470=SURFACE_STYLE_FILL_AREA(#11501);
#11471=SURFACE_STYLE_FILL_AREA(#11502);
#11472=SURFACE_STYLE_FILL_AREA(#11503);
#11473=SURFACE_STYLE_FILL_AREA(#11504);
#11474=SURFACE_STYLE_FILL_AREA(#11505);
#11475=SURFACE_STYLE_FILL_AREA(#11506);
#11476=SURFACE_STYLE_FILL_AREA(#11507);
#11477=SURFACE_STYLE_FILL_AREA(#11508);
#11478=SURFACE_STYLE_FILL_AREA(#11509);
#11479=FILL_AREA_STYLE('Steel - Satin',(#11510));
#11480=FILL_AREA_STYLE('Paint - Enamel Glossy (White)',(#11511));
#11481=FILL_AREA_STYLE('ABS (White)',(#11512));
#11482=FILL_AREA_STYLE('ABS (White)',(#11513));
#11483=FILL_AREA_STYLE('Opaque(25,25,25)',(#11514));
#11484=FILL_AREA_STYLE('Opaque(255,255,255)',(#11515));
#11485=FILL_AREA_STYLE('Opaque(136,60,0)',(#11516));
#11486=FILL_AREA_STYLE('Opaque(219,188,126)',(#11517));
#11487=FILL_AREA_STYLE('Opaque(210,209,199)',(#11518));
#11488=FILL_AREA_STYLE('Opaque(192,192,192)',(#11519));
#11489=FILL_AREA_STYLE('Opaque(191,191,191)',(#11520));
#11490=FILL_AREA_STYLE('Opaque(0,0,255)',(#11521));
#11491=FILL_AREA_STYLE('Opaque(72,71,61)',(#11522));
#11492=FILL_AREA_STYLE('Opaque(69,80,94)',(#11523));
#11493=FILL_AREA_STYLE('Opaque(244,244,244)',(#11524));
#11494=FILL_AREA_STYLE('Opaque(242,242,255)',(#11525));
#11495=FILL_AREA_STYLE('Opaque(10,74,171)',(#11526));
#11496=FILL_AREA_STYLE('Opaque(5,5,5)',(#11527));
#11497=FILL_AREA_STYLE('Opaque(204,204,204)',(#11528));
#11498=FILL_AREA_STYLE('Opaque(10,10,10)',(#11529));
#11499=FILL_AREA_STYLE('Opaque(152,170,175)',(#11530));
#11500=FILL_AREA_STYLE('Opaque(63,63,63)',(#11531));
#11501=FILL_AREA_STYLE('Opaque(242,242,242)',(#11532));
#11502=FILL_AREA_STYLE('Opaque(211,212,213)',(#11533));
#11503=FILL_AREA_STYLE('Opaque(30,30,30)',(#11534));
#11504=FILL_AREA_STYLE('Opaque(176,173,173)',(#11535));
#11505=FILL_AREA_STYLE('Opaque(80,124,105)',(#11536));
#11506=FILL_AREA_STYLE('ABS (White)',(#11537));
#11507=FILL_AREA_STYLE('ABS (White)',(#11538));
#11508=FILL_AREA_STYLE('Opaque(44,44,44)',(#11539));
#11509=FILL_AREA_STYLE('Opaque(245,245,246)',(#11540));
#11510=FILL_AREA_STYLE_COLOUR('Steel - Satin',#11541);
#11511=FILL_AREA_STYLE_COLOUR('Paint - Enamel Glossy (White)',#11542);
#11512=FILL_AREA_STYLE_COLOUR('ABS (White)',#11543);
#11513=FILL_AREA_STYLE_COLOUR('ABS (White)',#11544);
#11514=FILL_AREA_STYLE_COLOUR('Opaque(25,25,25)',#11545);
#11515=FILL_AREA_STYLE_COLOUR('Opaque(255,255,255)',#11546);
#11516=FILL_AREA_STYLE_COLOUR('Opaque(136,60,0)',#11547);
#11517=FILL_AREA_STYLE_COLOUR('Opaque(219,188,126)',#11548);
#11518=FILL_AREA_STYLE_COLOUR('Opaque(210,209,199)',#11549);
#11519=FILL_AREA_STYLE_COLOUR('Opaque(192,192,192)',#11550);
#11520=FILL_AREA_STYLE_COLOUR('Opaque(191,191,191)',#11551);
#11521=FILL_AREA_STYLE_COLOUR('Opaque(0,0,255)',#11552);
#11522=FILL_AREA_STYLE_COLOUR('Opaque(72,71,61)',#11553);
#11523=FILL_AREA_STYLE_COLOUR('Opaque(69,80,94)',#11554);
#11524=FILL_AREA_STYLE_COLOUR('Opaque(244,244,244)',#11555);
#11525=FILL_AREA_STYLE_COLOUR('Opaque(242,242,255)',#11556);
#11526=FILL_AREA_STYLE_COLOUR('Opaque(10,74,171)',#11557);
#11527=FILL_AREA_STYLE_COLOUR('Opaque(5,5,5)',#11558);
#11528=FILL_AREA_STYLE_COLOUR('Opaque(204,204,204)',#11559);
#11529=FILL_AREA_STYLE_COLOUR('Opaque(10,10,10)',#11560);
#11530=FILL_AREA_STYLE_COLOUR('Opaque(152,170,175)',#11561);
#11531=FILL_AREA_STYLE_COLOUR('Opaque(63,63,63)',#11562);
#11532=FILL_AREA_STYLE_COLOUR('Opaque(242,242,242)',#11563);
#11533=FILL_AREA_STYLE_COLOUR('Opaque(211,212,213)',#11564);
#11534=FILL_AREA_STYLE_COLOUR('Opaque(30,30,30)',#11565);
#11535=FILL_AREA_STYLE_COLOUR('Opaque(176,173,173)',#11566);
#11536=FILL_AREA_STYLE_COLOUR('Opaque(80,124,105)',#11567);
#11537=FILL_AREA_STYLE_COLOUR('ABS (White)',#11568);
#11538=FILL_AREA_STYLE_COLOUR('ABS (White)',#11569);
#11539=FILL_AREA_STYLE_COLOUR('Opaque(44,44,44)',#11570);
#11540=FILL_AREA_STYLE_COLOUR('Opaque(245,245,246)',#11571);
#11541=COLOUR_RGB('Steel - Satin',0.627450980392157,0.627450980392157,0.627450980392157);
#11542=COLOUR_RGB('Paint - Enamel Glossy (White)',0.964705882352941,0.964705882352941,
0.952941176470588);
#11543=COLOUR_RGB('ABS (White)',0.741176470588235,0.447058823529412,0.172549019607843);
#11544=COLOUR_RGB('ABS (White)',0.741176470588235,0.643137254901961,0.196078431372549);
#11545=COLOUR_RGB('Opaque(25,25,25)',0.0980392156862745,0.0980392156862745,
0.0980392156862745);
#11546=COLOUR_RGB('Opaque(255,255,255)',1.,1.,1.);
#11547=COLOUR_RGB('Opaque(136,60,0)',0.533333333333333,0.235294117647059,
0.);
#11548=COLOUR_RGB('Opaque(219,188,126)',0.858823529411765,0.737254901960784,
0.494117647058824);
#11549=COLOUR_RGB('Opaque(210,209,199)',0.823529411764706,0.819607843137255,
0.780392156862745);
#11550=COLOUR_RGB('Opaque(192,192,192)',0.752941176470588,0.752941176470588,
0.752941176470588);
#11551=COLOUR_RGB('Opaque(191,191,191)',0.749019607843137,0.749019607843137,
0.749019607843137);
#11552=COLOUR_RGB('Opaque(0,0,255)',0.,0.,1.);
#11553=COLOUR_RGB('Opaque(72,71,61)',0.282352941176471,0.27843137254902,
0.23921568627451);
#11554=COLOUR_RGB('Opaque(69,80,94)',0.270588235294118,0.313725490196078,
0.368627450980392);
#11555=COLOUR_RGB('Opaque(244,244,244)',0.956862745098039,0.956862745098039,
0.956862745098039);
#11556=COLOUR_RGB('Opaque(242,242,255)',0.949019607843137,0.949019607843137,
1.);
#11557=COLOUR_RGB('Opaque(10,74,171)',0.0392156862745098,0.290196078431373,
0.670588235294118);
#11558=COLOUR_RGB('Opaque(5,5,5)',0.0196078431372549,0.0196078431372549,
0.0196078431372549);
#11559=COLOUR_RGB('Opaque(204,204,204)',0.8,0.8,0.8);
#11560=COLOUR_RGB('Opaque(10,10,10)',0.0392156862745098,0.0392156862745098,
0.0392156862745098);
#11561=COLOUR_RGB('Opaque(152,170,175)',0.596078431372549,0.666666666666667,
0.686274509803922);
#11562=COLOUR_RGB('Opaque(63,63,63)',0.250980392156863,0.250980392156863,
0.250980392156863);
#11563=COLOUR_RGB('Opaque(242,242,242)',0.949019607843137,0.949019607843137,
0.949019607843137);
#11564=COLOUR_RGB('Opaque(211,212,213)',0.827450980392157,0.831372549019608,
0.835294117647059);
#11565=COLOUR_RGB('Opaque(30,30,30)',0.117647058823529,0.117647058823529,
0.117647058823529);
#11566=COLOUR_RGB('Opaque(176,173,173)',0.690196078431373,0.67843137254902,
0.67843137254902);
#11567=COLOUR_RGB('Opaque(80,124,105)',0.313725490196078,0.486274509803922,
0.411764705882353);
#11568=COLOUR_RGB('ABS (White)',0.494117647058824,0.494117647058824,0.494117647058824);
#11569=COLOUR_RGB('ABS (White)',0.72156862745098,0.0980392156862745,0.);
#11570=COLOUR_RGB('Opaque(44,44,44)',0.172549019607843,0.172549019607843,
0.172549019607843);
#11571=COLOUR_RGB('Opaque(245,245,246)',0.96078431372549,0.96078431372549,
0.964705882352941);
ENDSEC;
END-ISO-10303-21;
