ISO-10303-21;
HEADER;
/* Generated by software containing ST-Developer
 * from STEP Tools, Inc. (www.steptools.com) 
 */

FILE_DESCRIPTION(
/* description */ ('KiCad electronic assembly'),
/* implementation_level */ '2;1');

FILE_NAME(
/* name */ 'AnishPad Case Top.step',
/* time_stamp */ '2026-07-27T10:21:31-07:00',
/* author */ (''),
/* organization */ (''),
/* preprocessor_version */ 'ST-DEVELOPER v20.1',
/* originating_system */ 'Autodesk Translation Framework v15.8.0.0',
/* authorisation */ '');

FILE_SCHEMA (('AUTOMOTIVE_DESIGN { 1 0 10303 214 3 1 1 }'));
ENDSEC;

DATA;
#10=MECHANICAL_DESIGN_GEOMETRIC_PRESENTATION_REPRESENTATION('',(#13),#4390);
#11=SHAPE_REPRESENTATION_RELATIONSHIP('SRR','None',#4396,#12);
#12=ADVANCED_BREP_SHAPE_REPRESENTATION('',(#14),#4389);
#13=STYLED_ITEM('',(#4408),#14);
#14=MANIFOLD_SOLID_BREP('Top',#2594);
#15=FACE_BOUND('',#321,.T.);
#16=FACE_BOUND('',#322,.T.);
#17=FACE_BOUND('',#323,.T.);
#18=FACE_BOUND('',#324,.T.);
#19=FACE_BOUND('',#325,.T.);
#20=FACE_BOUND('',#326,.T.);
#21=FACE_BOUND('',#327,.T.);
#22=FACE_BOUND('',#328,.T.);
#23=FACE_BOUND('',#329,.T.);
#24=FACE_BOUND('',#330,.T.);
#25=FACE_BOUND('',#334,.T.);
#26=FACE_BOUND('',#351,.T.);
#27=FACE_BOUND('',#354,.T.);
#28=FACE_BOUND('',#357,.T.);
#29=FACE_BOUND('',#444,.T.);
#30=FACE_BOUND('',#445,.T.);
#31=FACE_BOUND('',#446,.T.);
#32=FACE_BOUND('',#447,.T.);
#33=FACE_BOUND('',#448,.T.);
#34=FACE_BOUND('',#449,.T.);
#35=FACE_BOUND('',#450,.T.);
#36=FACE_BOUND('',#451,.T.);
#37=FACE_BOUND('',#452,.T.);
#38=FACE_BOUND('',#453,.T.);
#39=FACE_BOUND('',#454,.T.);
#40=CYLINDRICAL_SURFACE('',#2613,6.818);
#41=CYLINDRICAL_SURFACE('',#2616,17.294);
#42=CYLINDRICAL_SURFACE('',#2650,6.818);
#43=CYLINDRICAL_SURFACE('',#2659,6.818);
#44=CYLINDRICAL_SURFACE('',#2660,9.);
#45=CYLINDRICAL_SURFACE('',#2663,8.99999999999999);
#46=CYLINDRICAL_SURFACE('',#2667,16.29375023251);
#47=CYLINDRICAL_SURFACE('',#2670,9.00000000000001);
#48=CYLINDRICAL_SURFACE('',#2672,1.35);
#49=CYLINDRICAL_SURFACE('',#2675,1.35);
#50=CYLINDRICAL_SURFACE('',#2678,1.35);
#51=CYLINDRICAL_SURFACE('',#2682,1.35);
#52=CYLINDRICAL_SURFACE('',#2685,3.50000000000001);
#53=CYLINDRICAL_SURFACE('',#2688,3.5);
#54=CYLINDRICAL_SURFACE('',#2691,3.5);
#55=CYLINDRICAL_SURFACE('',#2707,6.5);
#56=CYLINDRICAL_SURFACE('',#2710,6.5);
#57=CYLINDRICAL_SURFACE('',#2725,6.5);
#58=CYLINDRICAL_SURFACE('',#2728,6.5);
#59=CYLINDRICAL_SURFACE('',#2742,6.5);
#60=CYLINDRICAL_SURFACE('',#2745,6.5);
#61=CYLINDRICAL_SURFACE('',#2760,6.5);
#62=CYLINDRICAL_SURFACE('',#2763,6.5);
#63=CYLINDRICAL_SURFACE('',#2779,6.5);
#64=CYLINDRICAL_SURFACE('',#2782,6.5);
#65=CYLINDRICAL_SURFACE('',#2796,6.5);
#66=CYLINDRICAL_SURFACE('',#2799,6.5);
#67=CYLINDRICAL_SURFACE('',#2814,7.295);
#68=CYLINDRICAL_SURFACE('',#2817,7.295);
#69=CYLINDRICAL_SURFACE('',#2836,7.295);
#70=CYLINDRICAL_SURFACE('',#2840,6.5);
#71=CYLINDRICAL_SURFACE('',#2842,6.5);
#72=CYLINDRICAL_SURFACE('',#2843,6.5);
#73=CYLINDRICAL_SURFACE('',#2845,6.5);
#74=CYLINDRICAL_SURFACE('',#2847,6.5);
#75=CYLINDRICAL_SURFACE('',#2850,6.5);
#76=CYLINDRICAL_SURFACE('',#2852,6.5);
#77=CYLINDRICAL_SURFACE('',#2855,6.5);
#78=CYLINDRICAL_SURFACE('',#2856,6.5);
#79=CYLINDRICAL_SURFACE('',#2858,6.5);
#80=CYLINDRICAL_SURFACE('',#2859,6.5);
#81=CYLINDRICAL_SURFACE('',#2861,6.5);
#82=CYLINDRICAL_SURFACE('',#2863,7.29375023251002);
#83=PLANE('',#2599);
#84=PLANE('',#2603);
#85=PLANE('',#2607);
#86=PLANE('',#2611);
#87=PLANE('',#2612);
#88=PLANE('',#2615);
#89=PLANE('',#2618);
#90=PLANE('',#2652);
#91=PLANE('',#2653);
#92=PLANE('',#2662);
#93=PLANE('',#2665);
#94=PLANE('',#2666);
#95=PLANE('',#2669);
#96=PLANE('',#2681);
#97=PLANE('',#2687);
#98=PLANE('',#2690);
#99=PLANE('',#2693);
#100=PLANE('',#2696);
#101=PLANE('',#2699);
#102=PLANE('',#2702);
#103=PLANE('',#2705);
#104=PLANE('',#2706);
#105=PLANE('',#2709);
#106=PLANE('',#2714);
#107=PLANE('',#2717);
#108=PLANE('',#2720);
#109=PLANE('',#2723);
#110=PLANE('',#2724);
#111=PLANE('',#2727);
#112=PLANE('',#2730);
#113=PLANE('',#2733);
#114=PLANE('',#2736);
#115=PLANE('',#2739);
#116=PLANE('',#2744);
#117=PLANE('',#2747);
#118=PLANE('',#2748);
#119=PLANE('',#2751);
#120=PLANE('',#2754);
#121=PLANE('',#2757);
#122=PLANE('',#2762);
#123=PLANE('',#2765);
#124=PLANE('',#2768);
#125=PLANE('',#2771);
#126=PLANE('',#2774);
#127=PLANE('',#2777);
#128=PLANE('',#2778);
#129=PLANE('',#2781);
#130=PLANE('',#2784);
#131=PLANE('',#2787);
#132=PLANE('',#2790);
#133=PLANE('',#2793);
#134=PLANE('',#2798);
#135=PLANE('',#2801);
#136=PLANE('',#2802);
#137=PLANE('',#2805);
#138=PLANE('',#2808);
#139=PLANE('',#2811);
#140=PLANE('',#2816);
#141=PLANE('',#2819);
#142=PLANE('',#2820);
#143=PLANE('',#2821);
#144=PLANE('',#2837);
#145=PLANE('',#2838);
#146=PLANE('',#2839);
#147=PLANE('',#2841);
#148=PLANE('',#2844);
#149=PLANE('',#2846);
#150=PLANE('',#2848);
#151=PLANE('',#2849);
#152=PLANE('',#2851);
#153=PLANE('',#2853);
#154=PLANE('',#2854);
#155=PLANE('',#2857);
#156=PLANE('',#2860);
#157=PLANE('',#2862);
#158=FACE_OUTER_BOUND('',#308,.T.);
#159=FACE_OUTER_BOUND('',#309,.T.);
#160=FACE_OUTER_BOUND('',#310,.T.);
#161=FACE_OUTER_BOUND('',#311,.T.);
#162=FACE_OUTER_BOUND('',#312,.T.);
#163=FACE_OUTER_BOUND('',#313,.T.);
#164=FACE_OUTER_BOUND('',#314,.T.);
#165=FACE_OUTER_BOUND('',#315,.T.);
#166=FACE_OUTER_BOUND('',#316,.T.);
#167=FACE_OUTER_BOUND('',#317,.T.);
#168=FACE_OUTER_BOUND('',#318,.T.);
#169=FACE_OUTER_BOUND('',#319,.T.);
#170=FACE_OUTER_BOUND('',#320,.T.);
#171=FACE_OUTER_BOUND('',#331,.T.);
#172=FACE_OUTER_BOUND('',#332,.T.);
#173=FACE_OUTER_BOUND('',#333,.T.);
#174=FACE_OUTER_BOUND('',#335,.T.);
#175=FACE_OUTER_BOUND('',#336,.T.);
#176=FACE_OUTER_BOUND('',#337,.T.);
#177=FACE_OUTER_BOUND('',#338,.T.);
#178=FACE_OUTER_BOUND('',#339,.T.);
#179=FACE_OUTER_BOUND('',#340,.T.);
#180=FACE_OUTER_BOUND('',#341,.T.);
#181=FACE_OUTER_BOUND('',#342,.T.);
#182=FACE_OUTER_BOUND('',#343,.T.);
#183=FACE_OUTER_BOUND('',#344,.T.);
#184=FACE_OUTER_BOUND('',#345,.T.);
#185=FACE_OUTER_BOUND('',#346,.T.);
#186=FACE_OUTER_BOUND('',#347,.T.);
#187=FACE_OUTER_BOUND('',#348,.T.);
#188=FACE_OUTER_BOUND('',#349,.T.);
#189=FACE_OUTER_BOUND('',#350,.T.);
#190=FACE_OUTER_BOUND('',#352,.T.);
#191=FACE_OUTER_BOUND('',#353,.T.);
#192=FACE_OUTER_BOUND('',#355,.T.);
#193=FACE_OUTER_BOUND('',#356,.T.);
#194=FACE_OUTER_BOUND('',#358,.T.);
#195=FACE_OUTER_BOUND('',#359,.T.);
#196=FACE_OUTER_BOUND('',#360,.T.);
#197=FACE_OUTER_BOUND('',#361,.T.);
#198=FACE_OUTER_BOUND('',#362,.T.);
#199=FACE_OUTER_BOUND('',#363,.T.);
#200=FACE_OUTER_BOUND('',#364,.T.);
#201=FACE_OUTER_BOUND('',#365,.T.);
#202=FACE_OUTER_BOUND('',#366,.T.);
#203=FACE_OUTER_BOUND('',#367,.T.);
#204=FACE_OUTER_BOUND('',#368,.T.);
#205=FACE_OUTER_BOUND('',#369,.T.);
#206=FACE_OUTER_BOUND('',#370,.T.);
#207=FACE_OUTER_BOUND('',#371,.T.);
#208=FACE_OUTER_BOUND('',#372,.T.);
#209=FACE_OUTER_BOUND('',#373,.T.);
#210=FACE_OUTER_BOUND('',#374,.T.);
#211=FACE_OUTER_BOUND('',#375,.T.);
#212=FACE_OUTER_BOUND('',#376,.T.);
#213=FACE_OUTER_BOUND('',#377,.T.);
#214=FACE_OUTER_BOUND('',#378,.T.);
#215=FACE_OUTER_BOUND('',#379,.T.);
#216=FACE_OUTER_BOUND('',#380,.T.);
#217=FACE_OUTER_BOUND('',#381,.T.);
#218=FACE_OUTER_BOUND('',#382,.T.);
#219=FACE_OUTER_BOUND('',#383,.T.);
#220=FACE_OUTER_BOUND('',#384,.T.);
#221=FACE_OUTER_BOUND('',#385,.T.);
#222=FACE_OUTER_BOUND('',#386,.T.);
#223=FACE_OUTER_BOUND('',#387,.T.);
#224=FACE_OUTER_BOUND('',#388,.T.);
#225=FACE_OUTER_BOUND('',#389,.T.);
#226=FACE_OUTER_BOUND('',#390,.T.);
#227=FACE_OUTER_BOUND('',#391,.T.);
#228=FACE_OUTER_BOUND('',#392,.T.);
#229=FACE_OUTER_BOUND('',#393,.T.);
#230=FACE_OUTER_BOUND('',#394,.T.);
#231=FACE_OUTER_BOUND('',#395,.T.);
#232=FACE_OUTER_BOUND('',#396,.T.);
#233=FACE_OUTER_BOUND('',#397,.T.);
#234=FACE_OUTER_BOUND('',#398,.T.);
#235=FACE_OUTER_BOUND('',#399,.T.);
#236=FACE_OUTER_BOUND('',#400,.T.);
#237=FACE_OUTER_BOUND('',#401,.T.);
#238=FACE_OUTER_BOUND('',#402,.T.);
#239=FACE_OUTER_BOUND('',#403,.T.);
#240=FACE_OUTER_BOUND('',#404,.T.);
#241=FACE_OUTER_BOUND('',#405,.T.);
#242=FACE_OUTER_BOUND('',#406,.T.);
#243=FACE_OUTER_BOUND('',#407,.T.);
#244=FACE_OUTER_BOUND('',#408,.T.);
#245=FACE_OUTER_BOUND('',#409,.T.);
#246=FACE_OUTER_BOUND('',#410,.T.);
#247=FACE_OUTER_BOUND('',#411,.T.);
#248=FACE_OUTER_BOUND('',#412,.T.);
#249=FACE_OUTER_BOUND('',#413,.T.);
#250=FACE_OUTER_BOUND('',#414,.T.);
#251=FACE_OUTER_BOUND('',#415,.T.);
#252=FACE_OUTER_BOUND('',#416,.T.);
#253=FACE_OUTER_BOUND('',#417,.T.);
#254=FACE_OUTER_BOUND('',#418,.T.);
#255=FACE_OUTER_BOUND('',#419,.T.);
#256=FACE_OUTER_BOUND('',#420,.T.);
#257=FACE_OUTER_BOUND('',#421,.T.);
#258=FACE_OUTER_BOUND('',#422,.T.);
#259=FACE_OUTER_BOUND('',#423,.T.);
#260=FACE_OUTER_BOUND('',#424,.T.);
#261=FACE_OUTER_BOUND('',#425,.T.);
#262=FACE_OUTER_BOUND('',#426,.T.);
#263=FACE_OUTER_BOUND('',#427,.T.);
#264=FACE_OUTER_BOUND('',#428,.T.);
#265=FACE_OUTER_BOUND('',#429,.T.);
#266=FACE_OUTER_BOUND('',#430,.T.);
#267=FACE_OUTER_BOUND('',#431,.T.);
#268=FACE_OUTER_BOUND('',#432,.T.);
#269=FACE_OUTER_BOUND('',#433,.T.);
#270=FACE_OUTER_BOUND('',#434,.T.);
#271=FACE_OUTER_BOUND('',#435,.T.);
#272=FACE_OUTER_BOUND('',#436,.T.);
#273=FACE_OUTER_BOUND('',#437,.T.);
#274=FACE_OUTER_BOUND('',#438,.T.);
#275=FACE_OUTER_BOUND('',#439,.T.);
#276=FACE_OUTER_BOUND('',#440,.T.);
#277=FACE_OUTER_BOUND('',#441,.T.);
#278=FACE_OUTER_BOUND('',#442,.T.);
#279=FACE_OUTER_BOUND('',#443,.T.);
#280=FACE_OUTER_BOUND('',#455,.T.);
#281=FACE_OUTER_BOUND('',#456,.T.);
#282=FACE_OUTER_BOUND('',#457,.T.);
#283=FACE_OUTER_BOUND('',#458,.T.);
#284=FACE_OUTER_BOUND('',#459,.T.);
#285=FACE_OUTER_BOUND('',#460,.T.);
#286=FACE_OUTER_BOUND('',#461,.T.);
#287=FACE_OUTER_BOUND('',#462,.T.);
#288=FACE_OUTER_BOUND('',#463,.T.);
#289=FACE_OUTER_BOUND('',#464,.T.);
#290=FACE_OUTER_BOUND('',#465,.T.);
#291=FACE_OUTER_BOUND('',#466,.T.);
#292=FACE_OUTER_BOUND('',#467,.T.);
#293=FACE_OUTER_BOUND('',#468,.T.);
#294=FACE_OUTER_BOUND('',#469,.T.);
#295=FACE_OUTER_BOUND('',#470,.T.);
#296=FACE_OUTER_BOUND('',#471,.T.);
#297=FACE_OUTER_BOUND('',#472,.T.);
#298=FACE_OUTER_BOUND('',#473,.T.);
#299=FACE_OUTER_BOUND('',#474,.T.);
#300=FACE_OUTER_BOUND('',#475,.T.);
#301=FACE_OUTER_BOUND('',#476,.T.);
#302=FACE_OUTER_BOUND('',#477,.T.);
#303=FACE_OUTER_BOUND('',#478,.T.);
#304=FACE_OUTER_BOUND('',#479,.T.);
#305=FACE_OUTER_BOUND('',#480,.T.);
#306=FACE_OUTER_BOUND('',#481,.T.);
#307=FACE_OUTER_BOUND('',#482,.T.);
#308=EDGE_LOOP('',(#1682,#1683,#1684,#1685));
#309=EDGE_LOOP('',(#1686,#1687,#1688,#1689));
#310=EDGE_LOOP('',(#1690,#1691,#1692,#1693));
#311=EDGE_LOOP('',(#1694,#1695,#1696,#1697));
#312=EDGE_LOOP('',(#1698,#1699,#1700,#1701));
#313=EDGE_LOOP('',(#1702,#1703,#1704,#1705));
#314=EDGE_LOOP('',(#1706,#1707,#1708,#1709));
#315=EDGE_LOOP('',(#1710,#1711,#1712,#1713));
#316=EDGE_LOOP('',(#1714,#1715,#1716,#1717));
#317=EDGE_LOOP('',(#1718,#1719,#1720,#1721));
#318=EDGE_LOOP('',(#1722,#1723,#1724,#1725));
#319=EDGE_LOOP('',(#1726,#1727,#1728,#1729));
#320=EDGE_LOOP('',(#1730,#1731,#1732,#1733,#1734,#1735,#1736,#1737));
#321=EDGE_LOOP('',(#1738,#1739,#1740,#1741,#1742,#1743,#1744,#1745));
#322=EDGE_LOOP('',(#1746,#1747,#1748,#1749,#1750,#1751,#1752,#1753));
#323=EDGE_LOOP('',(#1754,#1755,#1756,#1757,#1758,#1759,#1760,#1761));
#324=EDGE_LOOP('',(#1762,#1763,#1764,#1765,#1766,#1767,#1768,#1769));
#325=EDGE_LOOP('',(#1770,#1771,#1772,#1773,#1774,#1775,#1776,#1777));
#326=EDGE_LOOP('',(#1778,#1779,#1780,#1781,#1782,#1783,#1784,#1785));
#327=EDGE_LOOP('',(#1786,#1787,#1788,#1789,#1790,#1791,#1792,#1793));
#328=EDGE_LOOP('',(#1794));
#329=EDGE_LOOP('',(#1795));
#330=EDGE_LOOP('',(#1796));
#331=EDGE_LOOP('',(#1797,#1798,#1799,#1800));
#332=EDGE_LOOP('',(#1801,#1802,#1803,#1804));
#333=EDGE_LOOP('',(#1805,#1806,#1807,#1808,#1809,#1810,#1811,#1812));
#334=EDGE_LOOP('',(#1813,#1814,#1815,#1816,#1817,#1818,#1819,#1820));
#335=EDGE_LOOP('',(#1821,#1822,#1823,#1824));
#336=EDGE_LOOP('',(#1825,#1826,#1827,#1828));
#337=EDGE_LOOP('',(#1829,#1830,#1831,#1832));
#338=EDGE_LOOP('',(#1833,#1834,#1835,#1836));
#339=EDGE_LOOP('',(#1837,#1838,#1839,#1840));
#340=EDGE_LOOP('',(#1841,#1842,#1843,#1844));
#341=EDGE_LOOP('',(#1845,#1846,#1847,#1848));
#342=EDGE_LOOP('',(#1849,#1850,#1851,#1852));
#343=EDGE_LOOP('',(#1853,#1854,#1855,#1856));
#344=EDGE_LOOP('',(#1857,#1858,#1859,#1860));
#345=EDGE_LOOP('',(#1861,#1862,#1863,#1864));
#346=EDGE_LOOP('',(#1865,#1866,#1867,#1868));
#347=EDGE_LOOP('',(#1869));
#348=EDGE_LOOP('',(#1870,#1871,#1872,#1873));
#349=EDGE_LOOP('',(#1874,#1875,#1876,#1877));
#350=EDGE_LOOP('',(#1878));
#351=EDGE_LOOP('',(#1879));
#352=EDGE_LOOP('',(#1880,#1881,#1882,#1883));
#353=EDGE_LOOP('',(#1884));
#354=EDGE_LOOP('',(#1885));
#355=EDGE_LOOP('',(#1886,#1887,#1888,#1889));
#356=EDGE_LOOP('',(#1890));
#357=EDGE_LOOP('',(#1891));
#358=EDGE_LOOP('',(#1892,#1893,#1894,#1895));
#359=EDGE_LOOP('',(#1896,#1897,#1898,#1899));
#360=EDGE_LOOP('',(#1900,#1901,#1902,#1903));
#361=EDGE_LOOP('',(#1904,#1905,#1906,#1907));
#362=EDGE_LOOP('',(#1908,#1909,#1910,#1911));
#363=EDGE_LOOP('',(#1912,#1913,#1914,#1915));
#364=EDGE_LOOP('',(#1916,#1917,#1918,#1919));
#365=EDGE_LOOP('',(#1920,#1921,#1922,#1923));
#366=EDGE_LOOP('',(#1924,#1925,#1926,#1927));
#367=EDGE_LOOP('',(#1928,#1929,#1930,#1931));
#368=EDGE_LOOP('',(#1932,#1933,#1934,#1935));
#369=EDGE_LOOP('',(#1936,#1937,#1938,#1939));
#370=EDGE_LOOP('',(#1940,#1941,#1942,#1943));
#371=EDGE_LOOP('',(#1944,#1945,#1946,#1947));
#372=EDGE_LOOP('',(#1948,#1949,#1950,#1951));
#373=EDGE_LOOP('',(#1952,#1953,#1954,#1955));
#374=EDGE_LOOP('',(#1956,#1957,#1958,#1959));
#375=EDGE_LOOP('',(#1960,#1961,#1962,#1963));
#376=EDGE_LOOP('',(#1964,#1965,#1966,#1967));
#377=EDGE_LOOP('',(#1968,#1969,#1970,#1971));
#378=EDGE_LOOP('',(#1972,#1973,#1974,#1975));
#379=EDGE_LOOP('',(#1976,#1977,#1978,#1979));
#380=EDGE_LOOP('',(#1980,#1981,#1982,#1983));
#381=EDGE_LOOP('',(#1984,#1985,#1986,#1987));
#382=EDGE_LOOP('',(#1988,#1989,#1990,#1991));
#383=EDGE_LOOP('',(#1992,#1993,#1994,#1995));
#384=EDGE_LOOP('',(#1996,#1997,#1998,#1999));
#385=EDGE_LOOP('',(#2000,#2001,#2002,#2003));
#386=EDGE_LOOP('',(#2004,#2005,#2006,#2007));
#387=EDGE_LOOP('',(#2008,#2009,#2010,#2011));
#388=EDGE_LOOP('',(#2012,#2013,#2014,#2015));
#389=EDGE_LOOP('',(#2016,#2017,#2018,#2019));
#390=EDGE_LOOP('',(#2020,#2021,#2022,#2023));
#391=EDGE_LOOP('',(#2024,#2025,#2026,#2027));
#392=EDGE_LOOP('',(#2028,#2029,#2030,#2031));
#393=EDGE_LOOP('',(#2032,#2033,#2034,#2035));
#394=EDGE_LOOP('',(#2036,#2037,#2038,#2039));
#395=EDGE_LOOP('',(#2040,#2041,#2042,#2043));
#396=EDGE_LOOP('',(#2044,#2045,#2046,#2047));
#397=EDGE_LOOP('',(#2048,#2049,#2050,#2051));
#398=EDGE_LOOP('',(#2052,#2053,#2054,#2055));
#399=EDGE_LOOP('',(#2056,#2057,#2058,#2059));
#400=EDGE_LOOP('',(#2060,#2061,#2062,#2063));
#401=EDGE_LOOP('',(#2064,#2065,#2066,#2067));
#402=EDGE_LOOP('',(#2068,#2069,#2070,#2071));
#403=EDGE_LOOP('',(#2072,#2073,#2074,#2075));
#404=EDGE_LOOP('',(#2076,#2077,#2078,#2079));
#405=EDGE_LOOP('',(#2080,#2081,#2082,#2083));
#406=EDGE_LOOP('',(#2084,#2085,#2086,#2087));
#407=EDGE_LOOP('',(#2088,#2089,#2090,#2091));
#408=EDGE_LOOP('',(#2092,#2093,#2094,#2095));
#409=EDGE_LOOP('',(#2096,#2097,#2098,#2099));
#410=EDGE_LOOP('',(#2100,#2101,#2102,#2103));
#411=EDGE_LOOP('',(#2104,#2105,#2106,#2107));
#412=EDGE_LOOP('',(#2108,#2109,#2110,#2111));
#413=EDGE_LOOP('',(#2112,#2113,#2114,#2115));
#414=EDGE_LOOP('',(#2116,#2117,#2118,#2119));
#415=EDGE_LOOP('',(#2120,#2121,#2122,#2123));
#416=EDGE_LOOP('',(#2124,#2125,#2126,#2127));
#417=EDGE_LOOP('',(#2128,#2129,#2130,#2131));
#418=EDGE_LOOP('',(#2132,#2133,#2134,#2135));
#419=EDGE_LOOP('',(#2136,#2137,#2138,#2139));
#420=EDGE_LOOP('',(#2140,#2141,#2142,#2143));
#421=EDGE_LOOP('',(#2144,#2145,#2146,#2147));
#422=EDGE_LOOP('',(#2148,#2149,#2150,#2151));
#423=EDGE_LOOP('',(#2152,#2153,#2154,#2155));
#424=EDGE_LOOP('',(#2156,#2157,#2158,#2159));
#425=EDGE_LOOP('',(#2160,#2161,#2162,#2163));
#426=EDGE_LOOP('',(#2164,#2165,#2166,#2167));
#427=EDGE_LOOP('',(#2168,#2169,#2170,#2171));
#428=EDGE_LOOP('',(#2172,#2173,#2174,#2175));
#429=EDGE_LOOP('',(#2176,#2177,#2178,#2179));
#430=EDGE_LOOP('',(#2180,#2181,#2182,#2183));
#431=EDGE_LOOP('',(#2184,#2185,#2186,#2187));
#432=EDGE_LOOP('',(#2188,#2189,#2190,#2191));
#433=EDGE_LOOP('',(#2192,#2193,#2194,#2195));
#434=EDGE_LOOP('',(#2196,#2197,#2198,#2199));
#435=EDGE_LOOP('',(#2200,#2201,#2202,#2203));
#436=EDGE_LOOP('',(#2204,#2205,#2206,#2207));
#437=EDGE_LOOP('',(#2208,#2209,#2210,#2211));
#438=EDGE_LOOP('',(#2212,#2213,#2214,#2215));
#439=EDGE_LOOP('',(#2216,#2217,#2218,#2219));
#440=EDGE_LOOP('',(#2220,#2221,#2222,#2223));
#441=EDGE_LOOP('',(#2224,#2225,#2226,#2227));
#442=EDGE_LOOP('',(#2228,#2229,#2230,#2231));
#443=EDGE_LOOP('',(#2232,#2233,#2234,#2235,#2236,#2237,#2238,#2239));
#444=EDGE_LOOP('',(#2240,#2241,#2242,#2243,#2244,#2245,#2246,#2247));
#445=EDGE_LOOP('',(#2248,#2249,#2250,#2251,#2252,#2253,#2254,#2255));
#446=EDGE_LOOP('',(#2256,#2257,#2258,#2259,#2260,#2261,#2262,#2263));
#447=EDGE_LOOP('',(#2264,#2265,#2266,#2267,#2268,#2269,#2270,#2271));
#448=EDGE_LOOP('',(#2272,#2273,#2274,#2275,#2276,#2277,#2278,#2279));
#449=EDGE_LOOP('',(#2280,#2281,#2282,#2283,#2284,#2285,#2286,#2287));
#450=EDGE_LOOP('',(#2288,#2289,#2290,#2291,#2292,#2293,#2294,#2295));
#451=EDGE_LOOP('',(#2296));
#452=EDGE_LOOP('',(#2297));
#453=EDGE_LOOP('',(#2298));
#454=EDGE_LOOP('',(#2299));
#455=EDGE_LOOP('',(#2300,#2301,#2302,#2303));
#456=EDGE_LOOP('',(#2304,#2305,#2306,#2307));
#457=EDGE_LOOP('',(#2308,#2309,#2310,#2311));
#458=EDGE_LOOP('',(#2312,#2313,#2314,#2315));
#459=EDGE_LOOP('',(#2316,#2317,#2318,#2319));
#460=EDGE_LOOP('',(#2320,#2321,#2322,#2323));
#461=EDGE_LOOP('',(#2324,#2325,#2326,#2327));
#462=EDGE_LOOP('',(#2328,#2329,#2330,#2331));
#463=EDGE_LOOP('',(#2332,#2333,#2334,#2335));
#464=EDGE_LOOP('',(#2336,#2337,#2338,#2339));
#465=EDGE_LOOP('',(#2340,#2341,#2342,#2343));
#466=EDGE_LOOP('',(#2344,#2345,#2346,#2347));
#467=EDGE_LOOP('',(#2348,#2349,#2350,#2351));
#468=EDGE_LOOP('',(#2352,#2353,#2354,#2355));
#469=EDGE_LOOP('',(#2356,#2357,#2358,#2359));
#470=EDGE_LOOP('',(#2360,#2361,#2362,#2363));
#471=EDGE_LOOP('',(#2364,#2365,#2366,#2367));
#472=EDGE_LOOP('',(#2368,#2369,#2370,#2371));
#473=EDGE_LOOP('',(#2372,#2373,#2374,#2375));
#474=EDGE_LOOP('',(#2376,#2377,#2378,#2379));
#475=EDGE_LOOP('',(#2380,#2381,#2382,#2383));
#476=EDGE_LOOP('',(#2384,#2385,#2386,#2387));
#477=EDGE_LOOP('',(#2388,#2389,#2390,#2391));
#478=EDGE_LOOP('',(#2392,#2393,#2394,#2395));
#479=EDGE_LOOP('',(#2396,#2397,#2398,#2399));
#480=EDGE_LOOP('',(#2400,#2401,#2402,#2403));
#481=EDGE_LOOP('',(#2404,#2405,#2406,#2407));
#482=EDGE_LOOP('',(#2408,#2409,#2410,#2411));
#483=CIRCLE('',#2597,17.294);
#484=CIRCLE('',#2598,16.294);
#485=CIRCLE('',#2601,6.818);
#486=CIRCLE('',#2602,5.818);
#487=CIRCLE('',#2605,6.818);
#488=CIRCLE('',#2606,5.818);
#489=CIRCLE('',#2609,6.818);
#490=CIRCLE('',#2610,5.818);
#491=CIRCLE('',#2614,6.818);
#492=CIRCLE('',#2617,17.294);
#493=CIRCLE('',#2619,7.5);
#494=CIRCLE('',#2620,7.5);
#495=CIRCLE('',#2621,7.5);
#496=CIRCLE('',#2622,7.5);
#497=CIRCLE('',#2623,7.5);
#498=CIRCLE('',#2624,7.5);
#499=CIRCLE('',#2625,7.5);
#500=CIRCLE('',#2626,7.5);
#501=CIRCLE('',#2627,7.5);
#502=CIRCLE('',#2628,7.5);
#503=CIRCLE('',#2629,7.5);
#504=CIRCLE('',#2630,7.5);
#505=CIRCLE('',#2631,8.295);
#506=CIRCLE('',#2632,8.295);
#507=CIRCLE('',#2633,8.295);
#508=CIRCLE('',#2634,8.29375023251002);
#509=CIRCLE('',#2635,7.5);
#510=CIRCLE('',#2636,7.5);
#511=CIRCLE('',#2637,7.5);
#512=CIRCLE('',#2638,7.5);
#513=CIRCLE('',#2639,7.5);
#514=CIRCLE('',#2640,7.5);
#515=CIRCLE('',#2641,7.5);
#516=CIRCLE('',#2642,7.5);
#517=CIRCLE('',#2643,7.5);
#518=CIRCLE('',#2644,7.5);
#519=CIRCLE('',#2645,7.5);
#520=CIRCLE('',#2646,7.5);
#521=CIRCLE('',#2647,3.5);
#522=CIRCLE('',#2648,3.5);
#523=CIRCLE('',#2649,3.50000000000001);
#524=CIRCLE('',#2651,6.818);
#525=CIRCLE('',#2654,6.818);
#526=CIRCLE('',#2655,9.00000000000001);
#527=CIRCLE('',#2656,16.29375023251);
#528=CIRCLE('',#2657,9.);
#529=CIRCLE('',#2658,8.99999999999999);
#530=CIRCLE('',#2661,9.);
#531=CIRCLE('',#2664,9.);
#532=CIRCLE('',#2668,16.29375023251);
#533=CIRCLE('',#2671,9.);
#534=CIRCLE('',#2673,1.35);
#535=CIRCLE('',#2674,1.35);
#536=CIRCLE('',#2676,1.35);
#537=CIRCLE('',#2677,1.35);
#538=CIRCLE('',#2679,1.35);
#539=CIRCLE('',#2680,1.35);
#540=CIRCLE('',#2683,1.35);
#541=CIRCLE('',#2684,1.35);
#542=CIRCLE('',#2686,3.50000000000001);
#543=CIRCLE('',#2689,3.5);
#544=CIRCLE('',#2692,3.5);
#545=CIRCLE('',#2695,6.5);
#546=CIRCLE('',#2698,6.5);
#547=CIRCLE('',#2701,6.5);
#548=CIRCLE('',#2704,6.5);
#549=CIRCLE('',#2708,6.5);
#550=CIRCLE('',#2711,6.5);
#551=CIRCLE('',#2713,6.5);
#552=CIRCLE('',#2716,6.5);
#553=CIRCLE('',#2719,6.5);
#554=CIRCLE('',#2722,6.5);
#555=CIRCLE('',#2726,6.5);
#556=CIRCLE('',#2729,6.5);
#557=CIRCLE('',#2732,6.5);
#558=CIRCLE('',#2735,6.5);
#559=CIRCLE('',#2738,6.5);
#560=CIRCLE('',#2741,6.5);
#561=CIRCLE('',#2743,6.5);
#562=CIRCLE('',#2746,6.5);
#563=CIRCLE('',#2750,6.5);
#564=CIRCLE('',#2753,6.5);
#565=CIRCLE('',#2756,6.5);
#566=CIRCLE('',#2759,6.5);
#567=CIRCLE('',#2761,6.5);
#568=CIRCLE('',#2764,6.5);
#569=CIRCLE('',#2767,6.5);
#570=CIRCLE('',#2770,6.5);
#571=CIRCLE('',#2773,6.5);
#572=CIRCLE('',#2776,6.5);
#573=CIRCLE('',#2780,6.5);
#574=CIRCLE('',#2783,6.5);
#575=CIRCLE('',#2786,6.5);
#576=CIRCLE('',#2789,6.5);
#577=CIRCLE('',#2792,6.5);
#578=CIRCLE('',#2795,6.5);
#579=CIRCLE('',#2797,6.5);
#580=CIRCLE('',#2800,6.5);
#581=CIRCLE('',#2804,7.295);
#582=CIRCLE('',#2807,7.295);
#583=CIRCLE('',#2810,7.295);
#584=CIRCLE('',#2813,7.29375023251002);
#585=CIRCLE('',#2815,7.295);
#586=CIRCLE('',#2818,7.295);
#587=CIRCLE('',#2822,6.5);
#588=CIRCLE('',#2823,6.5);
#589=CIRCLE('',#2824,6.5);
#590=CIRCLE('',#2825,6.5);
#591=CIRCLE('',#2826,6.5);
#592=CIRCLE('',#2827,6.5);
#593=CIRCLE('',#2828,6.5);
#594=CIRCLE('',#2829,6.5);
#595=CIRCLE('',#2830,6.5);
#596=CIRCLE('',#2831,6.5);
#597=CIRCLE('',#2832,6.5);
#598=CIRCLE('',#2833,6.5);
#599=CIRCLE('',#2834,7.29375023251002);
#600=CIRCLE('',#2835,7.295);
#601=LINE('',#3653,#848);
#602=LINE('',#3657,#849);
#603=LINE('',#3662,#850);
#604=LINE('',#3663,#851);
#605=LINE('',#3664,#852);
#606=LINE('',#3668,#853);
#607=LINE('',#3674,#854);
#608=LINE('',#3675,#855);
#609=LINE('',#3676,#856);
#610=LINE('',#3680,#857);
#611=LINE('',#3686,#858);
#612=LINE('',#3687,#859);
#613=LINE('',#3688,#860);
#614=LINE('',#3692,#861);
#615=LINE('',#3696,#862);
#616=LINE('',#3697,#863);
#617=LINE('',#3700,#864);
#618=LINE('',#3702,#865);
#619=LINE('',#3703,#866);
#620=LINE('',#3706,#867);
#621=LINE('',#3710,#868);
#622=LINE('',#3711,#869);
#623=LINE('',#3714,#870);
#624=LINE('',#3721,#871);
#625=LINE('',#3725,#872);
#626=LINE('',#3729,#873);
#627=LINE('',#3732,#874);
#628=LINE('',#3735,#875);
#629=LINE('',#3739,#876);
#630=LINE('',#3743,#877);
#631=LINE('',#3747,#878);
#632=LINE('',#3753,#879);
#633=LINE('',#3757,#880);
#634=LINE('',#3761,#881);
#635=LINE('',#3764,#882);
#636=LINE('',#3767,#883);
#637=LINE('',#3771,#884);
#638=LINE('',#3775,#885);
#639=LINE('',#3779,#886);
#640=LINE('',#3783,#887);
#641=LINE('',#3787,#888);
#642=LINE('',#3791,#889);
#643=LINE('',#3795,#890);
#644=LINE('',#3799,#891);
#645=LINE('',#3803,#892);
#646=LINE('',#3807,#893);
#647=LINE('',#3811,#894);
#648=LINE('',#3817,#895);
#649=LINE('',#3821,#896);
#650=LINE('',#3825,#897);
#651=LINE('',#3828,#898);
#652=LINE('',#3837,#899);
#653=LINE('',#3840,#900);
#654=LINE('',#3842,#901);
#655=LINE('',#3845,#902);
#656=LINE('',#3851,#903);
#657=LINE('',#3855,#904);
#658=LINE('',#3859,#905);
#659=LINE('',#3862,#906);
#660=LINE('',#3864,#907);
#661=LINE('',#3869,#908);
#662=LINE('',#3870,#909);
#663=LINE('',#3873,#910);
#664=LINE('',#3874,#911);
#665=LINE('',#3878,#912);
#666=LINE('',#3881,#913);
#667=LINE('',#3882,#914);
#668=LINE('',#3885,#915);
#669=LINE('',#3886,#916);
#670=LINE('',#3890,#917);
#671=LINE('',#3893,#918);
#672=LINE('',#3894,#919);
#673=LINE('',#3901,#920);
#674=LINE('',#3907,#921);
#675=LINE('',#3913,#922);
#676=LINE('',#3920,#923);
#677=LINE('',#3924,#924);
#678=LINE('',#3929,#925);
#679=LINE('',#3934,#926);
#680=LINE('',#3939,#927);
#681=LINE('',#3942,#928);
#682=LINE('',#3945,#929);
#683=LINE('',#3946,#930);
#684=LINE('',#3949,#931);
#685=LINE('',#3953,#932);
#686=LINE('',#3954,#933);
#687=LINE('',#3957,#934);
#688=LINE('',#3961,#935);
#689=LINE('',#3962,#936);
#690=LINE('',#3965,#937);
#691=LINE('',#3968,#938);
#692=LINE('',#3971,#939);
#693=LINE('',#3973,#940);
#694=LINE('',#3974,#941);
#695=LINE('',#3977,#942);
#696=LINE('',#3981,#943);
#697=LINE('',#3982,#944);
#698=LINE('',#3985,#945);
#699=LINE('',#3989,#946);
#700=LINE('',#3992,#947);
#701=LINE('',#3995,#948);
#702=LINE('',#3996,#949);
#703=LINE('',#3999,#950);
#704=LINE('',#4003,#951);
#705=LINE('',#4004,#952);
#706=LINE('',#4007,#953);
#707=LINE('',#4011,#954);
#708=LINE('',#4012,#955);
#709=LINE('',#4015,#956);
#710=LINE('',#4018,#957);
#711=LINE('',#4021,#958);
#712=LINE('',#4023,#959);
#713=LINE('',#4024,#960);
#714=LINE('',#4027,#961);
#715=LINE('',#4031,#962);
#716=LINE('',#4032,#963);
#717=LINE('',#4035,#964);
#718=LINE('',#4039,#965);
#719=LINE('',#4041,#966);
#720=LINE('',#4042,#967);
#721=LINE('',#4046,#968);
#722=LINE('',#4049,#969);
#723=LINE('',#4050,#970);
#724=LINE('',#4054,#971);
#725=LINE('',#4057,#972);
#726=LINE('',#4058,#973);
#727=LINE('',#4062,#974);
#728=LINE('',#4065,#975);
#729=LINE('',#4066,#976);
#730=LINE('',#4071,#977);
#731=LINE('',#4074,#978);
#732=LINE('',#4077,#979);
#733=LINE('',#4078,#980);
#734=LINE('',#4081,#981);
#735=LINE('',#4085,#982);
#736=LINE('',#4086,#983);
#737=LINE('',#4089,#984);
#738=LINE('',#4091,#985);
#739=LINE('',#4092,#986);
#740=LINE('',#4096,#987);
#741=LINE('',#4099,#988);
#742=LINE('',#4100,#989);
#743=LINE('',#4104,#990);
#744=LINE('',#4107,#991);
#745=LINE('',#4108,#992);
#746=LINE('',#4112,#993);
#747=LINE('',#4115,#994);
#748=LINE('',#4116,#995);
#749=LINE('',#4121,#996);
#750=LINE('',#4124,#997);
#751=LINE('',#4127,#998);
#752=LINE('',#4128,#999);
#753=LINE('',#4131,#1000);
#754=LINE('',#4135,#1001);
#755=LINE('',#4136,#1002);
#756=LINE('',#4139,#1003);
#757=LINE('',#4142,#1004);
#758=LINE('',#4145,#1005);
#759=LINE('',#4146,#1006);
#760=LINE('',#4149,#1007);
#761=LINE('',#4153,#1008);
#762=LINE('',#4154,#1009);
#763=LINE('',#4157,#1010);
#764=LINE('',#4161,#1011);
#765=LINE('',#4162,#1012);
#766=LINE('',#4165,#1013);
#767=LINE('',#4168,#1014);
#768=LINE('',#4171,#1015);
#769=LINE('',#4173,#1016);
#770=LINE('',#4174,#1017);
#771=LINE('',#4177,#1018);
#772=LINE('',#4181,#1019);
#773=LINE('',#4182,#1020);
#774=LINE('',#4185,#1021);
#775=LINE('',#4189,#1022);
#776=LINE('',#4191,#1023);
#777=LINE('',#4192,#1024);
#778=LINE('',#4196,#1025);
#779=LINE('',#4199,#1026);
#780=LINE('',#4200,#1027);
#781=LINE('',#4204,#1028);
#782=LINE('',#4207,#1029);
#783=LINE('',#4208,#1030);
#784=LINE('',#4212,#1031);
#785=LINE('',#4215,#1032);
#786=LINE('',#4216,#1033);
#787=LINE('',#4221,#1034);
#788=LINE('',#4224,#1035);
#789=LINE('',#4227,#1036);
#790=LINE('',#4228,#1037);
#791=LINE('',#4231,#1038);
#792=LINE('',#4235,#1039);
#793=LINE('',#4236,#1040);
#794=LINE('',#4239,#1041);
#795=LINE('',#4241,#1042);
#796=LINE('',#4242,#1043);
#797=LINE('',#4246,#1044);
#798=LINE('',#4249,#1045);
#799=LINE('',#4250,#1046);
#800=LINE('',#4254,#1047);
#801=LINE('',#4257,#1048);
#802=LINE('',#4258,#1049);
#803=LINE('',#4262,#1050);
#804=LINE('',#4265,#1051);
#805=LINE('',#4266,#1052);
#806=LINE('',#4271,#1053);
#807=LINE('',#4274,#1054);
#808=LINE('',#4277,#1055);
#809=LINE('',#4278,#1056);
#810=LINE('',#4281,#1057);
#811=LINE('',#4285,#1058);
#812=LINE('',#4286,#1059);
#813=LINE('',#4293,#1060);
#814=LINE('',#4295,#1061);
#815=LINE('',#4299,#1062);
#816=LINE('',#4302,#1063);
#817=LINE('',#4304,#1064);
#818=LINE('',#4308,#1065);
#819=LINE('',#4313,#1066);
#820=LINE('',#4316,#1067);
#821=LINE('',#4321,#1068);
#822=LINE('',#4323,#1069);
#823=LINE('',#4327,#1070);
#824=LINE('',#4330,#1071);
#825=LINE('',#4334,#1072);
#826=LINE('',#4337,#1073);
#827=LINE('',#4339,#1074);
#828=LINE('',#4340,#1075);
#829=LINE('',#4342,#1076);
#830=LINE('',#4345,#1077);
#831=LINE('',#4347,#1078);
#832=LINE('',#4349,#1079);
#833=LINE('',#4352,#1080);
#834=LINE('',#4354,#1081);
#835=LINE('',#4356,#1082);
#836=LINE('',#4359,#1083);
#837=LINE('',#4361,#1084);
#838=LINE('',#4363,#1085);
#839=LINE('',#4365,#1086);
#840=LINE('',#4368,#1087);
#841=LINE('',#4370,#1088);
#842=LINE('',#4372,#1089);
#843=LINE('',#4375,#1090);
#844=LINE('',#4377,#1091);
#845=LINE('',#4380,#1092);
#846=LINE('',#4382,#1093);
#847=LINE('',#4384,#1094);
#848=VECTOR('',#2868,10.);
#849=VECTOR('',#2871,10.);
#850=VECTOR('',#2876,10.);
#851=VECTOR('',#2877,10.);
#852=VECTOR('',#2878,10.);
#853=VECTOR('',#2881,10.);
#854=VECTOR('',#2888,10.);
#855=VECTOR('',#2889,10.);
#856=VECTOR('',#2890,10.);
#857=VECTOR('',#2893,10.);
#858=VECTOR('',#2900,10.);
#859=VECTOR('',#2901,10.);
#860=VECTOR('',#2902,10.);
#861=VECTOR('',#2905,10.);
#862=VECTOR('',#2912,10.);
#863=VECTOR('',#2913,10.);
#864=VECTOR('',#2916,10.);
#865=VECTOR('',#2917,10.);
#866=VECTOR('',#2918,10.);
#867=VECTOR('',#2921,10.);
#868=VECTOR('',#2926,10.);
#869=VECTOR('',#2927,10.);
#870=VECTOR('',#2930,10.);
#871=VECTOR('',#2937,10.);
#872=VECTOR('',#2940,10.);
#873=VECTOR('',#2943,10.);
#874=VECTOR('',#2946,10.);
#875=VECTOR('',#2947,10.);
#876=VECTOR('',#2950,10.);
#877=VECTOR('',#2953,10.);
#878=VECTOR('',#2956,10.);
#879=VECTOR('',#2961,10.);
#880=VECTOR('',#2964,10.);
#881=VECTOR('',#2967,10.);
#882=VECTOR('',#2970,10.);
#883=VECTOR('',#2971,10.);
#884=VECTOR('',#2974,10.);
#885=VECTOR('',#2977,10.);
#886=VECTOR('',#2980,10.);
#887=VECTOR('',#2983,10.);
#888=VECTOR('',#2986,10.);
#889=VECTOR('',#2989,10.);
#890=VECTOR('',#2992,10.);
#891=VECTOR('',#2995,10.);
#892=VECTOR('',#2998,10.);
#893=VECTOR('',#3001,10.);
#894=VECTOR('',#3004,10.);
#895=VECTOR('',#3009,10.);
#896=VECTOR('',#3012,10.);
#897=VECTOR('',#3015,10.);
#898=VECTOR('',#3018,10.);
#899=VECTOR('',#3027,10.);
#900=VECTOR('',#3030,10.);
#901=VECTOR('',#3033,10.);
#902=VECTOR('',#3036,10.);
#903=VECTOR('',#3041,10.);
#904=VECTOR('',#3044,10.);
#905=VECTOR('',#3047,10.);
#906=VECTOR('',#3050,10.);
#907=VECTOR('',#3053,10.);
#908=VECTOR('',#3058,10.);
#909=VECTOR('',#3059,10.);
#910=VECTOR('',#3062,10.);
#911=VECTOR('',#3063,10.);
#912=VECTOR('',#3068,10.);
#913=VECTOR('',#3071,10.);
#914=VECTOR('',#3072,10.);
#915=VECTOR('',#3075,10.);
#916=VECTOR('',#3076,10.);
#917=VECTOR('',#3081,10.);
#918=VECTOR('',#3084,10.);
#919=VECTOR('',#3085,10.);
#920=VECTOR('',#3094,1.35);
#921=VECTOR('',#3101,1.35);
#922=VECTOR('',#3108,1.35);
#923=VECTOR('',#3117,1.35);
#924=VECTOR('',#3122,3.50000000000001);
#925=VECTOR('',#3129,3.5);
#926=VECTOR('',#3136,3.5);
#927=VECTOR('',#3143,10.);
#928=VECTOR('',#3146,10.);
#929=VECTOR('',#3149,10.);
#930=VECTOR('',#3150,10.);
#931=VECTOR('',#3153,10.);
#932=VECTOR('',#3158,10.);
#933=VECTOR('',#3159,10.);
#934=VECTOR('',#3162,10.);
#935=VECTOR('',#3167,10.);
#936=VECTOR('',#3168,10.);
#937=VECTOR('',#3171,10.);
#938=VECTOR('',#3176,10.);
#939=VECTOR('',#3179,10.);
#940=VECTOR('',#3180,10.);
#941=VECTOR('',#3181,10.);
#942=VECTOR('',#3184,10.);
#943=VECTOR('',#3189,10.);
#944=VECTOR('',#3190,10.);
#945=VECTOR('',#3193,10.);
#946=VECTOR('',#3198,10.);
#947=VECTOR('',#3201,10.);
#948=VECTOR('',#3204,10.);
#949=VECTOR('',#3205,10.);
#950=VECTOR('',#3208,10.);
#951=VECTOR('',#3213,10.);
#952=VECTOR('',#3214,10.);
#953=VECTOR('',#3217,10.);
#954=VECTOR('',#3222,10.);
#955=VECTOR('',#3223,10.);
#956=VECTOR('',#3226,10.);
#957=VECTOR('',#3231,10.);
#958=VECTOR('',#3234,10.);
#959=VECTOR('',#3235,10.);
#960=VECTOR('',#3236,10.);
#961=VECTOR('',#3239,10.);
#962=VECTOR('',#3244,10.);
#963=VECTOR('',#3245,10.);
#964=VECTOR('',#3248,10.);
#965=VECTOR('',#3253,10.);
#966=VECTOR('',#3254,10.);
#967=VECTOR('',#3255,10.);
#968=VECTOR('',#3260,10.);
#969=VECTOR('',#3263,10.);
#970=VECTOR('',#3264,10.);
#971=VECTOR('',#3269,10.);
#972=VECTOR('',#3272,10.);
#973=VECTOR('',#3273,10.);
#974=VECTOR('',#3278,10.);
#975=VECTOR('',#3281,10.);
#976=VECTOR('',#3282,10.);
#977=VECTOR('',#3289,10.);
#978=VECTOR('',#3292,10.);
#979=VECTOR('',#3295,10.);
#980=VECTOR('',#3296,10.);
#981=VECTOR('',#3299,10.);
#982=VECTOR('',#3304,10.);
#983=VECTOR('',#3305,10.);
#984=VECTOR('',#3308,10.);
#985=VECTOR('',#3309,10.);
#986=VECTOR('',#3310,10.);
#987=VECTOR('',#3315,10.);
#988=VECTOR('',#3318,10.);
#989=VECTOR('',#3319,10.);
#990=VECTOR('',#3324,10.);
#991=VECTOR('',#3327,10.);
#992=VECTOR('',#3328,10.);
#993=VECTOR('',#3333,10.);
#994=VECTOR('',#3336,10.);
#995=VECTOR('',#3337,10.);
#996=VECTOR('',#3344,10.);
#997=VECTOR('',#3347,10.);
#998=VECTOR('',#3350,10.);
#999=VECTOR('',#3351,10.);
#1000=VECTOR('',#3354,10.);
#1001=VECTOR('',#3359,10.);
#1002=VECTOR('',#3360,10.);
#1003=VECTOR('',#3363,10.);
#1004=VECTOR('',#3366,10.);
#1005=VECTOR('',#3369,10.);
#1006=VECTOR('',#3370,10.);
#1007=VECTOR('',#3373,10.);
#1008=VECTOR('',#3378,10.);
#1009=VECTOR('',#3379,10.);
#1010=VECTOR('',#3382,10.);
#1011=VECTOR('',#3387,10.);
#1012=VECTOR('',#3388,10.);
#1013=VECTOR('',#3391,10.);
#1014=VECTOR('',#3396,10.);
#1015=VECTOR('',#3399,10.);
#1016=VECTOR('',#3400,10.);
#1017=VECTOR('',#3401,10.);
#1018=VECTOR('',#3404,10.);
#1019=VECTOR('',#3409,10.);
#1020=VECTOR('',#3410,10.);
#1021=VECTOR('',#3413,10.);
#1022=VECTOR('',#3418,10.);
#1023=VECTOR('',#3419,10.);
#1024=VECTOR('',#3420,10.);
#1025=VECTOR('',#3425,10.);
#1026=VECTOR('',#3428,10.);
#1027=VECTOR('',#3429,10.);
#1028=VECTOR('',#3434,10.);
#1029=VECTOR('',#3437,10.);
#1030=VECTOR('',#3438,10.);
#1031=VECTOR('',#3443,10.);
#1032=VECTOR('',#3446,10.);
#1033=VECTOR('',#3447,10.);
#1034=VECTOR('',#3454,10.);
#1035=VECTOR('',#3457,10.);
#1036=VECTOR('',#3460,10.);
#1037=VECTOR('',#3461,10.);
#1038=VECTOR('',#3464,10.);
#1039=VECTOR('',#3469,10.);
#1040=VECTOR('',#3470,10.);
#1041=VECTOR('',#3473,10.);
#1042=VECTOR('',#3474,10.);
#1043=VECTOR('',#3475,10.);
#1044=VECTOR('',#3480,10.);
#1045=VECTOR('',#3483,10.);
#1046=VECTOR('',#3484,10.);
#1047=VECTOR('',#3489,10.);
#1048=VECTOR('',#3492,10.);
#1049=VECTOR('',#3493,10.);
#1050=VECTOR('',#3498,10.);
#1051=VECTOR('',#3501,10.);
#1052=VECTOR('',#3502,10.);
#1053=VECTOR('',#3509,10.);
#1054=VECTOR('',#3512,10.);
#1055=VECTOR('',#3515,10.);
#1056=VECTOR('',#3516,10.);
#1057=VECTOR('',#3519,10.);
#1058=VECTOR('',#3524,10.);
#1059=VECTOR('',#3525,10.);
#1060=VECTOR('',#3532,10.);
#1061=VECTOR('',#3535,10.);
#1062=VECTOR('',#3538,10.);
#1063=VECTOR('',#3541,10.);
#1064=VECTOR('',#3542,10.);
#1065=VECTOR('',#3545,10.);
#1066=VECTOR('',#3550,10.);
#1067=VECTOR('',#3553,10.);
#1068=VECTOR('',#3556,10.);
#1069=VECTOR('',#3559,10.);
#1070=VECTOR('',#3562,10.);
#1071=VECTOR('',#3565,10.);
#1072=VECTOR('',#3568,10.);
#1073=VECTOR('',#3571,10.);
#1074=VECTOR('',#3574,10.);
#1075=VECTOR('',#3575,10.);
#1076=VECTOR('',#3578,10.);
#1077=VECTOR('',#3583,10.);
#1078=VECTOR('',#3586,10.);
#1079=VECTOR('',#3589,10.);
#1080=VECTOR('',#3594,10.);
#1081=VECTOR('',#3597,10.);
#1082=VECTOR('',#3600,10.);
#1083=VECTOR('',#3605,10.);
#1084=VECTOR('',#3608,10.);
#1085=VECTOR('',#3611,10.);
#1086=VECTOR('',#3614,10.);
#1087=VECTOR('',#3619,10.);
#1088=VECTOR('',#3622,10.);
#1089=VECTOR('',#3625,10.);
#1090=VECTOR('',#3630,10.);
#1091=VECTOR('',#3633,10.);
#1092=VECTOR('',#3638,10.);
#1093=VECTOR('',#3641,10.);
#1094=VECTOR('',#3644,10.);
#1095=VERTEX_POINT('',#3651);
#1096=VERTEX_POINT('',#3652);
#1097=VERTEX_POINT('',#3654);
#1098=VERTEX_POINT('',#3656);
#1099=VERTEX_POINT('',#3660);
#1100=VERTEX_POINT('',#3661);
#1101=VERTEX_POINT('',#3666);
#1102=VERTEX_POINT('',#3667);
#1103=VERTEX_POINT('',#3672);
#1104=VERTEX_POINT('',#3673);
#1105=VERTEX_POINT('',#3678);
#1106=VERTEX_POINT('',#3679);
#1107=VERTEX_POINT('',#3684);
#1108=VERTEX_POINT('',#3685);
#1109=VERTEX_POINT('',#3690);
#1110=VERTEX_POINT('',#3691);
#1111=VERTEX_POINT('',#3699);
#1112=VERTEX_POINT('',#3701);
#1113=VERTEX_POINT('',#3705);
#1114=VERTEX_POINT('',#3709);
#1115=VERTEX_POINT('',#3713);
#1116=VERTEX_POINT('',#3717);
#1117=VERTEX_POINT('',#3718);
#1118=VERTEX_POINT('',#3720);
#1119=VERTEX_POINT('',#3722);
#1120=VERTEX_POINT('',#3724);
#1121=VERTEX_POINT('',#3726);
#1122=VERTEX_POINT('',#3728);
#1123=VERTEX_POINT('',#3730);
#1124=VERTEX_POINT('',#3733);
#1125=VERTEX_POINT('',#3734);
#1126=VERTEX_POINT('',#3736);
#1127=VERTEX_POINT('',#3738);
#1128=VERTEX_POINT('',#3740);
#1129=VERTEX_POINT('',#3742);
#1130=VERTEX_POINT('',#3744);
#1131=VERTEX_POINT('',#3746);
#1132=VERTEX_POINT('',#3749);
#1133=VERTEX_POINT('',#3750);
#1134=VERTEX_POINT('',#3752);
#1135=VERTEX_POINT('',#3754);
#1136=VERTEX_POINT('',#3756);
#1137=VERTEX_POINT('',#3758);
#1138=VERTEX_POINT('',#3760);
#1139=VERTEX_POINT('',#3762);
#1140=VERTEX_POINT('',#3765);
#1141=VERTEX_POINT('',#3766);
#1142=VERTEX_POINT('',#3768);
#1143=VERTEX_POINT('',#3770);
#1144=VERTEX_POINT('',#3772);
#1145=VERTEX_POINT('',#3774);
#1146=VERTEX_POINT('',#3776);
#1147=VERTEX_POINT('',#3778);
#1148=VERTEX_POINT('',#3781);
#1149=VERTEX_POINT('',#3782);
#1150=VERTEX_POINT('',#3784);
#1151=VERTEX_POINT('',#3786);
#1152=VERTEX_POINT('',#3788);
#1153=VERTEX_POINT('',#3790);
#1154=VERTEX_POINT('',#3792);
#1155=VERTEX_POINT('',#3794);
#1156=VERTEX_POINT('',#3797);
#1157=VERTEX_POINT('',#3798);
#1158=VERTEX_POINT('',#3800);
#1159=VERTEX_POINT('',#3802);
#1160=VERTEX_POINT('',#3804);
#1161=VERTEX_POINT('',#3806);
#1162=VERTEX_POINT('',#3808);
#1163=VERTEX_POINT('',#3810);
#1164=VERTEX_POINT('',#3813);
#1165=VERTEX_POINT('',#3814);
#1166=VERTEX_POINT('',#3816);
#1167=VERTEX_POINT('',#3818);
#1168=VERTEX_POINT('',#3820);
#1169=VERTEX_POINT('',#3822);
#1170=VERTEX_POINT('',#3824);
#1171=VERTEX_POINT('',#3826);
#1172=VERTEX_POINT('',#3829);
#1173=VERTEX_POINT('',#3831);
#1174=VERTEX_POINT('',#3833);
#1175=VERTEX_POINT('',#3836);
#1176=VERTEX_POINT('',#3838);
#1177=VERTEX_POINT('',#3844);
#1178=VERTEX_POINT('',#3847);
#1179=VERTEX_POINT('',#3848);
#1180=VERTEX_POINT('',#3850);
#1181=VERTEX_POINT('',#3852);
#1182=VERTEX_POINT('',#3854);
#1183=VERTEX_POINT('',#3856);
#1184=VERTEX_POINT('',#3858);
#1185=VERTEX_POINT('',#3860);
#1186=VERTEX_POINT('',#3866);
#1187=VERTEX_POINT('',#3867);
#1188=VERTEX_POINT('',#3872);
#1189=VERTEX_POINT('',#3876);
#1190=VERTEX_POINT('',#3880);
#1191=VERTEX_POINT('',#3884);
#1192=VERTEX_POINT('',#3888);
#1193=VERTEX_POINT('',#3892);
#1194=VERTEX_POINT('',#3898);
#1195=VERTEX_POINT('',#3900);
#1196=VERTEX_POINT('',#3904);
#1197=VERTEX_POINT('',#3906);
#1198=VERTEX_POINT('',#3910);
#1199=VERTEX_POINT('',#3912);
#1200=VERTEX_POINT('',#3917);
#1201=VERTEX_POINT('',#3919);
#1202=VERTEX_POINT('',#3923);
#1203=VERTEX_POINT('',#3928);
#1204=VERTEX_POINT('',#3933);
#1205=VERTEX_POINT('',#3938);
#1206=VERTEX_POINT('',#3940);
#1207=VERTEX_POINT('',#3944);
#1208=VERTEX_POINT('',#3948);
#1209=VERTEX_POINT('',#3952);
#1210=VERTEX_POINT('',#3956);
#1211=VERTEX_POINT('',#3960);
#1212=VERTEX_POINT('',#3964);
#1213=VERTEX_POINT('',#3970);
#1214=VERTEX_POINT('',#3972);
#1215=VERTEX_POINT('',#3976);
#1216=VERTEX_POINT('',#3980);
#1217=VERTEX_POINT('',#3984);
#1218=VERTEX_POINT('',#3988);
#1219=VERTEX_POINT('',#3990);
#1220=VERTEX_POINT('',#3994);
#1221=VERTEX_POINT('',#3998);
#1222=VERTEX_POINT('',#4002);
#1223=VERTEX_POINT('',#4006);
#1224=VERTEX_POINT('',#4010);
#1225=VERTEX_POINT('',#4014);
#1226=VERTEX_POINT('',#4020);
#1227=VERTEX_POINT('',#4022);
#1228=VERTEX_POINT('',#4026);
#1229=VERTEX_POINT('',#4030);
#1230=VERTEX_POINT('',#4034);
#1231=VERTEX_POINT('',#4038);
#1232=VERTEX_POINT('',#4040);
#1233=VERTEX_POINT('',#4044);
#1234=VERTEX_POINT('',#4048);
#1235=VERTEX_POINT('',#4052);
#1236=VERTEX_POINT('',#4056);
#1237=VERTEX_POINT('',#4060);
#1238=VERTEX_POINT('',#4064);
#1239=VERTEX_POINT('',#4070);
#1240=VERTEX_POINT('',#4072);
#1241=VERTEX_POINT('',#4076);
#1242=VERTEX_POINT('',#4080);
#1243=VERTEX_POINT('',#4084);
#1244=VERTEX_POINT('',#4088);
#1245=VERTEX_POINT('',#4090);
#1246=VERTEX_POINT('',#4094);
#1247=VERTEX_POINT('',#4098);
#1248=VERTEX_POINT('',#4102);
#1249=VERTEX_POINT('',#4106);
#1250=VERTEX_POINT('',#4110);
#1251=VERTEX_POINT('',#4114);
#1252=VERTEX_POINT('',#4120);
#1253=VERTEX_POINT('',#4122);
#1254=VERTEX_POINT('',#4126);
#1255=VERTEX_POINT('',#4130);
#1256=VERTEX_POINT('',#4134);
#1257=VERTEX_POINT('',#4138);
#1258=VERTEX_POINT('',#4140);
#1259=VERTEX_POINT('',#4144);
#1260=VERTEX_POINT('',#4148);
#1261=VERTEX_POINT('',#4152);
#1262=VERTEX_POINT('',#4156);
#1263=VERTEX_POINT('',#4160);
#1264=VERTEX_POINT('',#4164);
#1265=VERTEX_POINT('',#4170);
#1266=VERTEX_POINT('',#4172);
#1267=VERTEX_POINT('',#4176);
#1268=VERTEX_POINT('',#4180);
#1269=VERTEX_POINT('',#4184);
#1270=VERTEX_POINT('',#4188);
#1271=VERTEX_POINT('',#4190);
#1272=VERTEX_POINT('',#4194);
#1273=VERTEX_POINT('',#4198);
#1274=VERTEX_POINT('',#4202);
#1275=VERTEX_POINT('',#4206);
#1276=VERTEX_POINT('',#4210);
#1277=VERTEX_POINT('',#4214);
#1278=VERTEX_POINT('',#4220);
#1279=VERTEX_POINT('',#4222);
#1280=VERTEX_POINT('',#4226);
#1281=VERTEX_POINT('',#4230);
#1282=VERTEX_POINT('',#4234);
#1283=VERTEX_POINT('',#4238);
#1284=VERTEX_POINT('',#4240);
#1285=VERTEX_POINT('',#4244);
#1286=VERTEX_POINT('',#4248);
#1287=VERTEX_POINT('',#4252);
#1288=VERTEX_POINT('',#4256);
#1289=VERTEX_POINT('',#4260);
#1290=VERTEX_POINT('',#4264);
#1291=VERTEX_POINT('',#4270);
#1292=VERTEX_POINT('',#4272);
#1293=VERTEX_POINT('',#4276);
#1294=VERTEX_POINT('',#4280);
#1295=VERTEX_POINT('',#4284);
#1296=VERTEX_POINT('',#4289);
#1297=VERTEX_POINT('',#4290);
#1298=VERTEX_POINT('',#4292);
#1299=VERTEX_POINT('',#4296);
#1300=VERTEX_POINT('',#4298);
#1301=VERTEX_POINT('',#4300);
#1302=VERTEX_POINT('',#4303);
#1303=VERTEX_POINT('',#4305);
#1304=VERTEX_POINT('',#4307);
#1305=VERTEX_POINT('',#4310);
#1306=VERTEX_POINT('',#4312);
#1307=VERTEX_POINT('',#4314);
#1308=VERTEX_POINT('',#4317);
#1309=VERTEX_POINT('',#4318);
#1310=VERTEX_POINT('',#4320);
#1311=VERTEX_POINT('',#4324);
#1312=VERTEX_POINT('',#4326);
#1313=VERTEX_POINT('',#4328);
#1314=VERTEX_POINT('',#4331);
#1315=VERTEX_POINT('',#4333);
#1316=VERTEX_POINT('',#4335);
#1317=EDGE_CURVE('',#1095,#1096,#601,.T.);
#1318=EDGE_CURVE('',#1096,#1097,#483,.T.);
#1319=EDGE_CURVE('',#1097,#1098,#602,.T.);
#1320=EDGE_CURVE('',#1098,#1095,#484,.T.);
#1321=EDGE_CURVE('',#1099,#1100,#603,.T.);
#1322=EDGE_CURVE('',#1100,#1096,#604,.T.);
#1323=EDGE_CURVE('',#1095,#1099,#605,.T.);
#1324=EDGE_CURVE('',#1101,#1102,#606,.T.);
#1325=EDGE_CURVE('',#1102,#1100,#485,.T.);
#1326=EDGE_CURVE('',#1099,#1101,#486,.T.);
#1327=EDGE_CURVE('',#1103,#1104,#607,.T.);
#1328=EDGE_CURVE('',#1104,#1102,#608,.T.);
#1329=EDGE_CURVE('',#1101,#1103,#609,.T.);
#1330=EDGE_CURVE('',#1105,#1106,#610,.T.);
#1331=EDGE_CURVE('',#1106,#1104,#487,.T.);
#1332=EDGE_CURVE('',#1103,#1105,#488,.T.);
#1333=EDGE_CURVE('',#1107,#1108,#611,.T.);
#1334=EDGE_CURVE('',#1108,#1106,#612,.T.);
#1335=EDGE_CURVE('',#1105,#1107,#613,.T.);
#1336=EDGE_CURVE('',#1109,#1110,#614,.T.);
#1337=EDGE_CURVE('',#1110,#1108,#489,.T.);
#1338=EDGE_CURVE('',#1107,#1109,#490,.T.);
#1339=EDGE_CURVE('',#1097,#1110,#615,.T.);
#1340=EDGE_CURVE('',#1109,#1098,#616,.T.);
#1341=EDGE_CURVE('',#1111,#1108,#617,.T.);
#1342=EDGE_CURVE('',#1112,#1111,#618,.T.);
#1343=EDGE_CURVE('',#1106,#1112,#619,.T.);
#1344=EDGE_CURVE('',#1110,#1113,#620,.T.);
#1345=EDGE_CURVE('',#1113,#1111,#491,.T.);
#1346=EDGE_CURVE('',#1114,#1097,#621,.T.);
#1347=EDGE_CURVE('',#1113,#1114,#622,.T.);
#1348=EDGE_CURVE('',#1096,#1115,#623,.T.);
#1349=EDGE_CURVE('',#1115,#1114,#492,.T.);
#1350=EDGE_CURVE('',#1116,#1117,#493,.T.);
#1351=EDGE_CURVE('',#1118,#1116,#624,.T.);
#1352=EDGE_CURVE('',#1119,#1118,#494,.T.);
#1353=EDGE_CURVE('',#1120,#1119,#625,.T.);
#1354=EDGE_CURVE('',#1121,#1120,#495,.T.);
#1355=EDGE_CURVE('',#1122,#1121,#626,.T.);
#1356=EDGE_CURVE('',#1123,#1122,#496,.T.);
#1357=EDGE_CURVE('',#1117,#1123,#627,.T.);
#1358=EDGE_CURVE('',#1124,#1125,#628,.T.);
#1359=EDGE_CURVE('',#1126,#1124,#497,.T.);
#1360=EDGE_CURVE('',#1127,#1126,#629,.T.);
#1361=EDGE_CURVE('',#1128,#1127,#498,.T.);
#1362=EDGE_CURVE('',#1129,#1128,#630,.T.);
#1363=EDGE_CURVE('',#1130,#1129,#499,.T.);
#1364=EDGE_CURVE('',#1131,#1130,#631,.T.);
#1365=EDGE_CURVE('',#1125,#1131,#500,.T.);
#1366=EDGE_CURVE('',#1132,#1133,#501,.T.);
#1367=EDGE_CURVE('',#1134,#1132,#632,.T.);
#1368=EDGE_CURVE('',#1135,#1134,#502,.T.);
#1369=EDGE_CURVE('',#1136,#1135,#633,.T.);
#1370=EDGE_CURVE('',#1137,#1136,#503,.T.);
#1371=EDGE_CURVE('',#1138,#1137,#634,.T.);
#1372=EDGE_CURVE('',#1139,#1138,#504,.T.);
#1373=EDGE_CURVE('',#1133,#1139,#635,.T.);
#1374=EDGE_CURVE('',#1140,#1141,#636,.T.);
#1375=EDGE_CURVE('',#1142,#1140,#505,.T.);
#1376=EDGE_CURVE('',#1143,#1142,#637,.T.);
#1377=EDGE_CURVE('',#1144,#1143,#506,.T.);
#1378=EDGE_CURVE('',#1145,#1144,#638,.T.);
#1379=EDGE_CURVE('',#1146,#1145,#507,.T.);
#1380=EDGE_CURVE('',#1147,#1146,#639,.T.);
#1381=EDGE_CURVE('',#1141,#1147,#508,.T.);
#1382=EDGE_CURVE('',#1148,#1149,#640,.T.);
#1383=EDGE_CURVE('',#1150,#1148,#509,.T.);
#1384=EDGE_CURVE('',#1151,#1150,#641,.T.);
#1385=EDGE_CURVE('',#1152,#1151,#510,.T.);
#1386=EDGE_CURVE('',#1153,#1152,#642,.T.);
#1387=EDGE_CURVE('',#1154,#1153,#511,.T.);
#1388=EDGE_CURVE('',#1155,#1154,#643,.T.);
#1389=EDGE_CURVE('',#1149,#1155,#512,.T.);
#1390=EDGE_CURVE('',#1156,#1157,#644,.T.);
#1391=EDGE_CURVE('',#1158,#1156,#513,.T.);
#1392=EDGE_CURVE('',#1159,#1158,#645,.T.);
#1393=EDGE_CURVE('',#1160,#1159,#514,.T.);
#1394=EDGE_CURVE('',#1161,#1160,#646,.T.);
#1395=EDGE_CURVE('',#1162,#1161,#515,.T.);
#1396=EDGE_CURVE('',#1163,#1162,#647,.T.);
#1397=EDGE_CURVE('',#1157,#1163,#516,.T.);
#1398=EDGE_CURVE('',#1164,#1165,#517,.T.);
#1399=EDGE_CURVE('',#1166,#1164,#648,.T.);
#1400=EDGE_CURVE('',#1167,#1166,#518,.T.);
#1401=EDGE_CURVE('',#1168,#1167,#649,.T.);
#1402=EDGE_CURVE('',#1169,#1168,#519,.T.);
#1403=EDGE_CURVE('',#1170,#1169,#650,.T.);
#1404=EDGE_CURVE('',#1171,#1170,#520,.T.);
#1405=EDGE_CURVE('',#1165,#1171,#651,.T.);
#1406=EDGE_CURVE('',#1172,#1172,#521,.T.);
#1407=EDGE_CURVE('',#1173,#1173,#522,.T.);
#1408=EDGE_CURVE('',#1174,#1174,#523,.T.);
#1409=EDGE_CURVE('',#1102,#1175,#652,.T.);
#1410=EDGE_CURVE('',#1175,#1176,#524,.T.);
#1411=EDGE_CURVE('',#1176,#1100,#653,.T.);
#1412=EDGE_CURVE('',#1115,#1176,#654,.T.);
#1413=EDGE_CURVE('',#1175,#1177,#655,.T.);
#1414=EDGE_CURVE('',#1112,#1177,#525,.T.);
#1415=EDGE_CURVE('',#1178,#1179,#526,.T.);
#1416=EDGE_CURVE('',#1179,#1180,#656,.T.);
#1417=EDGE_CURVE('',#1180,#1181,#527,.T.);
#1418=EDGE_CURVE('',#1181,#1182,#657,.T.);
#1419=EDGE_CURVE('',#1182,#1183,#528,.T.);
#1420=EDGE_CURVE('',#1183,#1184,#658,.T.);
#1421=EDGE_CURVE('',#1184,#1185,#529,.T.);
#1422=EDGE_CURVE('',#1185,#1178,#659,.T.);
#1423=EDGE_CURVE('',#1177,#1104,#660,.T.);
#1424=EDGE_CURVE('',#1186,#1187,#530,.T.);
#1425=EDGE_CURVE('',#1187,#1183,#661,.T.);
#1426=EDGE_CURVE('',#1186,#1182,#662,.T.);
#1427=EDGE_CURVE('',#1187,#1188,#663,.T.);
#1428=EDGE_CURVE('',#1188,#1184,#664,.T.);
#1429=EDGE_CURVE('',#1188,#1189,#531,.T.);
#1430=EDGE_CURVE('',#1189,#1185,#665,.T.);
#1431=EDGE_CURVE('',#1189,#1190,#666,.T.);
#1432=EDGE_CURVE('',#1190,#1178,#667,.T.);
#1433=EDGE_CURVE('',#1191,#1186,#668,.T.);
#1434=EDGE_CURVE('',#1191,#1181,#669,.T.);
#1435=EDGE_CURVE('',#1192,#1191,#532,.T.);
#1436=EDGE_CURVE('',#1192,#1180,#670,.T.);
#1437=EDGE_CURVE('',#1193,#1192,#671,.T.);
#1438=EDGE_CURVE('',#1193,#1179,#672,.T.);
#1439=EDGE_CURVE('',#1190,#1193,#533,.T.);
#1440=EDGE_CURVE('',#1194,#1194,#534,.T.);
#1441=EDGE_CURVE('',#1194,#1195,#673,.T.);
#1442=EDGE_CURVE('',#1195,#1195,#535,.T.);
#1443=EDGE_CURVE('',#1196,#1196,#536,.T.);
#1444=EDGE_CURVE('',#1196,#1197,#674,.T.);
#1445=EDGE_CURVE('',#1197,#1197,#537,.T.);
#1446=EDGE_CURVE('',#1198,#1198,#538,.T.);
#1447=EDGE_CURVE('',#1198,#1199,#675,.T.);
#1448=EDGE_CURVE('',#1199,#1199,#539,.T.);
#1449=EDGE_CURVE('',#1200,#1200,#540,.T.);
#1450=EDGE_CURVE('',#1200,#1201,#676,.T.);
#1451=EDGE_CURVE('',#1201,#1201,#541,.T.);
#1452=EDGE_CURVE('',#1174,#1202,#677,.T.);
#1453=EDGE_CURVE('',#1202,#1202,#542,.T.);
#1454=EDGE_CURVE('',#1173,#1203,#678,.T.);
#1455=EDGE_CURVE('',#1203,#1203,#543,.T.);
#1456=EDGE_CURVE('',#1172,#1204,#679,.T.);
#1457=EDGE_CURVE('',#1204,#1204,#544,.T.);
#1458=EDGE_CURVE('',#1117,#1205,#680,.T.);
#1459=EDGE_CURVE('',#1205,#1206,#545,.T.);
#1460=EDGE_CURVE('',#1206,#1116,#681,.T.);
#1461=EDGE_CURVE('',#1123,#1207,#682,.T.);
#1462=EDGE_CURVE('',#1207,#1205,#683,.T.);
#1463=EDGE_CURVE('',#1122,#1208,#684,.T.);
#1464=EDGE_CURVE('',#1208,#1207,#546,.T.);
#1465=EDGE_CURVE('',#1121,#1209,#685,.T.);
#1466=EDGE_CURVE('',#1209,#1208,#686,.T.);
#1467=EDGE_CURVE('',#1120,#1210,#687,.T.);
#1468=EDGE_CURVE('',#1210,#1209,#547,.T.);
#1469=EDGE_CURVE('',#1119,#1211,#688,.T.);
#1470=EDGE_CURVE('',#1211,#1210,#689,.T.);
#1471=EDGE_CURVE('',#1118,#1212,#690,.T.);
#1472=EDGE_CURVE('',#1212,#1211,#548,.T.);
#1473=EDGE_CURVE('',#1206,#1212,#691,.T.);
#1474=EDGE_CURVE('',#1213,#1211,#692,.T.);
#1475=EDGE_CURVE('',#1213,#1214,#693,.T.);
#1476=EDGE_CURVE('',#1210,#1214,#694,.T.);
#1477=EDGE_CURVE('',#1212,#1215,#695,.T.);
#1478=EDGE_CURVE('',#1215,#1213,#549,.T.);
#1479=EDGE_CURVE('',#1216,#1206,#696,.T.);
#1480=EDGE_CURVE('',#1216,#1215,#697,.T.);
#1481=EDGE_CURVE('',#1205,#1217,#698,.T.);
#1482=EDGE_CURVE('',#1217,#1216,#550,.T.);
#1483=EDGE_CURVE('',#1165,#1218,#699,.T.);
#1484=EDGE_CURVE('',#1218,#1219,#551,.T.);
#1485=EDGE_CURVE('',#1219,#1164,#700,.T.);
#1486=EDGE_CURVE('',#1171,#1220,#701,.T.);
#1487=EDGE_CURVE('',#1220,#1218,#702,.T.);
#1488=EDGE_CURVE('',#1170,#1221,#703,.T.);
#1489=EDGE_CURVE('',#1221,#1220,#552,.T.);
#1490=EDGE_CURVE('',#1169,#1222,#704,.T.);
#1491=EDGE_CURVE('',#1222,#1221,#705,.T.);
#1492=EDGE_CURVE('',#1168,#1223,#706,.T.);
#1493=EDGE_CURVE('',#1223,#1222,#553,.T.);
#1494=EDGE_CURVE('',#1167,#1224,#707,.T.);
#1495=EDGE_CURVE('',#1224,#1223,#708,.T.);
#1496=EDGE_CURVE('',#1166,#1225,#709,.T.);
#1497=EDGE_CURVE('',#1225,#1224,#554,.T.);
#1498=EDGE_CURVE('',#1219,#1225,#710,.T.);
#1499=EDGE_CURVE('',#1226,#1224,#711,.T.);
#1500=EDGE_CURVE('',#1226,#1227,#712,.T.);
#1501=EDGE_CURVE('',#1223,#1227,#713,.T.);
#1502=EDGE_CURVE('',#1225,#1228,#714,.T.);
#1503=EDGE_CURVE('',#1228,#1226,#555,.T.);
#1504=EDGE_CURVE('',#1229,#1219,#715,.T.);
#1505=EDGE_CURVE('',#1229,#1228,#716,.T.);
#1506=EDGE_CURVE('',#1218,#1230,#717,.T.);
#1507=EDGE_CURVE('',#1230,#1229,#556,.T.);
#1508=EDGE_CURVE('',#1231,#1124,#718,.T.);
#1509=EDGE_CURVE('',#1125,#1232,#719,.T.);
#1510=EDGE_CURVE('',#1232,#1231,#720,.T.);
#1511=EDGE_CURVE('',#1231,#1233,#557,.T.);
#1512=EDGE_CURVE('',#1233,#1126,#721,.T.);
#1513=EDGE_CURVE('',#1234,#1127,#722,.T.);
#1514=EDGE_CURVE('',#1233,#1234,#723,.T.);
#1515=EDGE_CURVE('',#1234,#1235,#558,.T.);
#1516=EDGE_CURVE('',#1235,#1128,#724,.T.);
#1517=EDGE_CURVE('',#1236,#1129,#725,.T.);
#1518=EDGE_CURVE('',#1235,#1236,#726,.T.);
#1519=EDGE_CURVE('',#1236,#1237,#559,.T.);
#1520=EDGE_CURVE('',#1237,#1130,#727,.T.);
#1521=EDGE_CURVE('',#1238,#1131,#728,.T.);
#1522=EDGE_CURVE('',#1237,#1238,#729,.T.);
#1523=EDGE_CURVE('',#1238,#1232,#560,.T.);
#1524=EDGE_CURVE('',#1234,#1239,#730,.T.);
#1525=EDGE_CURVE('',#1239,#1240,#561,.T.);
#1526=EDGE_CURVE('',#1240,#1235,#731,.T.);
#1527=EDGE_CURVE('',#1241,#1233,#732,.T.);
#1528=EDGE_CURVE('',#1241,#1239,#733,.T.);
#1529=EDGE_CURVE('',#1231,#1242,#734,.T.);
#1530=EDGE_CURVE('',#1242,#1241,#562,.T.);
#1531=EDGE_CURVE('',#1243,#1232,#735,.T.);
#1532=EDGE_CURVE('',#1243,#1242,#736,.T.);
#1533=EDGE_CURVE('',#1244,#1156,#737,.T.);
#1534=EDGE_CURVE('',#1157,#1245,#738,.T.);
#1535=EDGE_CURVE('',#1245,#1244,#739,.T.);
#1536=EDGE_CURVE('',#1244,#1246,#563,.T.);
#1537=EDGE_CURVE('',#1246,#1158,#740,.T.);
#1538=EDGE_CURVE('',#1247,#1159,#741,.T.);
#1539=EDGE_CURVE('',#1246,#1247,#742,.T.);
#1540=EDGE_CURVE('',#1247,#1248,#564,.T.);
#1541=EDGE_CURVE('',#1248,#1160,#743,.T.);
#1542=EDGE_CURVE('',#1249,#1161,#744,.T.);
#1543=EDGE_CURVE('',#1248,#1249,#745,.T.);
#1544=EDGE_CURVE('',#1249,#1250,#565,.T.);
#1545=EDGE_CURVE('',#1250,#1162,#746,.T.);
#1546=EDGE_CURVE('',#1251,#1163,#747,.T.);
#1547=EDGE_CURVE('',#1250,#1251,#748,.T.);
#1548=EDGE_CURVE('',#1251,#1245,#566,.T.);
#1549=EDGE_CURVE('',#1247,#1252,#749,.T.);
#1550=EDGE_CURVE('',#1252,#1253,#567,.T.);
#1551=EDGE_CURVE('',#1253,#1248,#750,.T.);
#1552=EDGE_CURVE('',#1254,#1246,#751,.T.);
#1553=EDGE_CURVE('',#1254,#1252,#752,.T.);
#1554=EDGE_CURVE('',#1244,#1255,#753,.T.);
#1555=EDGE_CURVE('',#1255,#1254,#568,.T.);
#1556=EDGE_CURVE('',#1256,#1245,#754,.T.);
#1557=EDGE_CURVE('',#1256,#1255,#755,.T.);
#1558=EDGE_CURVE('',#1133,#1257,#756,.T.);
#1559=EDGE_CURVE('',#1257,#1258,#569,.T.);
#1560=EDGE_CURVE('',#1258,#1132,#757,.T.);
#1561=EDGE_CURVE('',#1139,#1259,#758,.T.);
#1562=EDGE_CURVE('',#1259,#1257,#759,.T.);
#1563=EDGE_CURVE('',#1138,#1260,#760,.T.);
#1564=EDGE_CURVE('',#1260,#1259,#570,.T.);
#1565=EDGE_CURVE('',#1137,#1261,#761,.T.);
#1566=EDGE_CURVE('',#1261,#1260,#762,.T.);
#1567=EDGE_CURVE('',#1136,#1262,#763,.T.);
#1568=EDGE_CURVE('',#1262,#1261,#571,.T.);
#1569=EDGE_CURVE('',#1135,#1263,#764,.T.);
#1570=EDGE_CURVE('',#1263,#1262,#765,.T.);
#1571=EDGE_CURVE('',#1134,#1264,#766,.T.);
#1572=EDGE_CURVE('',#1264,#1263,#572,.T.);
#1573=EDGE_CURVE('',#1258,#1264,#767,.T.);
#1574=EDGE_CURVE('',#1265,#1263,#768,.T.);
#1575=EDGE_CURVE('',#1265,#1266,#769,.T.);
#1576=EDGE_CURVE('',#1262,#1266,#770,.T.);
#1577=EDGE_CURVE('',#1264,#1267,#771,.T.);
#1578=EDGE_CURVE('',#1267,#1265,#573,.T.);
#1579=EDGE_CURVE('',#1268,#1258,#772,.T.);
#1580=EDGE_CURVE('',#1268,#1267,#773,.T.);
#1581=EDGE_CURVE('',#1257,#1269,#774,.T.);
#1582=EDGE_CURVE('',#1269,#1268,#574,.T.);
#1583=EDGE_CURVE('',#1270,#1148,#775,.T.);
#1584=EDGE_CURVE('',#1149,#1271,#776,.T.);
#1585=EDGE_CURVE('',#1271,#1270,#777,.T.);
#1586=EDGE_CURVE('',#1270,#1272,#575,.T.);
#1587=EDGE_CURVE('',#1272,#1150,#778,.T.);
#1588=EDGE_CURVE('',#1273,#1151,#779,.T.);
#1589=EDGE_CURVE('',#1272,#1273,#780,.T.);
#1590=EDGE_CURVE('',#1273,#1274,#576,.T.);
#1591=EDGE_CURVE('',#1274,#1152,#781,.T.);
#1592=EDGE_CURVE('',#1275,#1153,#782,.T.);
#1593=EDGE_CURVE('',#1274,#1275,#783,.T.);
#1594=EDGE_CURVE('',#1275,#1276,#577,.T.);
#1595=EDGE_CURVE('',#1276,#1154,#784,.T.);
#1596=EDGE_CURVE('',#1277,#1155,#785,.T.);
#1597=EDGE_CURVE('',#1276,#1277,#786,.T.);
#1598=EDGE_CURVE('',#1277,#1271,#578,.T.);
#1599=EDGE_CURVE('',#1273,#1278,#787,.T.);
#1600=EDGE_CURVE('',#1278,#1279,#579,.T.);
#1601=EDGE_CURVE('',#1279,#1274,#788,.T.);
#1602=EDGE_CURVE('',#1280,#1272,#789,.T.);
#1603=EDGE_CURVE('',#1280,#1278,#790,.T.);
#1604=EDGE_CURVE('',#1270,#1281,#791,.T.);
#1605=EDGE_CURVE('',#1281,#1280,#580,.T.);
#1606=EDGE_CURVE('',#1282,#1271,#792,.T.);
#1607=EDGE_CURVE('',#1282,#1281,#793,.T.);
#1608=EDGE_CURVE('',#1283,#1140,#794,.T.);
#1609=EDGE_CURVE('',#1141,#1284,#795,.T.);
#1610=EDGE_CURVE('',#1284,#1283,#796,.T.);
#1611=EDGE_CURVE('',#1283,#1285,#581,.T.);
#1612=EDGE_CURVE('',#1285,#1142,#797,.T.);
#1613=EDGE_CURVE('',#1286,#1143,#798,.T.);
#1614=EDGE_CURVE('',#1285,#1286,#799,.T.);
#1615=EDGE_CURVE('',#1286,#1287,#582,.T.);
#1616=EDGE_CURVE('',#1287,#1144,#800,.T.);
#1617=EDGE_CURVE('',#1288,#1145,#801,.T.);
#1618=EDGE_CURVE('',#1287,#1288,#802,.T.);
#1619=EDGE_CURVE('',#1288,#1289,#583,.T.);
#1620=EDGE_CURVE('',#1289,#1146,#803,.T.);
#1621=EDGE_CURVE('',#1290,#1147,#804,.T.);
#1622=EDGE_CURVE('',#1289,#1290,#805,.T.);
#1623=EDGE_CURVE('',#1290,#1284,#584,.T.);
#1624=EDGE_CURVE('',#1286,#1291,#806,.T.);
#1625=EDGE_CURVE('',#1291,#1292,#585,.T.);
#1626=EDGE_CURVE('',#1292,#1287,#807,.T.);
#1627=EDGE_CURVE('',#1293,#1285,#808,.T.);
#1628=EDGE_CURVE('',#1293,#1291,#809,.T.);
#1629=EDGE_CURVE('',#1283,#1294,#810,.T.);
#1630=EDGE_CURVE('',#1294,#1293,#586,.T.);
#1631=EDGE_CURVE('',#1295,#1284,#811,.T.);
#1632=EDGE_CURVE('',#1295,#1294,#812,.T.);
#1633=EDGE_CURVE('',#1296,#1297,#587,.T.);
#1634=EDGE_CURVE('',#1298,#1296,#813,.T.);
#1635=EDGE_CURVE('',#1266,#1298,#588,.T.);
#1636=EDGE_CURVE('',#1297,#1269,#814,.T.);
#1637=EDGE_CURVE('',#1299,#1282,#589,.T.);
#1638=EDGE_CURVE('',#1300,#1299,#815,.T.);
#1639=EDGE_CURVE('',#1301,#1300,#590,.T.);
#1640=EDGE_CURVE('',#1279,#1301,#816,.T.);
#1641=EDGE_CURVE('',#1302,#1217,#817,.T.);
#1642=EDGE_CURVE('',#1303,#1302,#591,.T.);
#1643=EDGE_CURVE('',#1304,#1303,#818,.T.);
#1644=EDGE_CURVE('',#1214,#1304,#592,.T.);
#1645=EDGE_CURVE('',#1305,#1256,#593,.T.);
#1646=EDGE_CURVE('',#1306,#1305,#819,.T.);
#1647=EDGE_CURVE('',#1307,#1306,#594,.T.);
#1648=EDGE_CURVE('',#1253,#1307,#820,.T.);
#1649=EDGE_CURVE('',#1308,#1309,#595,.T.);
#1650=EDGE_CURVE('',#1310,#1308,#821,.T.);
#1651=EDGE_CURVE('',#1227,#1310,#596,.T.);
#1652=EDGE_CURVE('',#1309,#1230,#822,.T.);
#1653=EDGE_CURVE('',#1311,#1243,#597,.T.);
#1654=EDGE_CURVE('',#1312,#1311,#823,.T.);
#1655=EDGE_CURVE('',#1313,#1312,#598,.T.);
#1656=EDGE_CURVE('',#1240,#1313,#824,.T.);
#1657=EDGE_CURVE('',#1314,#1295,#599,.T.);
#1658=EDGE_CURVE('',#1315,#1314,#825,.T.);
#1659=EDGE_CURVE('',#1316,#1315,#600,.T.);
#1660=EDGE_CURVE('',#1292,#1316,#826,.T.);
#1661=EDGE_CURVE('',#1288,#1316,#827,.T.);
#1662=EDGE_CURVE('',#1315,#1289,#828,.T.);
#1663=EDGE_CURVE('',#1314,#1290,#829,.T.);
#1664=EDGE_CURVE('',#1249,#1307,#830,.T.);
#1665=EDGE_CURVE('',#1306,#1250,#831,.T.);
#1666=EDGE_CURVE('',#1251,#1305,#832,.T.);
#1667=EDGE_CURVE('',#1304,#1209,#833,.T.);
#1668=EDGE_CURVE('',#1208,#1303,#834,.T.);
#1669=EDGE_CURVE('',#1302,#1207,#835,.T.);
#1670=EDGE_CURVE('',#1310,#1222,#836,.T.);
#1671=EDGE_CURVE('',#1221,#1308,#837,.T.);
#1672=EDGE_CURVE('',#1236,#1313,#838,.T.);
#1673=EDGE_CURVE('',#1309,#1220,#839,.T.);
#1674=EDGE_CURVE('',#1312,#1237,#840,.T.);
#1675=EDGE_CURVE('',#1238,#1311,#841,.T.);
#1676=EDGE_CURVE('',#1275,#1301,#842,.T.);
#1677=EDGE_CURVE('',#1300,#1276,#843,.T.);
#1678=EDGE_CURVE('',#1277,#1299,#844,.T.);
#1679=EDGE_CURVE('',#1298,#1261,#845,.T.);
#1680=EDGE_CURVE('',#1260,#1296,#846,.T.);
#1681=EDGE_CURVE('',#1297,#1259,#847,.T.);
#1682=ORIENTED_EDGE('',*,*,#1317,.T.);
#1683=ORIENTED_EDGE('',*,*,#1318,.T.);
#1684=ORIENTED_EDGE('',*,*,#1319,.T.);
#1685=ORIENTED_EDGE('',*,*,#1320,.T.);
#1686=ORIENTED_EDGE('',*,*,#1321,.T.);
#1687=ORIENTED_EDGE('',*,*,#1322,.T.);
#1688=ORIENTED_EDGE('',*,*,#1317,.F.);
#1689=ORIENTED_EDGE('',*,*,#1323,.T.);
#1690=ORIENTED_EDGE('',*,*,#1324,.T.);
#1691=ORIENTED_EDGE('',*,*,#1325,.T.);
#1692=ORIENTED_EDGE('',*,*,#1321,.F.);
#1693=ORIENTED_EDGE('',*,*,#1326,.T.);
#1694=ORIENTED_EDGE('',*,*,#1327,.T.);
#1695=ORIENTED_EDGE('',*,*,#1328,.T.);
#1696=ORIENTED_EDGE('',*,*,#1324,.F.);
#1697=ORIENTED_EDGE('',*,*,#1329,.T.);
#1698=ORIENTED_EDGE('',*,*,#1330,.T.);
#1699=ORIENTED_EDGE('',*,*,#1331,.T.);
#1700=ORIENTED_EDGE('',*,*,#1327,.F.);
#1701=ORIENTED_EDGE('',*,*,#1332,.T.);
#1702=ORIENTED_EDGE('',*,*,#1333,.T.);
#1703=ORIENTED_EDGE('',*,*,#1334,.T.);
#1704=ORIENTED_EDGE('',*,*,#1330,.F.);
#1705=ORIENTED_EDGE('',*,*,#1335,.T.);
#1706=ORIENTED_EDGE('',*,*,#1336,.T.);
#1707=ORIENTED_EDGE('',*,*,#1337,.T.);
#1708=ORIENTED_EDGE('',*,*,#1333,.F.);
#1709=ORIENTED_EDGE('',*,*,#1338,.T.);
#1710=ORIENTED_EDGE('',*,*,#1319,.F.);
#1711=ORIENTED_EDGE('',*,*,#1339,.T.);
#1712=ORIENTED_EDGE('',*,*,#1336,.F.);
#1713=ORIENTED_EDGE('',*,*,#1340,.T.);
#1714=ORIENTED_EDGE('',*,*,#1334,.F.);
#1715=ORIENTED_EDGE('',*,*,#1341,.F.);
#1716=ORIENTED_EDGE('',*,*,#1342,.F.);
#1717=ORIENTED_EDGE('',*,*,#1343,.F.);
#1718=ORIENTED_EDGE('',*,*,#1337,.F.);
#1719=ORIENTED_EDGE('',*,*,#1344,.T.);
#1720=ORIENTED_EDGE('',*,*,#1345,.T.);
#1721=ORIENTED_EDGE('',*,*,#1341,.T.);
#1722=ORIENTED_EDGE('',*,*,#1339,.F.);
#1723=ORIENTED_EDGE('',*,*,#1346,.F.);
#1724=ORIENTED_EDGE('',*,*,#1347,.F.);
#1725=ORIENTED_EDGE('',*,*,#1344,.F.);
#1726=ORIENTED_EDGE('',*,*,#1318,.F.);
#1727=ORIENTED_EDGE('',*,*,#1348,.T.);
#1728=ORIENTED_EDGE('',*,*,#1349,.T.);
#1729=ORIENTED_EDGE('',*,*,#1346,.T.);
#1730=ORIENTED_EDGE('',*,*,#1320,.F.);
#1731=ORIENTED_EDGE('',*,*,#1340,.F.);
#1732=ORIENTED_EDGE('',*,*,#1338,.F.);
#1733=ORIENTED_EDGE('',*,*,#1335,.F.);
#1734=ORIENTED_EDGE('',*,*,#1332,.F.);
#1735=ORIENTED_EDGE('',*,*,#1329,.F.);
#1736=ORIENTED_EDGE('',*,*,#1326,.F.);
#1737=ORIENTED_EDGE('',*,*,#1323,.F.);
#1738=ORIENTED_EDGE('',*,*,#1350,.F.);
#1739=ORIENTED_EDGE('',*,*,#1351,.F.);
#1740=ORIENTED_EDGE('',*,*,#1352,.F.);
#1741=ORIENTED_EDGE('',*,*,#1353,.F.);
#1742=ORIENTED_EDGE('',*,*,#1354,.F.);
#1743=ORIENTED_EDGE('',*,*,#1355,.F.);
#1744=ORIENTED_EDGE('',*,*,#1356,.F.);
#1745=ORIENTED_EDGE('',*,*,#1357,.F.);
#1746=ORIENTED_EDGE('',*,*,#1358,.F.);
#1747=ORIENTED_EDGE('',*,*,#1359,.F.);
#1748=ORIENTED_EDGE('',*,*,#1360,.F.);
#1749=ORIENTED_EDGE('',*,*,#1361,.F.);
#1750=ORIENTED_EDGE('',*,*,#1362,.F.);
#1751=ORIENTED_EDGE('',*,*,#1363,.F.);
#1752=ORIENTED_EDGE('',*,*,#1364,.F.);
#1753=ORIENTED_EDGE('',*,*,#1365,.F.);
#1754=ORIENTED_EDGE('',*,*,#1366,.F.);
#1755=ORIENTED_EDGE('',*,*,#1367,.F.);
#1756=ORIENTED_EDGE('',*,*,#1368,.F.);
#1757=ORIENTED_EDGE('',*,*,#1369,.F.);
#1758=ORIENTED_EDGE('',*,*,#1370,.F.);
#1759=ORIENTED_EDGE('',*,*,#1371,.F.);
#1760=ORIENTED_EDGE('',*,*,#1372,.F.);
#1761=ORIENTED_EDGE('',*,*,#1373,.F.);
#1762=ORIENTED_EDGE('',*,*,#1374,.F.);
#1763=ORIENTED_EDGE('',*,*,#1375,.F.);
#1764=ORIENTED_EDGE('',*,*,#1376,.F.);
#1765=ORIENTED_EDGE('',*,*,#1377,.F.);
#1766=ORIENTED_EDGE('',*,*,#1378,.F.);
#1767=ORIENTED_EDGE('',*,*,#1379,.F.);
#1768=ORIENTED_EDGE('',*,*,#1380,.F.);
#1769=ORIENTED_EDGE('',*,*,#1381,.F.);
#1770=ORIENTED_EDGE('',*,*,#1382,.F.);
#1771=ORIENTED_EDGE('',*,*,#1383,.F.);
#1772=ORIENTED_EDGE('',*,*,#1384,.F.);
#1773=ORIENTED_EDGE('',*,*,#1385,.F.);
#1774=ORIENTED_EDGE('',*,*,#1386,.F.);
#1775=ORIENTED_EDGE('',*,*,#1387,.F.);
#1776=ORIENTED_EDGE('',*,*,#1388,.F.);
#1777=ORIENTED_EDGE('',*,*,#1389,.F.);
#1778=ORIENTED_EDGE('',*,*,#1390,.F.);
#1779=ORIENTED_EDGE('',*,*,#1391,.F.);
#1780=ORIENTED_EDGE('',*,*,#1392,.F.);
#1781=ORIENTED_EDGE('',*,*,#1393,.F.);
#1782=ORIENTED_EDGE('',*,*,#1394,.F.);
#1783=ORIENTED_EDGE('',*,*,#1395,.F.);
#1784=ORIENTED_EDGE('',*,*,#1396,.F.);
#1785=ORIENTED_EDGE('',*,*,#1397,.F.);
#1786=ORIENTED_EDGE('',*,*,#1398,.F.);
#1787=ORIENTED_EDGE('',*,*,#1399,.F.);
#1788=ORIENTED_EDGE('',*,*,#1400,.F.);
#1789=ORIENTED_EDGE('',*,*,#1401,.F.);
#1790=ORIENTED_EDGE('',*,*,#1402,.F.);
#1791=ORIENTED_EDGE('',*,*,#1403,.F.);
#1792=ORIENTED_EDGE('',*,*,#1404,.F.);
#1793=ORIENTED_EDGE('',*,*,#1405,.F.);
#1794=ORIENTED_EDGE('',*,*,#1406,.T.);
#1795=ORIENTED_EDGE('',*,*,#1407,.T.);
#1796=ORIENTED_EDGE('',*,*,#1408,.T.);
#1797=ORIENTED_EDGE('',*,*,#1325,.F.);
#1798=ORIENTED_EDGE('',*,*,#1409,.T.);
#1799=ORIENTED_EDGE('',*,*,#1410,.T.);
#1800=ORIENTED_EDGE('',*,*,#1411,.T.);
#1801=ORIENTED_EDGE('',*,*,#1322,.F.);
#1802=ORIENTED_EDGE('',*,*,#1411,.F.);
#1803=ORIENTED_EDGE('',*,*,#1412,.F.);
#1804=ORIENTED_EDGE('',*,*,#1348,.F.);
#1805=ORIENTED_EDGE('',*,*,#1410,.F.);
#1806=ORIENTED_EDGE('',*,*,#1413,.T.);
#1807=ORIENTED_EDGE('',*,*,#1414,.F.);
#1808=ORIENTED_EDGE('',*,*,#1342,.T.);
#1809=ORIENTED_EDGE('',*,*,#1345,.F.);
#1810=ORIENTED_EDGE('',*,*,#1347,.T.);
#1811=ORIENTED_EDGE('',*,*,#1349,.F.);
#1812=ORIENTED_EDGE('',*,*,#1412,.T.);
#1813=ORIENTED_EDGE('',*,*,#1415,.T.);
#1814=ORIENTED_EDGE('',*,*,#1416,.T.);
#1815=ORIENTED_EDGE('',*,*,#1417,.T.);
#1816=ORIENTED_EDGE('',*,*,#1418,.T.);
#1817=ORIENTED_EDGE('',*,*,#1419,.T.);
#1818=ORIENTED_EDGE('',*,*,#1420,.T.);
#1819=ORIENTED_EDGE('',*,*,#1421,.T.);
#1820=ORIENTED_EDGE('',*,*,#1422,.T.);
#1821=ORIENTED_EDGE('',*,*,#1331,.F.);
#1822=ORIENTED_EDGE('',*,*,#1343,.T.);
#1823=ORIENTED_EDGE('',*,*,#1414,.T.);
#1824=ORIENTED_EDGE('',*,*,#1423,.T.);
#1825=ORIENTED_EDGE('',*,*,#1424,.T.);
#1826=ORIENTED_EDGE('',*,*,#1425,.T.);
#1827=ORIENTED_EDGE('',*,*,#1419,.F.);
#1828=ORIENTED_EDGE('',*,*,#1426,.F.);
#1829=ORIENTED_EDGE('',*,*,#1427,.T.);
#1830=ORIENTED_EDGE('',*,*,#1428,.T.);
#1831=ORIENTED_EDGE('',*,*,#1420,.F.);
#1832=ORIENTED_EDGE('',*,*,#1425,.F.);
#1833=ORIENTED_EDGE('',*,*,#1429,.T.);
#1834=ORIENTED_EDGE('',*,*,#1430,.T.);
#1835=ORIENTED_EDGE('',*,*,#1421,.F.);
#1836=ORIENTED_EDGE('',*,*,#1428,.F.);
#1837=ORIENTED_EDGE('',*,*,#1431,.T.);
#1838=ORIENTED_EDGE('',*,*,#1432,.T.);
#1839=ORIENTED_EDGE('',*,*,#1422,.F.);
#1840=ORIENTED_EDGE('',*,*,#1430,.F.);
#1841=ORIENTED_EDGE('',*,*,#1433,.T.);
#1842=ORIENTED_EDGE('',*,*,#1426,.T.);
#1843=ORIENTED_EDGE('',*,*,#1418,.F.);
#1844=ORIENTED_EDGE('',*,*,#1434,.F.);
#1845=ORIENTED_EDGE('',*,*,#1435,.T.);
#1846=ORIENTED_EDGE('',*,*,#1434,.T.);
#1847=ORIENTED_EDGE('',*,*,#1417,.F.);
#1848=ORIENTED_EDGE('',*,*,#1436,.F.);
#1849=ORIENTED_EDGE('',*,*,#1437,.T.);
#1850=ORIENTED_EDGE('',*,*,#1436,.T.);
#1851=ORIENTED_EDGE('',*,*,#1416,.F.);
#1852=ORIENTED_EDGE('',*,*,#1438,.F.);
#1853=ORIENTED_EDGE('',*,*,#1439,.T.);
#1854=ORIENTED_EDGE('',*,*,#1438,.T.);
#1855=ORIENTED_EDGE('',*,*,#1415,.F.);
#1856=ORIENTED_EDGE('',*,*,#1432,.F.);
#1857=ORIENTED_EDGE('',*,*,#1440,.F.);
#1858=ORIENTED_EDGE('',*,*,#1441,.T.);
#1859=ORIENTED_EDGE('',*,*,#1442,.F.);
#1860=ORIENTED_EDGE('',*,*,#1441,.F.);
#1861=ORIENTED_EDGE('',*,*,#1443,.F.);
#1862=ORIENTED_EDGE('',*,*,#1444,.T.);
#1863=ORIENTED_EDGE('',*,*,#1445,.F.);
#1864=ORIENTED_EDGE('',*,*,#1444,.F.);
#1865=ORIENTED_EDGE('',*,*,#1446,.T.);
#1866=ORIENTED_EDGE('',*,*,#1447,.T.);
#1867=ORIENTED_EDGE('',*,*,#1448,.F.);
#1868=ORIENTED_EDGE('',*,*,#1447,.F.);
#1869=ORIENTED_EDGE('',*,*,#1446,.F.);
#1870=ORIENTED_EDGE('',*,*,#1449,.F.);
#1871=ORIENTED_EDGE('',*,*,#1450,.T.);
#1872=ORIENTED_EDGE('',*,*,#1451,.F.);
#1873=ORIENTED_EDGE('',*,*,#1450,.F.);
#1874=ORIENTED_EDGE('',*,*,#1408,.F.);
#1875=ORIENTED_EDGE('',*,*,#1452,.T.);
#1876=ORIENTED_EDGE('',*,*,#1453,.T.);
#1877=ORIENTED_EDGE('',*,*,#1452,.F.);
#1878=ORIENTED_EDGE('',*,*,#1453,.F.);
#1879=ORIENTED_EDGE('',*,*,#1443,.T.);
#1880=ORIENTED_EDGE('',*,*,#1407,.F.);
#1881=ORIENTED_EDGE('',*,*,#1454,.T.);
#1882=ORIENTED_EDGE('',*,*,#1455,.T.);
#1883=ORIENTED_EDGE('',*,*,#1454,.F.);
#1884=ORIENTED_EDGE('',*,*,#1455,.F.);
#1885=ORIENTED_EDGE('',*,*,#1449,.T.);
#1886=ORIENTED_EDGE('',*,*,#1406,.F.);
#1887=ORIENTED_EDGE('',*,*,#1456,.T.);
#1888=ORIENTED_EDGE('',*,*,#1457,.T.);
#1889=ORIENTED_EDGE('',*,*,#1456,.F.);
#1890=ORIENTED_EDGE('',*,*,#1457,.F.);
#1891=ORIENTED_EDGE('',*,*,#1440,.T.);
#1892=ORIENTED_EDGE('',*,*,#1458,.T.);
#1893=ORIENTED_EDGE('',*,*,#1459,.T.);
#1894=ORIENTED_EDGE('',*,*,#1460,.T.);
#1895=ORIENTED_EDGE('',*,*,#1350,.T.);
#1896=ORIENTED_EDGE('',*,*,#1458,.F.);
#1897=ORIENTED_EDGE('',*,*,#1357,.T.);
#1898=ORIENTED_EDGE('',*,*,#1461,.T.);
#1899=ORIENTED_EDGE('',*,*,#1462,.T.);
#1900=ORIENTED_EDGE('',*,*,#1463,.T.);
#1901=ORIENTED_EDGE('',*,*,#1464,.T.);
#1902=ORIENTED_EDGE('',*,*,#1461,.F.);
#1903=ORIENTED_EDGE('',*,*,#1356,.T.);
#1904=ORIENTED_EDGE('',*,*,#1463,.F.);
#1905=ORIENTED_EDGE('',*,*,#1355,.T.);
#1906=ORIENTED_EDGE('',*,*,#1465,.T.);
#1907=ORIENTED_EDGE('',*,*,#1466,.T.);
#1908=ORIENTED_EDGE('',*,*,#1467,.T.);
#1909=ORIENTED_EDGE('',*,*,#1468,.T.);
#1910=ORIENTED_EDGE('',*,*,#1465,.F.);
#1911=ORIENTED_EDGE('',*,*,#1354,.T.);
#1912=ORIENTED_EDGE('',*,*,#1467,.F.);
#1913=ORIENTED_EDGE('',*,*,#1353,.T.);
#1914=ORIENTED_EDGE('',*,*,#1469,.T.);
#1915=ORIENTED_EDGE('',*,*,#1470,.T.);
#1916=ORIENTED_EDGE('',*,*,#1471,.T.);
#1917=ORIENTED_EDGE('',*,*,#1472,.T.);
#1918=ORIENTED_EDGE('',*,*,#1469,.F.);
#1919=ORIENTED_EDGE('',*,*,#1352,.T.);
#1920=ORIENTED_EDGE('',*,*,#1471,.F.);
#1921=ORIENTED_EDGE('',*,*,#1351,.T.);
#1922=ORIENTED_EDGE('',*,*,#1460,.F.);
#1923=ORIENTED_EDGE('',*,*,#1473,.T.);
#1924=ORIENTED_EDGE('',*,*,#1470,.F.);
#1925=ORIENTED_EDGE('',*,*,#1474,.F.);
#1926=ORIENTED_EDGE('',*,*,#1475,.T.);
#1927=ORIENTED_EDGE('',*,*,#1476,.F.);
#1928=ORIENTED_EDGE('',*,*,#1472,.F.);
#1929=ORIENTED_EDGE('',*,*,#1477,.T.);
#1930=ORIENTED_EDGE('',*,*,#1478,.T.);
#1931=ORIENTED_EDGE('',*,*,#1474,.T.);
#1932=ORIENTED_EDGE('',*,*,#1473,.F.);
#1933=ORIENTED_EDGE('',*,*,#1479,.F.);
#1934=ORIENTED_EDGE('',*,*,#1480,.T.);
#1935=ORIENTED_EDGE('',*,*,#1477,.F.);
#1936=ORIENTED_EDGE('',*,*,#1459,.F.);
#1937=ORIENTED_EDGE('',*,*,#1481,.T.);
#1938=ORIENTED_EDGE('',*,*,#1482,.T.);
#1939=ORIENTED_EDGE('',*,*,#1479,.T.);
#1940=ORIENTED_EDGE('',*,*,#1483,.T.);
#1941=ORIENTED_EDGE('',*,*,#1484,.T.);
#1942=ORIENTED_EDGE('',*,*,#1485,.T.);
#1943=ORIENTED_EDGE('',*,*,#1398,.T.);
#1944=ORIENTED_EDGE('',*,*,#1483,.F.);
#1945=ORIENTED_EDGE('',*,*,#1405,.T.);
#1946=ORIENTED_EDGE('',*,*,#1486,.T.);
#1947=ORIENTED_EDGE('',*,*,#1487,.T.);
#1948=ORIENTED_EDGE('',*,*,#1488,.T.);
#1949=ORIENTED_EDGE('',*,*,#1489,.T.);
#1950=ORIENTED_EDGE('',*,*,#1486,.F.);
#1951=ORIENTED_EDGE('',*,*,#1404,.T.);
#1952=ORIENTED_EDGE('',*,*,#1488,.F.);
#1953=ORIENTED_EDGE('',*,*,#1403,.T.);
#1954=ORIENTED_EDGE('',*,*,#1490,.T.);
#1955=ORIENTED_EDGE('',*,*,#1491,.T.);
#1956=ORIENTED_EDGE('',*,*,#1492,.T.);
#1957=ORIENTED_EDGE('',*,*,#1493,.T.);
#1958=ORIENTED_EDGE('',*,*,#1490,.F.);
#1959=ORIENTED_EDGE('',*,*,#1402,.T.);
#1960=ORIENTED_EDGE('',*,*,#1492,.F.);
#1961=ORIENTED_EDGE('',*,*,#1401,.T.);
#1962=ORIENTED_EDGE('',*,*,#1494,.T.);
#1963=ORIENTED_EDGE('',*,*,#1495,.T.);
#1964=ORIENTED_EDGE('',*,*,#1496,.T.);
#1965=ORIENTED_EDGE('',*,*,#1497,.T.);
#1966=ORIENTED_EDGE('',*,*,#1494,.F.);
#1967=ORIENTED_EDGE('',*,*,#1400,.T.);
#1968=ORIENTED_EDGE('',*,*,#1496,.F.);
#1969=ORIENTED_EDGE('',*,*,#1399,.T.);
#1970=ORIENTED_EDGE('',*,*,#1485,.F.);
#1971=ORIENTED_EDGE('',*,*,#1498,.T.);
#1972=ORIENTED_EDGE('',*,*,#1495,.F.);
#1973=ORIENTED_EDGE('',*,*,#1499,.F.);
#1974=ORIENTED_EDGE('',*,*,#1500,.T.);
#1975=ORIENTED_EDGE('',*,*,#1501,.F.);
#1976=ORIENTED_EDGE('',*,*,#1497,.F.);
#1977=ORIENTED_EDGE('',*,*,#1502,.T.);
#1978=ORIENTED_EDGE('',*,*,#1503,.T.);
#1979=ORIENTED_EDGE('',*,*,#1499,.T.);
#1980=ORIENTED_EDGE('',*,*,#1498,.F.);
#1981=ORIENTED_EDGE('',*,*,#1504,.F.);
#1982=ORIENTED_EDGE('',*,*,#1505,.T.);
#1983=ORIENTED_EDGE('',*,*,#1502,.F.);
#1984=ORIENTED_EDGE('',*,*,#1484,.F.);
#1985=ORIENTED_EDGE('',*,*,#1506,.T.);
#1986=ORIENTED_EDGE('',*,*,#1507,.T.);
#1987=ORIENTED_EDGE('',*,*,#1504,.T.);
#1988=ORIENTED_EDGE('',*,*,#1508,.T.);
#1989=ORIENTED_EDGE('',*,*,#1358,.T.);
#1990=ORIENTED_EDGE('',*,*,#1509,.T.);
#1991=ORIENTED_EDGE('',*,*,#1510,.T.);
#1992=ORIENTED_EDGE('',*,*,#1508,.F.);
#1993=ORIENTED_EDGE('',*,*,#1511,.T.);
#1994=ORIENTED_EDGE('',*,*,#1512,.T.);
#1995=ORIENTED_EDGE('',*,*,#1359,.T.);
#1996=ORIENTED_EDGE('',*,*,#1513,.T.);
#1997=ORIENTED_EDGE('',*,*,#1360,.T.);
#1998=ORIENTED_EDGE('',*,*,#1512,.F.);
#1999=ORIENTED_EDGE('',*,*,#1514,.T.);
#2000=ORIENTED_EDGE('',*,*,#1513,.F.);
#2001=ORIENTED_EDGE('',*,*,#1515,.T.);
#2002=ORIENTED_EDGE('',*,*,#1516,.T.);
#2003=ORIENTED_EDGE('',*,*,#1361,.T.);
#2004=ORIENTED_EDGE('',*,*,#1517,.T.);
#2005=ORIENTED_EDGE('',*,*,#1362,.T.);
#2006=ORIENTED_EDGE('',*,*,#1516,.F.);
#2007=ORIENTED_EDGE('',*,*,#1518,.T.);
#2008=ORIENTED_EDGE('',*,*,#1517,.F.);
#2009=ORIENTED_EDGE('',*,*,#1519,.T.);
#2010=ORIENTED_EDGE('',*,*,#1520,.T.);
#2011=ORIENTED_EDGE('',*,*,#1363,.T.);
#2012=ORIENTED_EDGE('',*,*,#1521,.T.);
#2013=ORIENTED_EDGE('',*,*,#1364,.T.);
#2014=ORIENTED_EDGE('',*,*,#1520,.F.);
#2015=ORIENTED_EDGE('',*,*,#1522,.T.);
#2016=ORIENTED_EDGE('',*,*,#1521,.F.);
#2017=ORIENTED_EDGE('',*,*,#1523,.T.);
#2018=ORIENTED_EDGE('',*,*,#1509,.F.);
#2019=ORIENTED_EDGE('',*,*,#1365,.T.);
#2020=ORIENTED_EDGE('',*,*,#1515,.F.);
#2021=ORIENTED_EDGE('',*,*,#1524,.T.);
#2022=ORIENTED_EDGE('',*,*,#1525,.T.);
#2023=ORIENTED_EDGE('',*,*,#1526,.T.);
#2024=ORIENTED_EDGE('',*,*,#1514,.F.);
#2025=ORIENTED_EDGE('',*,*,#1527,.F.);
#2026=ORIENTED_EDGE('',*,*,#1528,.T.);
#2027=ORIENTED_EDGE('',*,*,#1524,.F.);
#2028=ORIENTED_EDGE('',*,*,#1511,.F.);
#2029=ORIENTED_EDGE('',*,*,#1529,.T.);
#2030=ORIENTED_EDGE('',*,*,#1530,.T.);
#2031=ORIENTED_EDGE('',*,*,#1527,.T.);
#2032=ORIENTED_EDGE('',*,*,#1510,.F.);
#2033=ORIENTED_EDGE('',*,*,#1531,.F.);
#2034=ORIENTED_EDGE('',*,*,#1532,.T.);
#2035=ORIENTED_EDGE('',*,*,#1529,.F.);
#2036=ORIENTED_EDGE('',*,*,#1533,.T.);
#2037=ORIENTED_EDGE('',*,*,#1390,.T.);
#2038=ORIENTED_EDGE('',*,*,#1534,.T.);
#2039=ORIENTED_EDGE('',*,*,#1535,.T.);
#2040=ORIENTED_EDGE('',*,*,#1533,.F.);
#2041=ORIENTED_EDGE('',*,*,#1536,.T.);
#2042=ORIENTED_EDGE('',*,*,#1537,.T.);
#2043=ORIENTED_EDGE('',*,*,#1391,.T.);
#2044=ORIENTED_EDGE('',*,*,#1538,.T.);
#2045=ORIENTED_EDGE('',*,*,#1392,.T.);
#2046=ORIENTED_EDGE('',*,*,#1537,.F.);
#2047=ORIENTED_EDGE('',*,*,#1539,.T.);
#2048=ORIENTED_EDGE('',*,*,#1538,.F.);
#2049=ORIENTED_EDGE('',*,*,#1540,.T.);
#2050=ORIENTED_EDGE('',*,*,#1541,.T.);
#2051=ORIENTED_EDGE('',*,*,#1393,.T.);
#2052=ORIENTED_EDGE('',*,*,#1542,.T.);
#2053=ORIENTED_EDGE('',*,*,#1394,.T.);
#2054=ORIENTED_EDGE('',*,*,#1541,.F.);
#2055=ORIENTED_EDGE('',*,*,#1543,.T.);
#2056=ORIENTED_EDGE('',*,*,#1542,.F.);
#2057=ORIENTED_EDGE('',*,*,#1544,.T.);
#2058=ORIENTED_EDGE('',*,*,#1545,.T.);
#2059=ORIENTED_EDGE('',*,*,#1395,.T.);
#2060=ORIENTED_EDGE('',*,*,#1546,.T.);
#2061=ORIENTED_EDGE('',*,*,#1396,.T.);
#2062=ORIENTED_EDGE('',*,*,#1545,.F.);
#2063=ORIENTED_EDGE('',*,*,#1547,.T.);
#2064=ORIENTED_EDGE('',*,*,#1546,.F.);
#2065=ORIENTED_EDGE('',*,*,#1548,.T.);
#2066=ORIENTED_EDGE('',*,*,#1534,.F.);
#2067=ORIENTED_EDGE('',*,*,#1397,.T.);
#2068=ORIENTED_EDGE('',*,*,#1540,.F.);
#2069=ORIENTED_EDGE('',*,*,#1549,.T.);
#2070=ORIENTED_EDGE('',*,*,#1550,.T.);
#2071=ORIENTED_EDGE('',*,*,#1551,.T.);
#2072=ORIENTED_EDGE('',*,*,#1539,.F.);
#2073=ORIENTED_EDGE('',*,*,#1552,.F.);
#2074=ORIENTED_EDGE('',*,*,#1553,.T.);
#2075=ORIENTED_EDGE('',*,*,#1549,.F.);
#2076=ORIENTED_EDGE('',*,*,#1536,.F.);
#2077=ORIENTED_EDGE('',*,*,#1554,.T.);
#2078=ORIENTED_EDGE('',*,*,#1555,.T.);
#2079=ORIENTED_EDGE('',*,*,#1552,.T.);
#2080=ORIENTED_EDGE('',*,*,#1535,.F.);
#2081=ORIENTED_EDGE('',*,*,#1556,.F.);
#2082=ORIENTED_EDGE('',*,*,#1557,.T.);
#2083=ORIENTED_EDGE('',*,*,#1554,.F.);
#2084=ORIENTED_EDGE('',*,*,#1558,.T.);
#2085=ORIENTED_EDGE('',*,*,#1559,.T.);
#2086=ORIENTED_EDGE('',*,*,#1560,.T.);
#2087=ORIENTED_EDGE('',*,*,#1366,.T.);
#2088=ORIENTED_EDGE('',*,*,#1558,.F.);
#2089=ORIENTED_EDGE('',*,*,#1373,.T.);
#2090=ORIENTED_EDGE('',*,*,#1561,.T.);
#2091=ORIENTED_EDGE('',*,*,#1562,.T.);
#2092=ORIENTED_EDGE('',*,*,#1563,.T.);
#2093=ORIENTED_EDGE('',*,*,#1564,.T.);
#2094=ORIENTED_EDGE('',*,*,#1561,.F.);
#2095=ORIENTED_EDGE('',*,*,#1372,.T.);
#2096=ORIENTED_EDGE('',*,*,#1563,.F.);
#2097=ORIENTED_EDGE('',*,*,#1371,.T.);
#2098=ORIENTED_EDGE('',*,*,#1565,.T.);
#2099=ORIENTED_EDGE('',*,*,#1566,.T.);
#2100=ORIENTED_EDGE('',*,*,#1567,.T.);
#2101=ORIENTED_EDGE('',*,*,#1568,.T.);
#2102=ORIENTED_EDGE('',*,*,#1565,.F.);
#2103=ORIENTED_EDGE('',*,*,#1370,.T.);
#2104=ORIENTED_EDGE('',*,*,#1567,.F.);
#2105=ORIENTED_EDGE('',*,*,#1369,.T.);
#2106=ORIENTED_EDGE('',*,*,#1569,.T.);
#2107=ORIENTED_EDGE('',*,*,#1570,.T.);
#2108=ORIENTED_EDGE('',*,*,#1571,.T.);
#2109=ORIENTED_EDGE('',*,*,#1572,.T.);
#2110=ORIENTED_EDGE('',*,*,#1569,.F.);
#2111=ORIENTED_EDGE('',*,*,#1368,.T.);
#2112=ORIENTED_EDGE('',*,*,#1571,.F.);
#2113=ORIENTED_EDGE('',*,*,#1367,.T.);
#2114=ORIENTED_EDGE('',*,*,#1560,.F.);
#2115=ORIENTED_EDGE('',*,*,#1573,.T.);
#2116=ORIENTED_EDGE('',*,*,#1570,.F.);
#2117=ORIENTED_EDGE('',*,*,#1574,.F.);
#2118=ORIENTED_EDGE('',*,*,#1575,.T.);
#2119=ORIENTED_EDGE('',*,*,#1576,.F.);
#2120=ORIENTED_EDGE('',*,*,#1572,.F.);
#2121=ORIENTED_EDGE('',*,*,#1577,.T.);
#2122=ORIENTED_EDGE('',*,*,#1578,.T.);
#2123=ORIENTED_EDGE('',*,*,#1574,.T.);
#2124=ORIENTED_EDGE('',*,*,#1573,.F.);
#2125=ORIENTED_EDGE('',*,*,#1579,.F.);
#2126=ORIENTED_EDGE('',*,*,#1580,.T.);
#2127=ORIENTED_EDGE('',*,*,#1577,.F.);
#2128=ORIENTED_EDGE('',*,*,#1559,.F.);
#2129=ORIENTED_EDGE('',*,*,#1581,.T.);
#2130=ORIENTED_EDGE('',*,*,#1582,.T.);
#2131=ORIENTED_EDGE('',*,*,#1579,.T.);
#2132=ORIENTED_EDGE('',*,*,#1583,.T.);
#2133=ORIENTED_EDGE('',*,*,#1382,.T.);
#2134=ORIENTED_EDGE('',*,*,#1584,.T.);
#2135=ORIENTED_EDGE('',*,*,#1585,.T.);
#2136=ORIENTED_EDGE('',*,*,#1583,.F.);
#2137=ORIENTED_EDGE('',*,*,#1586,.T.);
#2138=ORIENTED_EDGE('',*,*,#1587,.T.);
#2139=ORIENTED_EDGE('',*,*,#1383,.T.);
#2140=ORIENTED_EDGE('',*,*,#1588,.T.);
#2141=ORIENTED_EDGE('',*,*,#1384,.T.);
#2142=ORIENTED_EDGE('',*,*,#1587,.F.);
#2143=ORIENTED_EDGE('',*,*,#1589,.T.);
#2144=ORIENTED_EDGE('',*,*,#1588,.F.);
#2145=ORIENTED_EDGE('',*,*,#1590,.T.);
#2146=ORIENTED_EDGE('',*,*,#1591,.T.);
#2147=ORIENTED_EDGE('',*,*,#1385,.T.);
#2148=ORIENTED_EDGE('',*,*,#1592,.T.);
#2149=ORIENTED_EDGE('',*,*,#1386,.T.);
#2150=ORIENTED_EDGE('',*,*,#1591,.F.);
#2151=ORIENTED_EDGE('',*,*,#1593,.T.);
#2152=ORIENTED_EDGE('',*,*,#1592,.F.);
#2153=ORIENTED_EDGE('',*,*,#1594,.T.);
#2154=ORIENTED_EDGE('',*,*,#1595,.T.);
#2155=ORIENTED_EDGE('',*,*,#1387,.T.);
#2156=ORIENTED_EDGE('',*,*,#1596,.T.);
#2157=ORIENTED_EDGE('',*,*,#1388,.T.);
#2158=ORIENTED_EDGE('',*,*,#1595,.F.);
#2159=ORIENTED_EDGE('',*,*,#1597,.T.);
#2160=ORIENTED_EDGE('',*,*,#1596,.F.);
#2161=ORIENTED_EDGE('',*,*,#1598,.T.);
#2162=ORIENTED_EDGE('',*,*,#1584,.F.);
#2163=ORIENTED_EDGE('',*,*,#1389,.T.);
#2164=ORIENTED_EDGE('',*,*,#1590,.F.);
#2165=ORIENTED_EDGE('',*,*,#1599,.T.);
#2166=ORIENTED_EDGE('',*,*,#1600,.T.);
#2167=ORIENTED_EDGE('',*,*,#1601,.T.);
#2168=ORIENTED_EDGE('',*,*,#1589,.F.);
#2169=ORIENTED_EDGE('',*,*,#1602,.F.);
#2170=ORIENTED_EDGE('',*,*,#1603,.T.);
#2171=ORIENTED_EDGE('',*,*,#1599,.F.);
#2172=ORIENTED_EDGE('',*,*,#1586,.F.);
#2173=ORIENTED_EDGE('',*,*,#1604,.T.);
#2174=ORIENTED_EDGE('',*,*,#1605,.T.);
#2175=ORIENTED_EDGE('',*,*,#1602,.T.);
#2176=ORIENTED_EDGE('',*,*,#1585,.F.);
#2177=ORIENTED_EDGE('',*,*,#1606,.F.);
#2178=ORIENTED_EDGE('',*,*,#1607,.T.);
#2179=ORIENTED_EDGE('',*,*,#1604,.F.);
#2180=ORIENTED_EDGE('',*,*,#1608,.T.);
#2181=ORIENTED_EDGE('',*,*,#1374,.T.);
#2182=ORIENTED_EDGE('',*,*,#1609,.T.);
#2183=ORIENTED_EDGE('',*,*,#1610,.T.);
#2184=ORIENTED_EDGE('',*,*,#1608,.F.);
#2185=ORIENTED_EDGE('',*,*,#1611,.T.);
#2186=ORIENTED_EDGE('',*,*,#1612,.T.);
#2187=ORIENTED_EDGE('',*,*,#1375,.T.);
#2188=ORIENTED_EDGE('',*,*,#1613,.T.);
#2189=ORIENTED_EDGE('',*,*,#1376,.T.);
#2190=ORIENTED_EDGE('',*,*,#1612,.F.);
#2191=ORIENTED_EDGE('',*,*,#1614,.T.);
#2192=ORIENTED_EDGE('',*,*,#1613,.F.);
#2193=ORIENTED_EDGE('',*,*,#1615,.T.);
#2194=ORIENTED_EDGE('',*,*,#1616,.T.);
#2195=ORIENTED_EDGE('',*,*,#1377,.T.);
#2196=ORIENTED_EDGE('',*,*,#1617,.T.);
#2197=ORIENTED_EDGE('',*,*,#1378,.T.);
#2198=ORIENTED_EDGE('',*,*,#1616,.F.);
#2199=ORIENTED_EDGE('',*,*,#1618,.T.);
#2200=ORIENTED_EDGE('',*,*,#1617,.F.);
#2201=ORIENTED_EDGE('',*,*,#1619,.T.);
#2202=ORIENTED_EDGE('',*,*,#1620,.T.);
#2203=ORIENTED_EDGE('',*,*,#1379,.T.);
#2204=ORIENTED_EDGE('',*,*,#1621,.T.);
#2205=ORIENTED_EDGE('',*,*,#1380,.T.);
#2206=ORIENTED_EDGE('',*,*,#1620,.F.);
#2207=ORIENTED_EDGE('',*,*,#1622,.T.);
#2208=ORIENTED_EDGE('',*,*,#1609,.F.);
#2209=ORIENTED_EDGE('',*,*,#1381,.T.);
#2210=ORIENTED_EDGE('',*,*,#1621,.F.);
#2211=ORIENTED_EDGE('',*,*,#1623,.T.);
#2212=ORIENTED_EDGE('',*,*,#1615,.F.);
#2213=ORIENTED_EDGE('',*,*,#1624,.T.);
#2214=ORIENTED_EDGE('',*,*,#1625,.T.);
#2215=ORIENTED_EDGE('',*,*,#1626,.T.);
#2216=ORIENTED_EDGE('',*,*,#1614,.F.);
#2217=ORIENTED_EDGE('',*,*,#1627,.F.);
#2218=ORIENTED_EDGE('',*,*,#1628,.T.);
#2219=ORIENTED_EDGE('',*,*,#1624,.F.);
#2220=ORIENTED_EDGE('',*,*,#1611,.F.);
#2221=ORIENTED_EDGE('',*,*,#1629,.T.);
#2222=ORIENTED_EDGE('',*,*,#1630,.T.);
#2223=ORIENTED_EDGE('',*,*,#1627,.T.);
#2224=ORIENTED_EDGE('',*,*,#1610,.F.);
#2225=ORIENTED_EDGE('',*,*,#1631,.F.);
#2226=ORIENTED_EDGE('',*,*,#1632,.T.);
#2227=ORIENTED_EDGE('',*,*,#1629,.F.);
#2228=ORIENTED_EDGE('',*,*,#1328,.F.);
#2229=ORIENTED_EDGE('',*,*,#1423,.F.);
#2230=ORIENTED_EDGE('',*,*,#1413,.F.);
#2231=ORIENTED_EDGE('',*,*,#1409,.F.);
#2232=ORIENTED_EDGE('',*,*,#1437,.F.);
#2233=ORIENTED_EDGE('',*,*,#1439,.F.);
#2234=ORIENTED_EDGE('',*,*,#1431,.F.);
#2235=ORIENTED_EDGE('',*,*,#1429,.F.);
#2236=ORIENTED_EDGE('',*,*,#1427,.F.);
#2237=ORIENTED_EDGE('',*,*,#1424,.F.);
#2238=ORIENTED_EDGE('',*,*,#1433,.F.);
#2239=ORIENTED_EDGE('',*,*,#1435,.F.);
#2240=ORIENTED_EDGE('',*,*,#1633,.F.);
#2241=ORIENTED_EDGE('',*,*,#1634,.F.);
#2242=ORIENTED_EDGE('',*,*,#1635,.F.);
#2243=ORIENTED_EDGE('',*,*,#1575,.F.);
#2244=ORIENTED_EDGE('',*,*,#1578,.F.);
#2245=ORIENTED_EDGE('',*,*,#1580,.F.);
#2246=ORIENTED_EDGE('',*,*,#1582,.F.);
#2247=ORIENTED_EDGE('',*,*,#1636,.F.);
#2248=ORIENTED_EDGE('',*,*,#1637,.F.);
#2249=ORIENTED_EDGE('',*,*,#1638,.F.);
#2250=ORIENTED_EDGE('',*,*,#1639,.F.);
#2251=ORIENTED_EDGE('',*,*,#1640,.F.);
#2252=ORIENTED_EDGE('',*,*,#1600,.F.);
#2253=ORIENTED_EDGE('',*,*,#1603,.F.);
#2254=ORIENTED_EDGE('',*,*,#1605,.F.);
#2255=ORIENTED_EDGE('',*,*,#1607,.F.);
#2256=ORIENTED_EDGE('',*,*,#1478,.F.);
#2257=ORIENTED_EDGE('',*,*,#1480,.F.);
#2258=ORIENTED_EDGE('',*,*,#1482,.F.);
#2259=ORIENTED_EDGE('',*,*,#1641,.F.);
#2260=ORIENTED_EDGE('',*,*,#1642,.F.);
#2261=ORIENTED_EDGE('',*,*,#1643,.F.);
#2262=ORIENTED_EDGE('',*,*,#1644,.F.);
#2263=ORIENTED_EDGE('',*,*,#1475,.F.);
#2264=ORIENTED_EDGE('',*,*,#1645,.F.);
#2265=ORIENTED_EDGE('',*,*,#1646,.F.);
#2266=ORIENTED_EDGE('',*,*,#1647,.F.);
#2267=ORIENTED_EDGE('',*,*,#1648,.F.);
#2268=ORIENTED_EDGE('',*,*,#1550,.F.);
#2269=ORIENTED_EDGE('',*,*,#1553,.F.);
#2270=ORIENTED_EDGE('',*,*,#1555,.F.);
#2271=ORIENTED_EDGE('',*,*,#1557,.F.);
#2272=ORIENTED_EDGE('',*,*,#1649,.F.);
#2273=ORIENTED_EDGE('',*,*,#1650,.F.);
#2274=ORIENTED_EDGE('',*,*,#1651,.F.);
#2275=ORIENTED_EDGE('',*,*,#1500,.F.);
#2276=ORIENTED_EDGE('',*,*,#1503,.F.);
#2277=ORIENTED_EDGE('',*,*,#1505,.F.);
#2278=ORIENTED_EDGE('',*,*,#1507,.F.);
#2279=ORIENTED_EDGE('',*,*,#1652,.F.);
#2280=ORIENTED_EDGE('',*,*,#1653,.F.);
#2281=ORIENTED_EDGE('',*,*,#1654,.F.);
#2282=ORIENTED_EDGE('',*,*,#1655,.F.);
#2283=ORIENTED_EDGE('',*,*,#1656,.F.);
#2284=ORIENTED_EDGE('',*,*,#1525,.F.);
#2285=ORIENTED_EDGE('',*,*,#1528,.F.);
#2286=ORIENTED_EDGE('',*,*,#1530,.F.);
#2287=ORIENTED_EDGE('',*,*,#1532,.F.);
#2288=ORIENTED_EDGE('',*,*,#1657,.F.);
#2289=ORIENTED_EDGE('',*,*,#1658,.F.);
#2290=ORIENTED_EDGE('',*,*,#1659,.F.);
#2291=ORIENTED_EDGE('',*,*,#1660,.F.);
#2292=ORIENTED_EDGE('',*,*,#1625,.F.);
#2293=ORIENTED_EDGE('',*,*,#1628,.F.);
#2294=ORIENTED_EDGE('',*,*,#1630,.F.);
#2295=ORIENTED_EDGE('',*,*,#1632,.F.);
#2296=ORIENTED_EDGE('',*,*,#1451,.T.);
#2297=ORIENTED_EDGE('',*,*,#1448,.T.);
#2298=ORIENTED_EDGE('',*,*,#1445,.T.);
#2299=ORIENTED_EDGE('',*,*,#1442,.T.);
#2300=ORIENTED_EDGE('',*,*,#1619,.F.);
#2301=ORIENTED_EDGE('',*,*,#1661,.T.);
#2302=ORIENTED_EDGE('',*,*,#1659,.T.);
#2303=ORIENTED_EDGE('',*,*,#1662,.T.);
#2304=ORIENTED_EDGE('',*,*,#1622,.F.);
#2305=ORIENTED_EDGE('',*,*,#1662,.F.);
#2306=ORIENTED_EDGE('',*,*,#1658,.T.);
#2307=ORIENTED_EDGE('',*,*,#1663,.T.);
#2308=ORIENTED_EDGE('',*,*,#1618,.F.);
#2309=ORIENTED_EDGE('',*,*,#1626,.F.);
#2310=ORIENTED_EDGE('',*,*,#1660,.T.);
#2311=ORIENTED_EDGE('',*,*,#1661,.F.);
#2312=ORIENTED_EDGE('',*,*,#1543,.F.);
#2313=ORIENTED_EDGE('',*,*,#1551,.F.);
#2314=ORIENTED_EDGE('',*,*,#1648,.T.);
#2315=ORIENTED_EDGE('',*,*,#1664,.F.);
#2316=ORIENTED_EDGE('',*,*,#1544,.F.);
#2317=ORIENTED_EDGE('',*,*,#1664,.T.);
#2318=ORIENTED_EDGE('',*,*,#1647,.T.);
#2319=ORIENTED_EDGE('',*,*,#1665,.T.);
#2320=ORIENTED_EDGE('',*,*,#1547,.F.);
#2321=ORIENTED_EDGE('',*,*,#1665,.F.);
#2322=ORIENTED_EDGE('',*,*,#1646,.T.);
#2323=ORIENTED_EDGE('',*,*,#1666,.F.);
#2324=ORIENTED_EDGE('',*,*,#1548,.F.);
#2325=ORIENTED_EDGE('',*,*,#1666,.T.);
#2326=ORIENTED_EDGE('',*,*,#1645,.T.);
#2327=ORIENTED_EDGE('',*,*,#1556,.T.);
#2328=ORIENTED_EDGE('',*,*,#1468,.F.);
#2329=ORIENTED_EDGE('',*,*,#1476,.T.);
#2330=ORIENTED_EDGE('',*,*,#1644,.T.);
#2331=ORIENTED_EDGE('',*,*,#1667,.T.);
#2332=ORIENTED_EDGE('',*,*,#1466,.F.);
#2333=ORIENTED_EDGE('',*,*,#1667,.F.);
#2334=ORIENTED_EDGE('',*,*,#1643,.T.);
#2335=ORIENTED_EDGE('',*,*,#1668,.F.);
#2336=ORIENTED_EDGE('',*,*,#1464,.F.);
#2337=ORIENTED_EDGE('',*,*,#1668,.T.);
#2338=ORIENTED_EDGE('',*,*,#1642,.T.);
#2339=ORIENTED_EDGE('',*,*,#1669,.T.);
#2340=ORIENTED_EDGE('',*,*,#1462,.F.);
#2341=ORIENTED_EDGE('',*,*,#1669,.F.);
#2342=ORIENTED_EDGE('',*,*,#1641,.T.);
#2343=ORIENTED_EDGE('',*,*,#1481,.F.);
#2344=ORIENTED_EDGE('',*,*,#1493,.F.);
#2345=ORIENTED_EDGE('',*,*,#1501,.T.);
#2346=ORIENTED_EDGE('',*,*,#1651,.T.);
#2347=ORIENTED_EDGE('',*,*,#1670,.T.);
#2348=ORIENTED_EDGE('',*,*,#1491,.F.);
#2349=ORIENTED_EDGE('',*,*,#1670,.F.);
#2350=ORIENTED_EDGE('',*,*,#1650,.T.);
#2351=ORIENTED_EDGE('',*,*,#1671,.F.);
#2352=ORIENTED_EDGE('',*,*,#1518,.F.);
#2353=ORIENTED_EDGE('',*,*,#1526,.F.);
#2354=ORIENTED_EDGE('',*,*,#1656,.T.);
#2355=ORIENTED_EDGE('',*,*,#1672,.F.);
#2356=ORIENTED_EDGE('',*,*,#1489,.F.);
#2357=ORIENTED_EDGE('',*,*,#1671,.T.);
#2358=ORIENTED_EDGE('',*,*,#1649,.T.);
#2359=ORIENTED_EDGE('',*,*,#1673,.T.);
#2360=ORIENTED_EDGE('',*,*,#1487,.F.);
#2361=ORIENTED_EDGE('',*,*,#1673,.F.);
#2362=ORIENTED_EDGE('',*,*,#1652,.T.);
#2363=ORIENTED_EDGE('',*,*,#1506,.F.);
#2364=ORIENTED_EDGE('',*,*,#1519,.F.);
#2365=ORIENTED_EDGE('',*,*,#1672,.T.);
#2366=ORIENTED_EDGE('',*,*,#1655,.T.);
#2367=ORIENTED_EDGE('',*,*,#1674,.T.);
#2368=ORIENTED_EDGE('',*,*,#1522,.F.);
#2369=ORIENTED_EDGE('',*,*,#1674,.F.);
#2370=ORIENTED_EDGE('',*,*,#1654,.T.);
#2371=ORIENTED_EDGE('',*,*,#1675,.F.);
#2372=ORIENTED_EDGE('',*,*,#1593,.F.);
#2373=ORIENTED_EDGE('',*,*,#1601,.F.);
#2374=ORIENTED_EDGE('',*,*,#1640,.T.);
#2375=ORIENTED_EDGE('',*,*,#1676,.F.);
#2376=ORIENTED_EDGE('',*,*,#1523,.F.);
#2377=ORIENTED_EDGE('',*,*,#1675,.T.);
#2378=ORIENTED_EDGE('',*,*,#1653,.T.);
#2379=ORIENTED_EDGE('',*,*,#1531,.T.);
#2380=ORIENTED_EDGE('',*,*,#1594,.F.);
#2381=ORIENTED_EDGE('',*,*,#1676,.T.);
#2382=ORIENTED_EDGE('',*,*,#1639,.T.);
#2383=ORIENTED_EDGE('',*,*,#1677,.T.);
#2384=ORIENTED_EDGE('',*,*,#1597,.F.);
#2385=ORIENTED_EDGE('',*,*,#1677,.F.);
#2386=ORIENTED_EDGE('',*,*,#1638,.T.);
#2387=ORIENTED_EDGE('',*,*,#1678,.F.);
#2388=ORIENTED_EDGE('',*,*,#1598,.F.);
#2389=ORIENTED_EDGE('',*,*,#1678,.T.);
#2390=ORIENTED_EDGE('',*,*,#1637,.T.);
#2391=ORIENTED_EDGE('',*,*,#1606,.T.);
#2392=ORIENTED_EDGE('',*,*,#1568,.F.);
#2393=ORIENTED_EDGE('',*,*,#1576,.T.);
#2394=ORIENTED_EDGE('',*,*,#1635,.T.);
#2395=ORIENTED_EDGE('',*,*,#1679,.T.);
#2396=ORIENTED_EDGE('',*,*,#1566,.F.);
#2397=ORIENTED_EDGE('',*,*,#1679,.F.);
#2398=ORIENTED_EDGE('',*,*,#1634,.T.);
#2399=ORIENTED_EDGE('',*,*,#1680,.F.);
#2400=ORIENTED_EDGE('',*,*,#1564,.F.);
#2401=ORIENTED_EDGE('',*,*,#1680,.T.);
#2402=ORIENTED_EDGE('',*,*,#1633,.T.);
#2403=ORIENTED_EDGE('',*,*,#1681,.T.);
#2404=ORIENTED_EDGE('',*,*,#1562,.F.);
#2405=ORIENTED_EDGE('',*,*,#1681,.F.);
#2406=ORIENTED_EDGE('',*,*,#1636,.T.);
#2407=ORIENTED_EDGE('',*,*,#1581,.F.);
#2408=ORIENTED_EDGE('',*,*,#1623,.F.);
#2409=ORIENTED_EDGE('',*,*,#1663,.F.);
#2410=ORIENTED_EDGE('',*,*,#1657,.T.);
#2411=ORIENTED_EDGE('',*,*,#1631,.T.);
#2412=CONICAL_SURFACE('',#2596,16.794,0.785398163397447);
#2413=CONICAL_SURFACE('',#2600,6.318,0.785398163397447);
#2414=CONICAL_SURFACE('',#2604,6.318,0.785398163397447);
#2415=CONICAL_SURFACE('',#2608,6.318,0.785398163397448);
#2416=CONICAL_SURFACE('',#2694,7.,0.785398163397447);
#2417=CONICAL_SURFACE('',#2697,7.,0.785398163397447);
#2418=CONICAL_SURFACE('',#2700,7.,0.785398163397447);
#2419=CONICAL_SURFACE('',#2703,7.,0.785398163397447);
#2420=CONICAL_SURFACE('',#2712,7.,0.785398163397447);
#2421=CONICAL_SURFACE('',#2715,7.,0.785398163397447);
#2422=CONICAL_SURFACE('',#2718,7.,0.785398163397447);
#2423=CONICAL_SURFACE('',#2721,7.,0.785398163397447);
#2424=CONICAL_SURFACE('',#2731,7.,0.785398163397447);
#2425=CONICAL_SURFACE('',#2734,7.,0.785398163397447);
#2426=CONICAL_SURFACE('',#2737,7.,0.785398163397447);
#2427=CONICAL_SURFACE('',#2740,7.,0.785398163397447);
#2428=CONICAL_SURFACE('',#2749,7.,0.785398163397449);
#2429=CONICAL_SURFACE('',#2752,7.,0.785398163397449);
#2430=CONICAL_SURFACE('',#2755,7.,0.785398163397448);
#2431=CONICAL_SURFACE('',#2758,7.,0.785398163397449);
#2432=CONICAL_SURFACE('',#2766,7.,0.785398163397447);
#2433=CONICAL_SURFACE('',#2769,7.,0.785398163397447);
#2434=CONICAL_SURFACE('',#2772,7.,0.785398163397447);
#2435=CONICAL_SURFACE('',#2775,7.,0.785398163397447);
#2436=CONICAL_SURFACE('',#2785,7.,0.785398163397447);
#2437=CONICAL_SURFACE('',#2788,7.,0.785398163397447);
#2438=CONICAL_SURFACE('',#2791,7.,0.785398163397447);
#2439=CONICAL_SURFACE('',#2794,7.,0.785398163397447);
#2440=CONICAL_SURFACE('',#2803,7.795,0.785398163397447);
#2441=CONICAL_SURFACE('',#2806,7.795,0.785398163397447);
#2442=CONICAL_SURFACE('',#2809,7.795,0.785398163397447);
#2443=CONICAL_SURFACE('',#2812,7.79375023251002,0.78539816339745);
#2444=ADVANCED_FACE('',(#158),#2412,.T.);
#2445=ADVANCED_FACE('',(#159),#83,.T.);
#2446=ADVANCED_FACE('',(#160),#2413,.T.);
#2447=ADVANCED_FACE('',(#161),#84,.T.);
#2448=ADVANCED_FACE('',(#162),#2414,.T.);
#2449=ADVANCED_FACE('',(#163),#85,.T.);
#2450=ADVANCED_FACE('',(#164),#2415,.T.);
#2451=ADVANCED_FACE('',(#165),#86,.T.);
#2452=ADVANCED_FACE('',(#166),#87,.T.);
#2453=ADVANCED_FACE('',(#167),#40,.T.);
#2454=ADVANCED_FACE('',(#168),#88,.T.);
#2455=ADVANCED_FACE('',(#169),#41,.T.);
#2456=ADVANCED_FACE('',(#170,#15,#16,#17,#18,#19,#20,#21,#22,#23,#24),#89,
 .T.);
#2457=ADVANCED_FACE('',(#171),#42,.T.);
#2458=ADVANCED_FACE('',(#172),#90,.T.);
#2459=ADVANCED_FACE('',(#173,#25),#91,.F.);
#2460=ADVANCED_FACE('',(#174),#43,.T.);
#2461=ADVANCED_FACE('',(#175),#44,.F.);
#2462=ADVANCED_FACE('',(#176),#92,.T.);
#2463=ADVANCED_FACE('',(#177),#45,.F.);
#2464=ADVANCED_FACE('',(#178),#93,.T.);
#2465=ADVANCED_FACE('',(#179),#94,.T.);
#2466=ADVANCED_FACE('',(#180),#46,.F.);
#2467=ADVANCED_FACE('',(#181),#95,.T.);
#2468=ADVANCED_FACE('',(#182),#47,.F.);
#2469=ADVANCED_FACE('',(#183),#48,.F.);
#2470=ADVANCED_FACE('',(#184),#49,.F.);
#2471=ADVANCED_FACE('',(#185),#50,.F.);
#2472=ADVANCED_FACE('',(#186),#96,.F.);
#2473=ADVANCED_FACE('',(#187),#51,.F.);
#2474=ADVANCED_FACE('',(#188),#52,.F.);
#2475=ADVANCED_FACE('',(#189,#26),#97,.T.);
#2476=ADVANCED_FACE('',(#190),#53,.F.);
#2477=ADVANCED_FACE('',(#191,#27),#98,.T.);
#2478=ADVANCED_FACE('',(#192),#54,.F.);
#2479=ADVANCED_FACE('',(#193,#28),#99,.T.);
#2480=ADVANCED_FACE('',(#194),#2416,.F.);
#2481=ADVANCED_FACE('',(#195),#100,.T.);
#2482=ADVANCED_FACE('',(#196),#2417,.F.);
#2483=ADVANCED_FACE('',(#197),#101,.T.);
#2484=ADVANCED_FACE('',(#198),#2418,.F.);
#2485=ADVANCED_FACE('',(#199),#102,.T.);
#2486=ADVANCED_FACE('',(#200),#2419,.F.);
#2487=ADVANCED_FACE('',(#201),#103,.T.);
#2488=ADVANCED_FACE('',(#202),#104,.T.);
#2489=ADVANCED_FACE('',(#203),#55,.F.);
#2490=ADVANCED_FACE('',(#204),#105,.T.);
#2491=ADVANCED_FACE('',(#205),#56,.F.);
#2492=ADVANCED_FACE('',(#206),#2420,.F.);
#2493=ADVANCED_FACE('',(#207),#106,.T.);
#2494=ADVANCED_FACE('',(#208),#2421,.F.);
#2495=ADVANCED_FACE('',(#209),#107,.T.);
#2496=ADVANCED_FACE('',(#210),#2422,.F.);
#2497=ADVANCED_FACE('',(#211),#108,.T.);
#2498=ADVANCED_FACE('',(#212),#2423,.F.);
#2499=ADVANCED_FACE('',(#213),#109,.T.);
#2500=ADVANCED_FACE('',(#214),#110,.T.);
#2501=ADVANCED_FACE('',(#215),#57,.F.);
#2502=ADVANCED_FACE('',(#216),#111,.T.);
#2503=ADVANCED_FACE('',(#217),#58,.F.);
#2504=ADVANCED_FACE('',(#218),#112,.T.);
#2505=ADVANCED_FACE('',(#219),#2424,.F.);
#2506=ADVANCED_FACE('',(#220),#113,.T.);
#2507=ADVANCED_FACE('',(#221),#2425,.F.);
#2508=ADVANCED_FACE('',(#222),#114,.T.);
#2509=ADVANCED_FACE('',(#223),#2426,.F.);
#2510=ADVANCED_FACE('',(#224),#115,.T.);
#2511=ADVANCED_FACE('',(#225),#2427,.F.);
#2512=ADVANCED_FACE('',(#226),#59,.F.);
#2513=ADVANCED_FACE('',(#227),#116,.T.);
#2514=ADVANCED_FACE('',(#228),#60,.F.);
#2515=ADVANCED_FACE('',(#229),#117,.T.);
#2516=ADVANCED_FACE('',(#230),#118,.T.);
#2517=ADVANCED_FACE('',(#231),#2428,.F.);
#2518=ADVANCED_FACE('',(#232),#119,.T.);
#2519=ADVANCED_FACE('',(#233),#2429,.F.);
#2520=ADVANCED_FACE('',(#234),#120,.T.);
#2521=ADVANCED_FACE('',(#235),#2430,.F.);
#2522=ADVANCED_FACE('',(#236),#121,.T.);
#2523=ADVANCED_FACE('',(#237),#2431,.F.);
#2524=ADVANCED_FACE('',(#238),#61,.F.);
#2525=ADVANCED_FACE('',(#239),#122,.T.);
#2526=ADVANCED_FACE('',(#240),#62,.F.);
#2527=ADVANCED_FACE('',(#241),#123,.T.);
#2528=ADVANCED_FACE('',(#242),#2432,.F.);
#2529=ADVANCED_FACE('',(#243),#124,.T.);
#2530=ADVANCED_FACE('',(#244),#2433,.F.);
#2531=ADVANCED_FACE('',(#245),#125,.T.);
#2532=ADVANCED_FACE('',(#246),#2434,.F.);
#2533=ADVANCED_FACE('',(#247),#126,.T.);
#2534=ADVANCED_FACE('',(#248),#2435,.F.);
#2535=ADVANCED_FACE('',(#249),#127,.T.);
#2536=ADVANCED_FACE('',(#250),#128,.T.);
#2537=ADVANCED_FACE('',(#251),#63,.F.);
#2538=ADVANCED_FACE('',(#252),#129,.T.);
#2539=ADVANCED_FACE('',(#253),#64,.F.);
#2540=ADVANCED_FACE('',(#254),#130,.T.);
#2541=ADVANCED_FACE('',(#255),#2436,.F.);
#2542=ADVANCED_FACE('',(#256),#131,.T.);
#2543=ADVANCED_FACE('',(#257),#2437,.F.);
#2544=ADVANCED_FACE('',(#258),#132,.T.);
#2545=ADVANCED_FACE('',(#259),#2438,.F.);
#2546=ADVANCED_FACE('',(#260),#133,.T.);
#2547=ADVANCED_FACE('',(#261),#2439,.F.);
#2548=ADVANCED_FACE('',(#262),#65,.F.);
#2549=ADVANCED_FACE('',(#263),#134,.T.);
#2550=ADVANCED_FACE('',(#264),#66,.F.);
#2551=ADVANCED_FACE('',(#265),#135,.T.);
#2552=ADVANCED_FACE('',(#266),#136,.T.);
#2553=ADVANCED_FACE('',(#267),#2440,.F.);
#2554=ADVANCED_FACE('',(#268),#137,.T.);
#2555=ADVANCED_FACE('',(#269),#2441,.F.);
#2556=ADVANCED_FACE('',(#270),#138,.T.);
#2557=ADVANCED_FACE('',(#271),#2442,.F.);
#2558=ADVANCED_FACE('',(#272),#139,.T.);
#2559=ADVANCED_FACE('',(#273),#2443,.F.);
#2560=ADVANCED_FACE('',(#274),#67,.F.);
#2561=ADVANCED_FACE('',(#275),#140,.T.);
#2562=ADVANCED_FACE('',(#276),#68,.F.);
#2563=ADVANCED_FACE('',(#277),#141,.T.);
#2564=ADVANCED_FACE('',(#278),#142,.T.);
#2565=ADVANCED_FACE('',(#279,#29,#30,#31,#32,#33,#34,#35,#36,#37,#38,#39),
#143,.F.);
#2566=ADVANCED_FACE('',(#280),#69,.F.);
#2567=ADVANCED_FACE('',(#281),#144,.T.);
#2568=ADVANCED_FACE('',(#282),#145,.T.);
#2569=ADVANCED_FACE('',(#283),#146,.T.);
#2570=ADVANCED_FACE('',(#284),#70,.F.);
#2571=ADVANCED_FACE('',(#285),#147,.T.);
#2572=ADVANCED_FACE('',(#286),#71,.F.);
#2573=ADVANCED_FACE('',(#287),#72,.F.);
#2574=ADVANCED_FACE('',(#288),#148,.T.);
#2575=ADVANCED_FACE('',(#289),#73,.F.);
#2576=ADVANCED_FACE('',(#290),#149,.T.);
#2577=ADVANCED_FACE('',(#291),#74,.F.);
#2578=ADVANCED_FACE('',(#292),#150,.T.);
#2579=ADVANCED_FACE('',(#293),#151,.T.);
#2580=ADVANCED_FACE('',(#294),#75,.F.);
#2581=ADVANCED_FACE('',(#295),#152,.T.);
#2582=ADVANCED_FACE('',(#296),#76,.F.);
#2583=ADVANCED_FACE('',(#297),#153,.T.);
#2584=ADVANCED_FACE('',(#298),#154,.T.);
#2585=ADVANCED_FACE('',(#299),#77,.F.);
#2586=ADVANCED_FACE('',(#300),#78,.F.);
#2587=ADVANCED_FACE('',(#301),#155,.T.);
#2588=ADVANCED_FACE('',(#302),#79,.F.);
#2589=ADVANCED_FACE('',(#303),#80,.F.);
#2590=ADVANCED_FACE('',(#304),#156,.T.);
#2591=ADVANCED_FACE('',(#305),#81,.F.);
#2592=ADVANCED_FACE('',(#306),#157,.T.);
#2593=ADVANCED_FACE('',(#307),#82,.F.);
#2594=CLOSED_SHELL('',(#2444,#2445,#2446,#2447,#2448,#2449,#2450,#2451,
#2452,#2453,#2454,#2455,#2456,#2457,#2458,#2459,#2460,#2461,#2462,#2463,
#2464,#2465,#2466,#2467,#2468,#2469,#2470,#2471,#2472,#2473,#2474,#2475,
#2476,#2477,#2478,#2479,#2480,#2481,#2482,#2483,#2484,#2485,#2486,#2487,
#2488,#2489,#2490,#2491,#2492,#2493,#2494,#2495,#2496,#2497,#2498,#2499,
#2500,#2501,#2502,#2503,#2504,#2505,#2506,#2507,#2508,#2509,#2510,#2511,
#2512,#2513,#2514,#2515,#2516,#2517,#2518,#2519,#2520,#2521,#2522,#2523,
#2524,#2525,#2526,#2527,#2528,#2529,#2530,#2531,#2532,#2533,#2534,#2535,
#2536,#2537,#2538,#2539,#2540,#2541,#2542,#2543,#2544,#2545,#2546,#2547,
#2548,#2549,#2550,#2551,#2552,#2553,#2554,#2555,#2556,#2557,#2558,#2559,
#2560,#2561,#2562,#2563,#2564,#2565,#2566,#2567,#2568,#2569,#2570,#2571,
#2572,#2573,#2574,#2575,#2576,#2577,#2578,#2579,#2580,#2581,#2582,#2583,
#2584,#2585,#2586,#2587,#2588,#2589,#2590,#2591,#2592,#2593));
#2595=AXIS2_PLACEMENT_3D('',#3649,#2864,#2865);
#2596=AXIS2_PLACEMENT_3D('',#3650,#2866,#2867);
#2597=AXIS2_PLACEMENT_3D('',#3655,#2869,#2870);
#2598=AXIS2_PLACEMENT_3D('',#3658,#2872,#2873);
#2599=AXIS2_PLACEMENT_3D('',#3659,#2874,#2875);
#2600=AXIS2_PLACEMENT_3D('',#3665,#2879,#2880);
#2601=AXIS2_PLACEMENT_3D('',#3669,#2882,#2883);
#2602=AXIS2_PLACEMENT_3D('',#3670,#2884,#2885);
#2603=AXIS2_PLACEMENT_3D('',#3671,#2886,#2887);
#2604=AXIS2_PLACEMENT_3D('',#3677,#2891,#2892);
#2605=AXIS2_PLACEMENT_3D('',#3681,#2894,#2895);
#2606=AXIS2_PLACEMENT_3D('',#3682,#2896,#2897);
#2607=AXIS2_PLACEMENT_3D('',#3683,#2898,#2899);
#2608=AXIS2_PLACEMENT_3D('',#3689,#2903,#2904);
#2609=AXIS2_PLACEMENT_3D('',#3693,#2906,#2907);
#2610=AXIS2_PLACEMENT_3D('',#3694,#2908,#2909);
#2611=AXIS2_PLACEMENT_3D('',#3695,#2910,#2911);
#2612=AXIS2_PLACEMENT_3D('',#3698,#2914,#2915);
#2613=AXIS2_PLACEMENT_3D('',#3704,#2919,#2920);
#2614=AXIS2_PLACEMENT_3D('',#3707,#2922,#2923);
#2615=AXIS2_PLACEMENT_3D('',#3708,#2924,#2925);
#2616=AXIS2_PLACEMENT_3D('',#3712,#2928,#2929);
#2617=AXIS2_PLACEMENT_3D('',#3715,#2931,#2932);
#2618=AXIS2_PLACEMENT_3D('',#3716,#2933,#2934);
#2619=AXIS2_PLACEMENT_3D('',#3719,#2935,#2936);
#2620=AXIS2_PLACEMENT_3D('',#3723,#2938,#2939);
#2621=AXIS2_PLACEMENT_3D('',#3727,#2941,#2942);
#2622=AXIS2_PLACEMENT_3D('',#3731,#2944,#2945);
#2623=AXIS2_PLACEMENT_3D('',#3737,#2948,#2949);
#2624=AXIS2_PLACEMENT_3D('',#3741,#2951,#2952);
#2625=AXIS2_PLACEMENT_3D('',#3745,#2954,#2955);
#2626=AXIS2_PLACEMENT_3D('',#3748,#2957,#2958);
#2627=AXIS2_PLACEMENT_3D('',#3751,#2959,#2960);
#2628=AXIS2_PLACEMENT_3D('',#3755,#2962,#2963);
#2629=AXIS2_PLACEMENT_3D('',#3759,#2965,#2966);
#2630=AXIS2_PLACEMENT_3D('',#3763,#2968,#2969);
#2631=AXIS2_PLACEMENT_3D('',#3769,#2972,#2973);
#2632=AXIS2_PLACEMENT_3D('',#3773,#2975,#2976);
#2633=AXIS2_PLACEMENT_3D('',#3777,#2978,#2979);
#2634=AXIS2_PLACEMENT_3D('',#3780,#2981,#2982);
#2635=AXIS2_PLACEMENT_3D('',#3785,#2984,#2985);
#2636=AXIS2_PLACEMENT_3D('',#3789,#2987,#2988);
#2637=AXIS2_PLACEMENT_3D('',#3793,#2990,#2991);
#2638=AXIS2_PLACEMENT_3D('',#3796,#2993,#2994);
#2639=AXIS2_PLACEMENT_3D('',#3801,#2996,#2997);
#2640=AXIS2_PLACEMENT_3D('',#3805,#2999,#3000);
#2641=AXIS2_PLACEMENT_3D('',#3809,#3002,#3003);
#2642=AXIS2_PLACEMENT_3D('',#3812,#3005,#3006);
#2643=AXIS2_PLACEMENT_3D('',#3815,#3007,#3008);
#2644=AXIS2_PLACEMENT_3D('',#3819,#3010,#3011);
#2645=AXIS2_PLACEMENT_3D('',#3823,#3013,#3014);
#2646=AXIS2_PLACEMENT_3D('',#3827,#3016,#3017);
#2647=AXIS2_PLACEMENT_3D('',#3830,#3019,#3020);
#2648=AXIS2_PLACEMENT_3D('',#3832,#3021,#3022);
#2649=AXIS2_PLACEMENT_3D('',#3834,#3023,#3024);
#2650=AXIS2_PLACEMENT_3D('',#3835,#3025,#3026);
#2651=AXIS2_PLACEMENT_3D('',#3839,#3028,#3029);
#2652=AXIS2_PLACEMENT_3D('',#3841,#3031,#3032);
#2653=AXIS2_PLACEMENT_3D('',#3843,#3034,#3035);
#2654=AXIS2_PLACEMENT_3D('',#3846,#3037,#3038);
#2655=AXIS2_PLACEMENT_3D('',#3849,#3039,#3040);
#2656=AXIS2_PLACEMENT_3D('',#3853,#3042,#3043);
#2657=AXIS2_PLACEMENT_3D('',#3857,#3045,#3046);
#2658=AXIS2_PLACEMENT_3D('',#3861,#3048,#3049);
#2659=AXIS2_PLACEMENT_3D('',#3863,#3051,#3052);
#2660=AXIS2_PLACEMENT_3D('',#3865,#3054,#3055);
#2661=AXIS2_PLACEMENT_3D('',#3868,#3056,#3057);
#2662=AXIS2_PLACEMENT_3D('',#3871,#3060,#3061);
#2663=AXIS2_PLACEMENT_3D('',#3875,#3064,#3065);
#2664=AXIS2_PLACEMENT_3D('',#3877,#3066,#3067);
#2665=AXIS2_PLACEMENT_3D('',#3879,#3069,#3070);
#2666=AXIS2_PLACEMENT_3D('',#3883,#3073,#3074);
#2667=AXIS2_PLACEMENT_3D('',#3887,#3077,#3078);
#2668=AXIS2_PLACEMENT_3D('',#3889,#3079,#3080);
#2669=AXIS2_PLACEMENT_3D('',#3891,#3082,#3083);
#2670=AXIS2_PLACEMENT_3D('',#3895,#3086,#3087);
#2671=AXIS2_PLACEMENT_3D('',#3896,#3088,#3089);
#2672=AXIS2_PLACEMENT_3D('',#3897,#3090,#3091);
#2673=AXIS2_PLACEMENT_3D('',#3899,#3092,#3093);
#2674=AXIS2_PLACEMENT_3D('',#3902,#3095,#3096);
#2675=AXIS2_PLACEMENT_3D('',#3903,#3097,#3098);
#2676=AXIS2_PLACEMENT_3D('',#3905,#3099,#3100);
#2677=AXIS2_PLACEMENT_3D('',#3908,#3102,#3103);
#2678=AXIS2_PLACEMENT_3D('',#3909,#3104,#3105);
#2679=AXIS2_PLACEMENT_3D('',#3911,#3106,#3107);
#2680=AXIS2_PLACEMENT_3D('',#3914,#3109,#3110);
#2681=AXIS2_PLACEMENT_3D('',#3915,#3111,#3112);
#2682=AXIS2_PLACEMENT_3D('',#3916,#3113,#3114);
#2683=AXIS2_PLACEMENT_3D('',#3918,#3115,#3116);
#2684=AXIS2_PLACEMENT_3D('',#3921,#3118,#3119);
#2685=AXIS2_PLACEMENT_3D('',#3922,#3120,#3121);
#2686=AXIS2_PLACEMENT_3D('',#3925,#3123,#3124);
#2687=AXIS2_PLACEMENT_3D('',#3926,#3125,#3126);
#2688=AXIS2_PLACEMENT_3D('',#3927,#3127,#3128);
#2689=AXIS2_PLACEMENT_3D('',#3930,#3130,#3131);
#2690=AXIS2_PLACEMENT_3D('',#3931,#3132,#3133);
#2691=AXIS2_PLACEMENT_3D('',#3932,#3134,#3135);
#2692=AXIS2_PLACEMENT_3D('',#3935,#3137,#3138);
#2693=AXIS2_PLACEMENT_3D('',#3936,#3139,#3140);
#2694=AXIS2_PLACEMENT_3D('',#3937,#3141,#3142);
#2695=AXIS2_PLACEMENT_3D('',#3941,#3144,#3145);
#2696=AXIS2_PLACEMENT_3D('',#3943,#3147,#3148);
#2697=AXIS2_PLACEMENT_3D('',#3947,#3151,#3152);
#2698=AXIS2_PLACEMENT_3D('',#3950,#3154,#3155);
#2699=AXIS2_PLACEMENT_3D('',#3951,#3156,#3157);
#2700=AXIS2_PLACEMENT_3D('',#3955,#3160,#3161);
#2701=AXIS2_PLACEMENT_3D('',#3958,#3163,#3164);
#2702=AXIS2_PLACEMENT_3D('',#3959,#3165,#3166);
#2703=AXIS2_PLACEMENT_3D('',#3963,#3169,#3170);
#2704=AXIS2_PLACEMENT_3D('',#3966,#3172,#3173);
#2705=AXIS2_PLACEMENT_3D('',#3967,#3174,#3175);
#2706=AXIS2_PLACEMENT_3D('',#3969,#3177,#3178);
#2707=AXIS2_PLACEMENT_3D('',#3975,#3182,#3183);
#2708=AXIS2_PLACEMENT_3D('',#3978,#3185,#3186);
#2709=AXIS2_PLACEMENT_3D('',#3979,#3187,#3188);
#2710=AXIS2_PLACEMENT_3D('',#3983,#3191,#3192);
#2711=AXIS2_PLACEMENT_3D('',#3986,#3194,#3195);
#2712=AXIS2_PLACEMENT_3D('',#3987,#3196,#3197);
#2713=AXIS2_PLACEMENT_3D('',#3991,#3199,#3200);
#2714=AXIS2_PLACEMENT_3D('',#3993,#3202,#3203);
#2715=AXIS2_PLACEMENT_3D('',#3997,#3206,#3207);
#2716=AXIS2_PLACEMENT_3D('',#4000,#3209,#3210);
#2717=AXIS2_PLACEMENT_3D('',#4001,#3211,#3212);
#2718=AXIS2_PLACEMENT_3D('',#4005,#3215,#3216);
#2719=AXIS2_PLACEMENT_3D('',#4008,#3218,#3219);
#2720=AXIS2_PLACEMENT_3D('',#4009,#3220,#3221);
#2721=AXIS2_PLACEMENT_3D('',#4013,#3224,#3225);
#2722=AXIS2_PLACEMENT_3D('',#4016,#3227,#3228);
#2723=AXIS2_PLACEMENT_3D('',#4017,#3229,#3230);
#2724=AXIS2_PLACEMENT_3D('',#4019,#3232,#3233);
#2725=AXIS2_PLACEMENT_3D('',#4025,#3237,#3238);
#2726=AXIS2_PLACEMENT_3D('',#4028,#3240,#3241);
#2727=AXIS2_PLACEMENT_3D('',#4029,#3242,#3243);
#2728=AXIS2_PLACEMENT_3D('',#4033,#3246,#3247);
#2729=AXIS2_PLACEMENT_3D('',#4036,#3249,#3250);
#2730=AXIS2_PLACEMENT_3D('',#4037,#3251,#3252);
#2731=AXIS2_PLACEMENT_3D('',#4043,#3256,#3257);
#2732=AXIS2_PLACEMENT_3D('',#4045,#3258,#3259);
#2733=AXIS2_PLACEMENT_3D('',#4047,#3261,#3262);
#2734=AXIS2_PLACEMENT_3D('',#4051,#3265,#3266);
#2735=AXIS2_PLACEMENT_3D('',#4053,#3267,#3268);
#2736=AXIS2_PLACEMENT_3D('',#4055,#3270,#3271);
#2737=AXIS2_PLACEMENT_3D('',#4059,#3274,#3275);
#2738=AXIS2_PLACEMENT_3D('',#4061,#3276,#3277);
#2739=AXIS2_PLACEMENT_3D('',#4063,#3279,#3280);
#2740=AXIS2_PLACEMENT_3D('',#4067,#3283,#3284);
#2741=AXIS2_PLACEMENT_3D('',#4068,#3285,#3286);
#2742=AXIS2_PLACEMENT_3D('',#4069,#3287,#3288);
#2743=AXIS2_PLACEMENT_3D('',#4073,#3290,#3291);
#2744=AXIS2_PLACEMENT_3D('',#4075,#3293,#3294);
#2745=AXIS2_PLACEMENT_3D('',#4079,#3297,#3298);
#2746=AXIS2_PLACEMENT_3D('',#4082,#3300,#3301);
#2747=AXIS2_PLACEMENT_3D('',#4083,#3302,#3303);
#2748=AXIS2_PLACEMENT_3D('',#4087,#3306,#3307);
#2749=AXIS2_PLACEMENT_3D('',#4093,#3311,#3312);
#2750=AXIS2_PLACEMENT_3D('',#4095,#3313,#3314);
#2751=AXIS2_PLACEMENT_3D('',#4097,#3316,#3317);
#2752=AXIS2_PLACEMENT_3D('',#4101,#3320,#3321);
#2753=AXIS2_PLACEMENT_3D('',#4103,#3322,#3323);
#2754=AXIS2_PLACEMENT_3D('',#4105,#3325,#3326);
#2755=AXIS2_PLACEMENT_3D('',#4109,#3329,#3330);
#2756=AXIS2_PLACEMENT_3D('',#4111,#3331,#3332);
#2757=AXIS2_PLACEMENT_3D('',#4113,#3334,#3335);
#2758=AXIS2_PLACEMENT_3D('',#4117,#3338,#3339);
#2759=AXIS2_PLACEMENT_3D('',#4118,#3340,#3341);
#2760=AXIS2_PLACEMENT_3D('',#4119,#3342,#3343);
#2761=AXIS2_PLACEMENT_3D('',#4123,#3345,#3346);
#2762=AXIS2_PLACEMENT_3D('',#4125,#3348,#3349);
#2763=AXIS2_PLACEMENT_3D('',#4129,#3352,#3353);
#2764=AXIS2_PLACEMENT_3D('',#4132,#3355,#3356);
#2765=AXIS2_PLACEMENT_3D('',#4133,#3357,#3358);
#2766=AXIS2_PLACEMENT_3D('',#4137,#3361,#3362);
#2767=AXIS2_PLACEMENT_3D('',#4141,#3364,#3365);
#2768=AXIS2_PLACEMENT_3D('',#4143,#3367,#3368);
#2769=AXIS2_PLACEMENT_3D('',#4147,#3371,#3372);
#2770=AXIS2_PLACEMENT_3D('',#4150,#3374,#3375);
#2771=AXIS2_PLACEMENT_3D('',#4151,#3376,#3377);
#2772=AXIS2_PLACEMENT_3D('',#4155,#3380,#3381);
#2773=AXIS2_PLACEMENT_3D('',#4158,#3383,#3384);
#2774=AXIS2_PLACEMENT_3D('',#4159,#3385,#3386);
#2775=AXIS2_PLACEMENT_3D('',#4163,#3389,#3390);
#2776=AXIS2_PLACEMENT_3D('',#4166,#3392,#3393);
#2777=AXIS2_PLACEMENT_3D('',#4167,#3394,#3395);
#2778=AXIS2_PLACEMENT_3D('',#4169,#3397,#3398);
#2779=AXIS2_PLACEMENT_3D('',#4175,#3402,#3403);
#2780=AXIS2_PLACEMENT_3D('',#4178,#3405,#3406);
#2781=AXIS2_PLACEMENT_3D('',#4179,#3407,#3408);
#2782=AXIS2_PLACEMENT_3D('',#4183,#3411,#3412);
#2783=AXIS2_PLACEMENT_3D('',#4186,#3414,#3415);
#2784=AXIS2_PLACEMENT_3D('',#4187,#3416,#3417);
#2785=AXIS2_PLACEMENT_3D('',#4193,#3421,#3422);
#2786=AXIS2_PLACEMENT_3D('',#4195,#3423,#3424);
#2787=AXIS2_PLACEMENT_3D('',#4197,#3426,#3427);
#2788=AXIS2_PLACEMENT_3D('',#4201,#3430,#3431);
#2789=AXIS2_PLACEMENT_3D('',#4203,#3432,#3433);
#2790=AXIS2_PLACEMENT_3D('',#4205,#3435,#3436);
#2791=AXIS2_PLACEMENT_3D('',#4209,#3439,#3440);
#2792=AXIS2_PLACEMENT_3D('',#4211,#3441,#3442);
#2793=AXIS2_PLACEMENT_3D('',#4213,#3444,#3445);
#2794=AXIS2_PLACEMENT_3D('',#4217,#3448,#3449);
#2795=AXIS2_PLACEMENT_3D('',#4218,#3450,#3451);
#2796=AXIS2_PLACEMENT_3D('',#4219,#3452,#3453);
#2797=AXIS2_PLACEMENT_3D('',#4223,#3455,#3456);
#2798=AXIS2_PLACEMENT_3D('',#4225,#3458,#3459);
#2799=AXIS2_PLACEMENT_3D('',#4229,#3462,#3463);
#2800=AXIS2_PLACEMENT_3D('',#4232,#3465,#3466);
#2801=AXIS2_PLACEMENT_3D('',#4233,#3467,#3468);
#2802=AXIS2_PLACEMENT_3D('',#4237,#3471,#3472);
#2803=AXIS2_PLACEMENT_3D('',#4243,#3476,#3477);
#2804=AXIS2_PLACEMENT_3D('',#4245,#3478,#3479);
#2805=AXIS2_PLACEMENT_3D('',#4247,#3481,#3482);
#2806=AXIS2_PLACEMENT_3D('',#4251,#3485,#3486);
#2807=AXIS2_PLACEMENT_3D('',#4253,#3487,#3488);
#2808=AXIS2_PLACEMENT_3D('',#4255,#3490,#3491);
#2809=AXIS2_PLACEMENT_3D('',#4259,#3494,#3495);
#2810=AXIS2_PLACEMENT_3D('',#4261,#3496,#3497);
#2811=AXIS2_PLACEMENT_3D('',#4263,#3499,#3500);
#2812=AXIS2_PLACEMENT_3D('',#4267,#3503,#3504);
#2813=AXIS2_PLACEMENT_3D('',#4268,#3505,#3506);
#2814=AXIS2_PLACEMENT_3D('',#4269,#3507,#3508);
#2815=AXIS2_PLACEMENT_3D('',#4273,#3510,#3511);
#2816=AXIS2_PLACEMENT_3D('',#4275,#3513,#3514);
#2817=AXIS2_PLACEMENT_3D('',#4279,#3517,#3518);
#2818=AXIS2_PLACEMENT_3D('',#4282,#3520,#3521);
#2819=AXIS2_PLACEMENT_3D('',#4283,#3522,#3523);
#2820=AXIS2_PLACEMENT_3D('',#4287,#3526,#3527);
#2821=AXIS2_PLACEMENT_3D('',#4288,#3528,#3529);
#2822=AXIS2_PLACEMENT_3D('',#4291,#3530,#3531);
#2823=AXIS2_PLACEMENT_3D('',#4294,#3533,#3534);
#2824=AXIS2_PLACEMENT_3D('',#4297,#3536,#3537);
#2825=AXIS2_PLACEMENT_3D('',#4301,#3539,#3540);
#2826=AXIS2_PLACEMENT_3D('',#4306,#3543,#3544);
#2827=AXIS2_PLACEMENT_3D('',#4309,#3546,#3547);
#2828=AXIS2_PLACEMENT_3D('',#4311,#3548,#3549);
#2829=AXIS2_PLACEMENT_3D('',#4315,#3551,#3552);
#2830=AXIS2_PLACEMENT_3D('',#4319,#3554,#3555);
#2831=AXIS2_PLACEMENT_3D('',#4322,#3557,#3558);
#2832=AXIS2_PLACEMENT_3D('',#4325,#3560,#3561);
#2833=AXIS2_PLACEMENT_3D('',#4329,#3563,#3564);
#2834=AXIS2_PLACEMENT_3D('',#4332,#3566,#3567);
#2835=AXIS2_PLACEMENT_3D('',#4336,#3569,#3570);
#2836=AXIS2_PLACEMENT_3D('',#4338,#3572,#3573);
#2837=AXIS2_PLACEMENT_3D('',#4341,#3576,#3577);
#2838=AXIS2_PLACEMENT_3D('',#4343,#3579,#3580);
#2839=AXIS2_PLACEMENT_3D('',#4344,#3581,#3582);
#2840=AXIS2_PLACEMENT_3D('',#4346,#3584,#3585);
#2841=AXIS2_PLACEMENT_3D('',#4348,#3587,#3588);
#2842=AXIS2_PLACEMENT_3D('',#4350,#3590,#3591);
#2843=AXIS2_PLACEMENT_3D('',#4351,#3592,#3593);
#2844=AXIS2_PLACEMENT_3D('',#4353,#3595,#3596);
#2845=AXIS2_PLACEMENT_3D('',#4355,#3598,#3599);
#2846=AXIS2_PLACEMENT_3D('',#4357,#3601,#3602);
#2847=AXIS2_PLACEMENT_3D('',#4358,#3603,#3604);
#2848=AXIS2_PLACEMENT_3D('',#4360,#3606,#3607);
#2849=AXIS2_PLACEMENT_3D('',#4362,#3609,#3610);
#2850=AXIS2_PLACEMENT_3D('',#4364,#3612,#3613);
#2851=AXIS2_PLACEMENT_3D('',#4366,#3615,#3616);
#2852=AXIS2_PLACEMENT_3D('',#4367,#3617,#3618);
#2853=AXIS2_PLACEMENT_3D('',#4369,#3620,#3621);
#2854=AXIS2_PLACEMENT_3D('',#4371,#3623,#3624);
#2855=AXIS2_PLACEMENT_3D('',#4373,#3626,#3627);
#2856=AXIS2_PLACEMENT_3D('',#4374,#3628,#3629);
#2857=AXIS2_PLACEMENT_3D('',#4376,#3631,#3632);
#2858=AXIS2_PLACEMENT_3D('',#4378,#3634,#3635);
#2859=AXIS2_PLACEMENT_3D('',#4379,#3636,#3637);
#2860=AXIS2_PLACEMENT_3D('',#4381,#3639,#3640);
#2861=AXIS2_PLACEMENT_3D('',#4383,#3642,#3643);
#2862=AXIS2_PLACEMENT_3D('',#4385,#3645,#3646);
#2863=AXIS2_PLACEMENT_3D('',#4386,#3647,#3648);
#2864=DIRECTION('axis',(0.,0.,1.));
#2865=DIRECTION('refdir',(1.,0.,0.));
#2866=DIRECTION('center_axis',(0.,0.,-1.));
#2867=DIRECTION('ref_axis',(-0.70710678118653,0.707106781186565,0.));
#2868=DIRECTION('',(7.85046229341889E-16,0.707106781186546,-0.707106781186549));
#2869=DIRECTION('center_axis',(0.,0.,1.));
#2870=DIRECTION('ref_axis',(-0.70710678118653,0.707106781186565,0.));
#2871=DIRECTION('',(0.707106781186547,-3.14018491736755E-14,0.707106781186548));
#2872=DIRECTION('center_axis',(0.,0.,-1.));
#2873=DIRECTION('ref_axis',(-0.70710678118653,0.707106781186565,0.));
#2874=DIRECTION('center_axis',(0.,0.707106781186549,0.707106781186546));
#2875=DIRECTION('ref_axis',(1.,0.,0.));
#2876=DIRECTION('',(0.,0.707106781186546,-0.707106781186549));
#2877=DIRECTION('',(-1.,0.,0.));
#2878=DIRECTION('',(1.,0.,0.));
#2879=DIRECTION('center_axis',(0.,0.,-1.));
#2880=DIRECTION('ref_axis',(0.707106781186547,0.707106781186547,0.));
#2881=DIRECTION('',(0.707106781186549,0.,-0.707106781186546));
#2882=DIRECTION('center_axis',(0.,0.,1.));
#2883=DIRECTION('ref_axis',(0.707106781186548,0.707106781186548,0.));
#2884=DIRECTION('center_axis',(0.,0.,-1.));
#2885=DIRECTION('ref_axis',(0.707106781186548,0.707106781186548,0.));
#2886=DIRECTION('center_axis',(0.707106781185494,0.,0.707106781187601));
#2887=DIRECTION('ref_axis',(0.707106781187601,0.,-0.707106781185494));
#2888=DIRECTION('',(0.707106781187601,0.,-0.707106781185494));
#2889=DIRECTION('',(0.,1.,0.));
#2890=DIRECTION('',(0.,-1.,0.));
#2891=DIRECTION('center_axis',(0.,0.,-1.));
#2892=DIRECTION('ref_axis',(0.707106781186548,-0.707106781186547,0.));
#2893=DIRECTION('',(0.,-0.707106781186547,-0.707106781186548));
#2894=DIRECTION('center_axis',(0.,0.,1.));
#2895=DIRECTION('ref_axis',(0.707106781186548,-0.707106781186547,0.));
#2896=DIRECTION('center_axis',(0.,0.,-1.));
#2897=DIRECTION('ref_axis',(0.707106781186548,-0.707106781186547,0.));
#2898=DIRECTION('center_axis',(4.68859263511392E-17,-0.707106781186548,
0.707106781186548));
#2899=DIRECTION('ref_axis',(1.,0.,-6.63067129302072E-17));
#2900=DIRECTION('',(-3.92523114670944E-16,-0.707106781186547,-0.707106781186548));
#2901=DIRECTION('',(1.,6.63067129302072E-17,0.));
#2902=DIRECTION('',(-1.,-6.63067129302072E-17,0.));
#2903=DIRECTION('center_axis',(0.,0.,-1.));
#2904=DIRECTION('ref_axis',(-0.707106781186565,-0.70710678118653,0.));
#2905=DIRECTION('',(-0.707106781186547,3.57196034350558E-14,-0.707106781186547));
#2906=DIRECTION('center_axis',(0.,0.,1.));
#2907=DIRECTION('ref_axis',(-0.707106781186565,-0.70710678118653,0.));
#2908=DIRECTION('center_axis',(0.,0.,-1.));
#2909=DIRECTION('ref_axis',(-0.707106781186565,-0.70710678118653,0.));
#2910=DIRECTION('center_axis',(-0.707106781185994,3.53316020024825E-14,
0.707106781187101));
#2911=DIRECTION('ref_axis',(0.707106781187101,0.,0.707106781185994));
#2912=DIRECTION('',(-4.99664307323183E-14,-1.,0.));
#2913=DIRECTION('',(4.99664307323183E-14,1.,0.));
#2914=DIRECTION('center_axis',(6.63067129302072E-17,-1.,0.));
#2915=DIRECTION('ref_axis',(1.,6.63067129302072E-17,0.));
#2916=DIRECTION('',(0.,0.,1.));
#2917=DIRECTION('',(-1.,2.55297045041732E-17,0.));
#2918=DIRECTION('',(0.,0.,-1.));
#2919=DIRECTION('center_axis',(0.,0.,-1.));
#2920=DIRECTION('ref_axis',(-0.707106781186565,-0.70710678118653,0.));
#2921=DIRECTION('',(0.,0.,-1.));
#2922=DIRECTION('center_axis',(0.,0.,1.));
#2923=DIRECTION('ref_axis',(-0.707106781186565,-0.70710678118653,0.));
#2924=DIRECTION('center_axis',(-1.,4.99664307323183E-14,0.));
#2925=DIRECTION('ref_axis',(-4.99664307323183E-14,-1.,0.));
#2926=DIRECTION('',(0.,0.,1.));
#2927=DIRECTION('',(-1.27648522520857E-16,1.,0.));
#2928=DIRECTION('center_axis',(0.,0.,-1.));
#2929=DIRECTION('ref_axis',(-0.70710678118653,0.707106781186565,0.));
#2930=DIRECTION('',(0.,0.,-1.));
#2931=DIRECTION('center_axis',(0.,0.,1.));
#2932=DIRECTION('ref_axis',(-0.70710678118653,0.707106781186565,0.));
#2933=DIRECTION('center_axis',(0.,0.,1.));
#2934=DIRECTION('ref_axis',(-1.,0.,0.));
#2935=DIRECTION('center_axis',(0.,0.,1.));
#2936=DIRECTION('ref_axis',(-0.707106781186548,-0.707106781186548,0.));
#2937=DIRECTION('',(0.,-1.,0.));
#2938=DIRECTION('center_axis',(0.,0.,1.));
#2939=DIRECTION('ref_axis',(-0.707106781186548,0.707106781186547,0.));
#2940=DIRECTION('',(-1.,0.,0.));
#2941=DIRECTION('center_axis',(0.,0.,1.));
#2942=DIRECTION('ref_axis',(0.707106781186548,0.707106781186548,0.));
#2943=DIRECTION('',(0.,1.,0.));
#2944=DIRECTION('center_axis',(0.,0.,1.));
#2945=DIRECTION('ref_axis',(0.707106781186548,-0.707106781186547,0.));
#2946=DIRECTION('',(1.,0.,0.));
#2947=DIRECTION('',(-1.,0.,0.));
#2948=DIRECTION('center_axis',(0.,0.,1.));
#2949=DIRECTION('ref_axis',(0.707106781186547,0.707106781186548,0.));
#2950=DIRECTION('',(0.,1.,0.));
#2951=DIRECTION('center_axis',(0.,0.,1.));
#2952=DIRECTION('ref_axis',(0.707106781186548,-0.707106781186547,0.));
#2953=DIRECTION('',(1.,0.,0.));
#2954=DIRECTION('center_axis',(0.,0.,1.));
#2955=DIRECTION('ref_axis',(-0.707106781186547,-0.707106781186548,0.));
#2956=DIRECTION('',(0.,-1.,0.));
#2957=DIRECTION('center_axis',(0.,0.,1.));
#2958=DIRECTION('ref_axis',(-0.707106781186548,0.707106781186547,0.));
#2959=DIRECTION('center_axis',(0.,0.,1.));
#2960=DIRECTION('ref_axis',(0.707106781186547,0.707106781186548,0.));
#2961=DIRECTION('',(0.,1.,0.));
#2962=DIRECTION('center_axis',(0.,0.,1.));
#2963=DIRECTION('ref_axis',(0.707106781186548,-0.707106781186547,0.));
#2964=DIRECTION('',(1.,0.,0.));
#2965=DIRECTION('center_axis',(0.,0.,1.));
#2966=DIRECTION('ref_axis',(-0.707106781186547,-0.707106781186548,0.));
#2967=DIRECTION('',(0.,-1.,0.));
#2968=DIRECTION('center_axis',(0.,0.,1.));
#2969=DIRECTION('ref_axis',(-0.707106781186548,0.707106781186547,0.));
#2970=DIRECTION('',(-1.,0.,0.));
#2971=DIRECTION('',(-1.,0.,0.));
#2972=DIRECTION('center_axis',(0.,0.,1.));
#2973=DIRECTION('ref_axis',(0.707106781186548,0.707106781186548,0.));
#2974=DIRECTION('',(0.,1.,0.));
#2975=DIRECTION('center_axis',(0.,0.,1.));
#2976=DIRECTION('ref_axis',(0.707106781186548,-0.707106781186548,0.));
#2977=DIRECTION('',(1.,0.,0.));
#2978=DIRECTION('center_axis',(0.,0.,1.));
#2979=DIRECTION('ref_axis',(-0.707106781186566,-0.707106781186529,0.));
#2980=DIRECTION('',(-5.01338536201034E-14,-1.,0.));
#2981=DIRECTION('center_axis',(0.,0.,1.));
#2982=DIRECTION('ref_axis',(-3.25477509072593E-8,1.,0.));
#2983=DIRECTION('',(-1.,0.,0.));
#2984=DIRECTION('center_axis',(0.,0.,1.));
#2985=DIRECTION('ref_axis',(0.707106781186547,0.707106781186548,0.));
#2986=DIRECTION('',(0.,1.,0.));
#2987=DIRECTION('center_axis',(0.,0.,1.));
#2988=DIRECTION('ref_axis',(0.707106781186548,-0.707106781186547,0.));
#2989=DIRECTION('',(1.,0.,0.));
#2990=DIRECTION('center_axis',(0.,0.,1.));
#2991=DIRECTION('ref_axis',(-0.707106781186547,-0.707106781186548,0.));
#2992=DIRECTION('',(0.,-1.,0.));
#2993=DIRECTION('center_axis',(0.,0.,1.));
#2994=DIRECTION('ref_axis',(-0.707106781186548,0.707106781186547,0.));
#2995=DIRECTION('',(-1.,0.,0.));
#2996=DIRECTION('center_axis',(0.,0.,1.));
#2997=DIRECTION('ref_axis',(0.707106781186547,0.707106781186547,0.));
#2998=DIRECTION('',(0.,1.,0.));
#2999=DIRECTION('center_axis',(0.,0.,1.));
#3000=DIRECTION('ref_axis',(0.707106781186547,-0.707106781186548,0.));
#3001=DIRECTION('',(1.,0.,0.));
#3002=DIRECTION('center_axis',(0.,0.,1.));
#3003=DIRECTION('ref_axis',(-0.707106781186548,-0.707106781186547,0.));
#3004=DIRECTION('',(0.,-1.,0.));
#3005=DIRECTION('center_axis',(0.,0.,1.));
#3006=DIRECTION('ref_axis',(-0.707106781186547,0.707106781186547,0.));
#3007=DIRECTION('center_axis',(0.,0.,1.));
#3008=DIRECTION('ref_axis',(-0.707106781186548,0.707106781186547,0.));
#3009=DIRECTION('',(-1.,0.,0.));
#3010=DIRECTION('center_axis',(0.,0.,1.));
#3011=DIRECTION('ref_axis',(0.707106781186548,0.707106781186547,0.));
#3012=DIRECTION('',(0.,1.,0.));
#3013=DIRECTION('center_axis',(0.,0.,1.));
#3014=DIRECTION('ref_axis',(0.707106781186548,-0.707106781186547,0.));
#3015=DIRECTION('',(1.,0.,0.));
#3016=DIRECTION('center_axis',(0.,0.,1.));
#3017=DIRECTION('ref_axis',(-0.707106781186548,-0.707106781186547,0.));
#3018=DIRECTION('',(0.,-1.,0.));
#3019=DIRECTION('center_axis',(0.,0.,-1.));
#3020=DIRECTION('ref_axis',(-1.,0.,0.));
#3021=DIRECTION('center_axis',(0.,0.,-1.));
#3022=DIRECTION('ref_axis',(-1.,0.,0.));
#3023=DIRECTION('center_axis',(0.,0.,-1.));
#3024=DIRECTION('ref_axis',(-1.,0.,0.));
#3025=DIRECTION('center_axis',(0.,0.,-1.));
#3026=DIRECTION('ref_axis',(0.707106781186547,0.707106781186547,0.));
#3027=DIRECTION('',(0.,0.,-1.));
#3028=DIRECTION('center_axis',(0.,0.,1.));
#3029=DIRECTION('ref_axis',(0.707106781186547,0.707106781186547,0.));
#3030=DIRECTION('',(0.,0.,1.));
#3031=DIRECTION('center_axis',(0.,1.,0.));
#3032=DIRECTION('ref_axis',(-1.,0.,0.));
#3033=DIRECTION('',(1.,0.,0.));
#3034=DIRECTION('center_axis',(0.,0.,1.));
#3035=DIRECTION('ref_axis',(-1.,0.,0.));
#3036=DIRECTION('',(0.,-1.,0.));
#3037=DIRECTION('center_axis',(0.,0.,1.));
#3038=DIRECTION('ref_axis',(0.707106781186548,-0.707106781186547,0.));
#3039=DIRECTION('center_axis',(0.,0.,1.));
#3040=DIRECTION('ref_axis',(1.,9.86864910777916E-16,0.));
#3041=DIRECTION('',(-1.,0.,0.));
#3042=DIRECTION('center_axis',(0.,0.,1.));
#3043=DIRECTION('ref_axis',(-2.45575088786218E-8,1.,0.));
#3044=DIRECTION('',(-4.99664307435745E-14,-1.,0.));
#3045=DIRECTION('center_axis',(0.,0.,1.));
#3046=DIRECTION('ref_axis',(-1.,-5.67447323697302E-15,0.));
#3047=DIRECTION('',(1.,4.97300346976554E-17,0.));
#3048=DIRECTION('center_axis',(0.,0.,1.));
#3049=DIRECTION('ref_axis',(-9.86864910777918E-16,-1.,0.));
#3050=DIRECTION('',(2.65226851720829E-16,1.,0.));
#3051=DIRECTION('center_axis',(0.,0.,-1.));
#3052=DIRECTION('ref_axis',(0.707106781186548,-0.707106781186547,0.));
#3053=DIRECTION('',(0.,0.,1.));
#3054=DIRECTION('center_axis',(0.,0.,-1.));
#3055=DIRECTION('ref_axis',(-1.,-5.67447323697302E-15,0.));
#3056=DIRECTION('center_axis',(0.,0.,1.));
#3057=DIRECTION('ref_axis',(-1.,1.92554305833426E-16,0.));
#3058=DIRECTION('',(0.,0.,-1.));
#3059=DIRECTION('',(0.,0.,-1.));
#3060=DIRECTION('center_axis',(-4.97300346976554E-17,1.,0.));
#3061=DIRECTION('ref_axis',(1.,4.97300346976554E-17,0.));
#3062=DIRECTION('',(1.,6.63067129302072E-17,0.));
#3063=DIRECTION('',(0.,0.,-1.));
#3064=DIRECTION('center_axis',(0.,0.,-1.));
#3065=DIRECTION('ref_axis',(-9.86864910777918E-16,-1.,0.));
#3066=DIRECTION('center_axis',(0.,0.,1.));
#3067=DIRECTION('ref_axis',(-8.88178419700126E-16,-1.,0.));
#3068=DIRECTION('',(0.,0.,-1.));
#3069=DIRECTION('center_axis',(-1.,2.65226851720829E-16,0.));
#3070=DIRECTION('ref_axis',(2.65226851720829E-16,1.,0.));
#3071=DIRECTION('',(0.,1.,0.));
#3072=DIRECTION('',(0.,0.,-1.));
#3073=DIRECTION('center_axis',(1.,-4.99664307435745E-14,0.));
#3074=DIRECTION('ref_axis',(-4.99664307435745E-14,-1.,0.));
#3075=DIRECTION('',(-4.99664307323183E-14,-1.,0.));
#3076=DIRECTION('',(0.,0.,-1.));
#3077=DIRECTION('center_axis',(0.,0.,-1.));
#3078=DIRECTION('ref_axis',(-2.45575088786218E-8,1.,0.));
#3079=DIRECTION('center_axis',(0.,0.,1.));
#3080=DIRECTION('ref_axis',(-2.31374866359807E-8,1.,0.));
#3081=DIRECTION('',(0.,0.,-1.));
#3082=DIRECTION('center_axis',(0.,-1.,0.));
#3083=DIRECTION('ref_axis',(-1.,0.,0.));
#3084=DIRECTION('',(-1.,0.,0.));
#3085=DIRECTION('',(0.,0.,-1.));
#3086=DIRECTION('center_axis',(0.,0.,-1.));
#3087=DIRECTION('ref_axis',(1.,9.86864910777916E-16,0.));
#3088=DIRECTION('center_axis',(0.,0.,1.));
#3089=DIRECTION('ref_axis',(1.,0.,0.));
#3090=DIRECTION('center_axis',(0.,0.,-1.));
#3091=DIRECTION('ref_axis',(-1.,0.,0.));
#3092=DIRECTION('center_axis',(0.,0.,-1.));
#3093=DIRECTION('ref_axis',(-1.,0.,0.));
#3094=DIRECTION('',(0.,0.,-1.));
#3095=DIRECTION('center_axis',(0.,0.,1.));
#3096=DIRECTION('ref_axis',(-1.,0.,0.));
#3097=DIRECTION('center_axis',(0.,0.,-1.));
#3098=DIRECTION('ref_axis',(-1.,0.,0.));
#3099=DIRECTION('center_axis',(0.,0.,-1.));
#3100=DIRECTION('ref_axis',(-1.,0.,0.));
#3101=DIRECTION('',(0.,0.,-1.));
#3102=DIRECTION('center_axis',(0.,0.,1.));
#3103=DIRECTION('ref_axis',(-1.,0.,0.));
#3104=DIRECTION('center_axis',(0.,0.,-1.));
#3105=DIRECTION('ref_axis',(-1.,0.,0.));
#3106=DIRECTION('center_axis',(0.,0.,1.));
#3107=DIRECTION('ref_axis',(-1.,0.,0.));
#3108=DIRECTION('',(0.,0.,-1.));
#3109=DIRECTION('center_axis',(0.,0.,1.));
#3110=DIRECTION('ref_axis',(-1.,0.,0.));
#3111=DIRECTION('center_axis',(0.,0.,1.));
#3112=DIRECTION('ref_axis',(-1.,0.,0.));
#3113=DIRECTION('center_axis',(0.,0.,-1.));
#3114=DIRECTION('ref_axis',(-1.,0.,0.));
#3115=DIRECTION('center_axis',(0.,0.,-1.));
#3116=DIRECTION('ref_axis',(-1.,0.,0.));
#3117=DIRECTION('',(0.,0.,-1.));
#3118=DIRECTION('center_axis',(0.,0.,1.));
#3119=DIRECTION('ref_axis',(-1.,0.,0.));
#3120=DIRECTION('center_axis',(0.,0.,-1.));
#3121=DIRECTION('ref_axis',(-1.,0.,0.));
#3122=DIRECTION('',(0.,0.,-1.));
#3123=DIRECTION('center_axis',(0.,0.,-1.));
#3124=DIRECTION('ref_axis',(-1.,0.,0.));
#3125=DIRECTION('center_axis',(0.,0.,1.));
#3126=DIRECTION('ref_axis',(-1.,0.,0.));
#3127=DIRECTION('center_axis',(0.,0.,-1.));
#3128=DIRECTION('ref_axis',(-1.,0.,0.));
#3129=DIRECTION('',(0.,0.,-1.));
#3130=DIRECTION('center_axis',(0.,0.,-1.));
#3131=DIRECTION('ref_axis',(-1.,0.,0.));
#3132=DIRECTION('center_axis',(0.,0.,1.));
#3133=DIRECTION('ref_axis',(-1.,0.,0.));
#3134=DIRECTION('center_axis',(0.,0.,-1.));
#3135=DIRECTION('ref_axis',(-1.,0.,0.));
#3136=DIRECTION('',(0.,0.,-1.));
#3137=DIRECTION('center_axis',(0.,0.,-1.));
#3138=DIRECTION('ref_axis',(-1.,0.,0.));
#3139=DIRECTION('center_axis',(0.,0.,1.));
#3140=DIRECTION('ref_axis',(-1.,0.,0.));
#3141=DIRECTION('center_axis',(0.,0.,1.));
#3142=DIRECTION('ref_axis',(-0.707106781186548,-0.707106781186548,0.));
#3143=DIRECTION('',(0.,0.707106781186546,-0.707106781186549));
#3144=DIRECTION('center_axis',(0.,0.,-1.));
#3145=DIRECTION('ref_axis',(-0.707106781186548,-0.707106781186548,0.));
#3146=DIRECTION('',(-0.707106781186546,0.,0.707106781186549));
#3147=DIRECTION('center_axis',(0.,0.707106781186548,0.707106781186548));
#3148=DIRECTION('ref_axis',(1.,0.,0.));
#3149=DIRECTION('',(0.,0.707106781186547,-0.707106781186547));
#3150=DIRECTION('',(-1.,0.,0.));
#3151=DIRECTION('center_axis',(0.,0.,1.));
#3152=DIRECTION('ref_axis',(0.707106781186548,-0.707106781186547,0.));
#3153=DIRECTION('',(-0.707106781186543,0.,-0.707106781186552));
#3154=DIRECTION('center_axis',(0.,0.,-1.));
#3155=DIRECTION('ref_axis',(0.707106781186548,-0.707106781186547,0.));
#3156=DIRECTION('center_axis',(-0.707106781186549,0.,0.707106781186546));
#3157=DIRECTION('ref_axis',(0.707106781186546,0.,0.707106781186549));
#3158=DIRECTION('',(-0.707106781186546,0.,-0.707106781186549));
#3159=DIRECTION('',(0.,-1.,0.));
#3160=DIRECTION('center_axis',(0.,0.,1.));
#3161=DIRECTION('ref_axis',(0.707106781186548,0.707106781186548,0.));
#3162=DIRECTION('',(0.,-0.707106781186546,-0.707106781186549));
#3163=DIRECTION('center_axis',(0.,0.,-1.));
#3164=DIRECTION('ref_axis',(0.707106781186548,0.707106781186548,0.));
#3165=DIRECTION('center_axis',(0.,-0.707106781186549,0.707106781186546));
#3166=DIRECTION('ref_axis',(1.,0.,0.));
#3167=DIRECTION('',(0.,-0.707106781186546,-0.707106781186549));
#3168=DIRECTION('',(1.,0.,0.));
#3169=DIRECTION('center_axis',(0.,0.,1.));
#3170=DIRECTION('ref_axis',(-0.707106781186548,0.707106781186547,0.));
#3171=DIRECTION('',(0.707106781186543,0.,-0.707106781186552));
#3172=DIRECTION('center_axis',(0.,0.,-1.));
#3173=DIRECTION('ref_axis',(-0.707106781186548,0.707106781186547,0.));
#3174=DIRECTION('center_axis',(0.707106781186549,0.,0.707106781186546));
#3175=DIRECTION('ref_axis',(0.707106781186546,0.,-0.707106781186549));
#3176=DIRECTION('',(0.,1.,0.));
#3177=DIRECTION('center_axis',(0.,-1.,0.));
#3178=DIRECTION('ref_axis',(1.,0.,0.));
#3179=DIRECTION('',(0.,0.,1.));
#3180=DIRECTION('',(1.,0.,0.));
#3181=DIRECTION('',(0.,0.,-1.));
#3182=DIRECTION('center_axis',(0.,0.,1.));
#3183=DIRECTION('ref_axis',(-0.707106781186548,0.707106781186547,0.));
#3184=DIRECTION('',(0.,0.,-1.));
#3185=DIRECTION('center_axis',(0.,0.,-1.));
#3186=DIRECTION('ref_axis',(-0.707106781186548,0.707106781186547,0.));
#3187=DIRECTION('center_axis',(1.,0.,0.));
#3188=DIRECTION('ref_axis',(0.,1.,0.));
#3189=DIRECTION('',(0.,0.,1.));
#3190=DIRECTION('',(0.,1.,0.));
#3191=DIRECTION('center_axis',(0.,0.,1.));
#3192=DIRECTION('ref_axis',(-0.707106781186547,-0.707106781186547,0.));
#3193=DIRECTION('',(0.,0.,-1.));
#3194=DIRECTION('center_axis',(0.,0.,-1.));
#3195=DIRECTION('ref_axis',(-0.707106781186547,-0.707106781186547,0.));
#3196=DIRECTION('center_axis',(0.,0.,1.));
#3197=DIRECTION('ref_axis',(-0.707106781186548,0.707106781186547,0.));
#3198=DIRECTION('',(0.707106781186546,0.,-0.707106781186549));
#3199=DIRECTION('center_axis',(0.,0.,-1.));
#3200=DIRECTION('ref_axis',(-0.707106781186548,0.707106781186547,0.));
#3201=DIRECTION('',(0.,0.707106781186547,0.707106781186547));
#3202=DIRECTION('center_axis',(0.707106781186549,0.,0.707106781186546));
#3203=DIRECTION('ref_axis',(0.707106781186546,0.,-0.707106781186549));
#3204=DIRECTION('',(0.707106781186546,0.,-0.707106781186549));
#3205=DIRECTION('',(0.,1.,0.));
#3206=DIRECTION('center_axis',(0.,0.,1.));
#3207=DIRECTION('ref_axis',(-0.707106781186548,-0.707106781186547,0.));
#3208=DIRECTION('',(0.,0.707106781186547,-0.707106781186548));
#3209=DIRECTION('center_axis',(0.,0.,-1.));
#3210=DIRECTION('ref_axis',(-0.707106781186548,-0.707106781186547,0.));
#3211=DIRECTION('center_axis',(0.,0.707106781186548,0.707106781186548));
#3212=DIRECTION('ref_axis',(1.,0.,0.));
#3213=DIRECTION('',(0.,0.707106781186547,-0.707106781186547));
#3214=DIRECTION('',(-1.,0.,0.));
#3215=DIRECTION('center_axis',(0.,0.,1.));
#3216=DIRECTION('ref_axis',(0.707106781186548,-0.707106781186547,0.));
#3217=DIRECTION('',(-0.707106781186546,-7.85046229341889E-16,-0.707106781186549));
#3218=DIRECTION('center_axis',(0.,0.,-1.));
#3219=DIRECTION('ref_axis',(0.707106781186548,-0.707106781186547,0.));
#3220=DIRECTION('center_axis',(-0.707106781186549,0.,0.707106781186546));
#3221=DIRECTION('ref_axis',(0.707106781186546,0.,0.707106781186549));
#3222=DIRECTION('',(-0.707106781186546,0.,-0.707106781186549));
#3223=DIRECTION('',(0.,-1.,0.));
#3224=DIRECTION('center_axis',(0.,0.,1.));
#3225=DIRECTION('ref_axis',(0.707106781186548,0.707106781186547,0.));
#3226=DIRECTION('',(0.,-0.707106781186547,-0.707106781186547));
#3227=DIRECTION('center_axis',(0.,0.,-1.));
#3228=DIRECTION('ref_axis',(0.707106781186548,0.707106781186547,0.));
#3229=DIRECTION('center_axis',(0.,-0.707106781186548,0.707106781186548));
#3230=DIRECTION('ref_axis',(1.,0.,0.));
#3231=DIRECTION('',(1.,0.,0.));
#3232=DIRECTION('center_axis',(-1.,0.,0.));
#3233=DIRECTION('ref_axis',(0.,-1.,0.));
#3234=DIRECTION('',(0.,0.,1.));
#3235=DIRECTION('',(0.,-1.,0.));
#3236=DIRECTION('',(0.,0.,-1.));
#3237=DIRECTION('center_axis',(0.,0.,1.));
#3238=DIRECTION('ref_axis',(0.707106781186548,0.707106781186547,0.));
#3239=DIRECTION('',(0.,0.,-1.));
#3240=DIRECTION('center_axis',(0.,0.,-1.));
#3241=DIRECTION('ref_axis',(0.707106781186548,0.707106781186547,0.));
#3242=DIRECTION('center_axis',(0.,-1.,0.));
#3243=DIRECTION('ref_axis',(1.,0.,0.));
#3244=DIRECTION('',(0.,0.,1.));
#3245=DIRECTION('',(1.,0.,0.));
#3246=DIRECTION('center_axis',(0.,0.,1.));
#3247=DIRECTION('ref_axis',(-0.707106781186548,0.707106781186547,0.));
#3248=DIRECTION('',(0.,0.,-1.));
#3249=DIRECTION('center_axis',(0.,0.,-1.));
#3250=DIRECTION('ref_axis',(-0.707106781186548,0.707106781186547,0.));
#3251=DIRECTION('center_axis',(0.,-0.707106781186548,0.707106781186548));
#3252=DIRECTION('ref_axis',(1.,0.,0.));
#3253=DIRECTION('',(0.,0.707106781186547,0.707106781186547));
#3254=DIRECTION('',(0.,-0.707106781186547,-0.707106781186547));
#3255=DIRECTION('',(1.,0.,0.));
#3256=DIRECTION('center_axis',(0.,0.,1.));
#3257=DIRECTION('ref_axis',(0.707106781186547,0.707106781186548,0.));
#3258=DIRECTION('center_axis',(0.,0.,-1.));
#3259=DIRECTION('ref_axis',(0.707106781186547,0.707106781186548,0.));
#3260=DIRECTION('',(0.707106781186546,0.,0.707106781186549));
#3261=DIRECTION('center_axis',(-0.707106781186549,0.,0.707106781186546));
#3262=DIRECTION('ref_axis',(0.707106781186546,0.,0.707106781186549));
#3263=DIRECTION('',(0.707106781186546,-7.85046229341889E-16,0.707106781186549));
#3264=DIRECTION('',(0.,-1.,0.));
#3265=DIRECTION('center_axis',(0.,0.,1.));
#3266=DIRECTION('ref_axis',(0.707106781186548,-0.707106781186547,0.));
#3267=DIRECTION('center_axis',(0.,0.,-1.));
#3268=DIRECTION('ref_axis',(0.707106781186548,-0.707106781186547,0.));
#3269=DIRECTION('',(0.,-0.707106781186547,0.707106781186548));
#3270=DIRECTION('center_axis',(0.,0.707106781186548,0.707106781186548));
#3271=DIRECTION('ref_axis',(1.,0.,0.));
#3272=DIRECTION('',(0.,-0.707106781186547,0.707106781186547));
#3273=DIRECTION('',(-1.,0.,0.));
#3274=DIRECTION('center_axis',(0.,0.,1.));
#3275=DIRECTION('ref_axis',(-0.707106781186547,-0.707106781186548,0.));
#3276=DIRECTION('center_axis',(0.,0.,-1.));
#3277=DIRECTION('ref_axis',(-0.707106781186547,-0.707106781186548,0.));
#3278=DIRECTION('',(-0.707106781186546,0.,0.707106781186549));
#3279=DIRECTION('center_axis',(0.707106781186548,0.,0.707106781186548));
#3280=DIRECTION('ref_axis',(0.707106781186548,0.,-0.707106781186548));
#3281=DIRECTION('',(-0.707106781186547,0.,0.707106781186547));
#3282=DIRECTION('',(0.,1.,0.));
#3283=DIRECTION('center_axis',(0.,0.,1.));
#3284=DIRECTION('ref_axis',(-0.707106781186548,0.707106781186547,0.));
#3285=DIRECTION('center_axis',(0.,0.,-1.));
#3286=DIRECTION('ref_axis',(-0.707106781186548,0.707106781186547,0.));
#3287=DIRECTION('center_axis',(0.,0.,1.));
#3288=DIRECTION('ref_axis',(0.707106781186548,-0.707106781186547,0.));
#3289=DIRECTION('',(0.,0.,-1.));
#3290=DIRECTION('center_axis',(0.,0.,-1.));
#3291=DIRECTION('ref_axis',(0.707106781186548,-0.707106781186547,0.));
#3292=DIRECTION('',(0.,0.,1.));
#3293=DIRECTION('center_axis',(-1.,0.,0.));
#3294=DIRECTION('ref_axis',(0.,-1.,0.));
#3295=DIRECTION('',(0.,0.,1.));
#3296=DIRECTION('',(0.,-1.,0.));
#3297=DIRECTION('center_axis',(0.,0.,1.));
#3298=DIRECTION('ref_axis',(0.707106781186547,0.707106781186548,0.));
#3299=DIRECTION('',(0.,0.,-1.));
#3300=DIRECTION('center_axis',(0.,0.,-1.));
#3301=DIRECTION('ref_axis',(0.707106781186547,0.707106781186548,0.));
#3302=DIRECTION('center_axis',(0.,-1.,0.));
#3303=DIRECTION('ref_axis',(1.,0.,0.));
#3304=DIRECTION('',(0.,0.,1.));
#3305=DIRECTION('',(1.,0.,0.));
#3306=DIRECTION('center_axis',(0.,-0.707106781186548,0.707106781186548));
#3307=DIRECTION('ref_axis',(1.,0.,0.));
#3308=DIRECTION('',(0.,0.707106781186547,0.707106781186547));
#3309=DIRECTION('',(0.,-0.707106781186547,-0.707106781186547));
#3310=DIRECTION('',(1.,0.,0.));
#3311=DIRECTION('center_axis',(0.,0.,1.));
#3312=DIRECTION('ref_axis',(0.707106781186548,0.707106781186548,0.));
#3313=DIRECTION('center_axis',(0.,0.,-1.));
#3314=DIRECTION('ref_axis',(0.707106781186547,0.707106781186547,0.));
#3315=DIRECTION('',(0.707106781186547,0.,0.707106781186547));
#3316=DIRECTION('center_axis',(-0.707106781186548,0.,0.707106781186548));
#3317=DIRECTION('ref_axis',(0.707106781186548,0.,0.707106781186548));
#3318=DIRECTION('',(0.707106781186547,-7.85046229341887E-16,0.707106781186547));
#3319=DIRECTION('',(0.,-1.,0.));
#3320=DIRECTION('center_axis',(0.,0.,1.));
#3321=DIRECTION('ref_axis',(0.707106781186547,-0.707106781186548,0.));
#3322=DIRECTION('center_axis',(0.,0.,-1.));
#3323=DIRECTION('ref_axis',(0.707106781186547,-0.707106781186548,0.));
#3324=DIRECTION('',(0.,-0.707106781186548,0.707106781186547));
#3325=DIRECTION('center_axis',(0.,0.707106781186548,0.707106781186548));
#3326=DIRECTION('ref_axis',(1.,0.,0.));
#3327=DIRECTION('',(-7.85046229341887E-16,-0.707106781186547,0.707106781186547));
#3328=DIRECTION('',(-1.,0.,0.));
#3329=DIRECTION('center_axis',(0.,0.,1.));
#3330=DIRECTION('ref_axis',(-0.707106781186548,-0.707106781186548,0.));
#3331=DIRECTION('center_axis',(0.,0.,-1.));
#3332=DIRECTION('ref_axis',(-0.707106781186548,-0.707106781186547,0.));
#3333=DIRECTION('',(-0.707106781186547,0.,0.707106781186548));
#3334=DIRECTION('center_axis',(0.707106781186548,0.,0.707106781186548));
#3335=DIRECTION('ref_axis',(0.707106781186548,0.,-0.707106781186548));
#3336=DIRECTION('',(-0.707106781186547,0.,0.707106781186547));
#3337=DIRECTION('',(0.,1.,0.));
#3338=DIRECTION('center_axis',(0.,0.,1.));
#3339=DIRECTION('ref_axis',(-0.707106781186548,0.707106781186548,0.));
#3340=DIRECTION('center_axis',(0.,0.,-1.));
#3341=DIRECTION('ref_axis',(-0.707106781186547,0.707106781186547,0.));
#3342=DIRECTION('center_axis',(0.,0.,1.));
#3343=DIRECTION('ref_axis',(0.707106781186547,-0.707106781186548,0.));
#3344=DIRECTION('',(0.,0.,-1.));
#3345=DIRECTION('center_axis',(0.,0.,-1.));
#3346=DIRECTION('ref_axis',(0.707106781186547,-0.707106781186548,0.));
#3347=DIRECTION('',(0.,0.,1.));
#3348=DIRECTION('center_axis',(-1.,0.,0.));
#3349=DIRECTION('ref_axis',(0.,-1.,0.));
#3350=DIRECTION('',(0.,0.,1.));
#3351=DIRECTION('',(0.,-1.,0.));
#3352=DIRECTION('center_axis',(0.,0.,1.));
#3353=DIRECTION('ref_axis',(0.707106781186548,0.707106781186548,0.));
#3354=DIRECTION('',(0.,0.,-1.));
#3355=DIRECTION('center_axis',(0.,0.,-1.));
#3356=DIRECTION('ref_axis',(0.707106781186548,0.707106781186548,0.));
#3357=DIRECTION('center_axis',(0.,-1.,0.));
#3358=DIRECTION('ref_axis',(1.,0.,0.));
#3359=DIRECTION('',(0.,0.,1.));
#3360=DIRECTION('',(1.,0.,0.));
#3361=DIRECTION('center_axis',(0.,0.,1.));
#3362=DIRECTION('ref_axis',(0.707106781186547,0.707106781186548,0.));
#3363=DIRECTION('',(0.,-0.707106781186546,-0.707106781186549));
#3364=DIRECTION('center_axis',(0.,0.,-1.));
#3365=DIRECTION('ref_axis',(0.707106781186547,0.707106781186548,0.));
#3366=DIRECTION('',(0.707106781186547,0.,0.707106781186547));
#3367=DIRECTION('center_axis',(0.,-0.707106781186549,0.707106781186546));
#3368=DIRECTION('ref_axis',(1.,0.,0.));
#3369=DIRECTION('',(0.,-0.707106781186546,-0.707106781186549));
#3370=DIRECTION('',(1.,0.,0.));
#3371=DIRECTION('center_axis',(0.,0.,1.));
#3372=DIRECTION('ref_axis',(-0.707106781186548,0.707106781186547,0.));
#3373=DIRECTION('',(0.707106781186547,0.,-0.707106781186548));
#3374=DIRECTION('center_axis',(0.,0.,-1.));
#3375=DIRECTION('ref_axis',(-0.707106781186548,0.707106781186547,0.));
#3376=DIRECTION('center_axis',(0.707106781186548,0.,0.707106781186548));
#3377=DIRECTION('ref_axis',(0.707106781186548,0.,-0.707106781186548));
#3378=DIRECTION('',(0.707106781186547,0.,-0.707106781186547));
#3379=DIRECTION('',(0.,1.,0.));
#3380=DIRECTION('center_axis',(0.,0.,1.));
#3381=DIRECTION('ref_axis',(-0.707106781186547,-0.707106781186548,0.));
#3382=DIRECTION('',(-7.85046229341889E-16,0.707106781186546,-0.707106781186549));
#3383=DIRECTION('center_axis',(0.,0.,-1.));
#3384=DIRECTION('ref_axis',(-0.707106781186547,-0.707106781186548,0.));
#3385=DIRECTION('center_axis',(0.,0.707106781186548,0.707106781186548));
#3386=DIRECTION('ref_axis',(1.,0.,0.));
#3387=DIRECTION('',(0.,0.707106781186547,-0.707106781186547));
#3388=DIRECTION('',(-1.,0.,0.));
#3389=DIRECTION('center_axis',(0.,0.,1.));
#3390=DIRECTION('ref_axis',(0.707106781186548,-0.707106781186547,0.));
#3391=DIRECTION('',(-0.707106781186547,0.,-0.707106781186547));
#3392=DIRECTION('center_axis',(0.,0.,-1.));
#3393=DIRECTION('ref_axis',(0.707106781186548,-0.707106781186547,0.));
#3394=DIRECTION('center_axis',(-0.707106781186548,0.,0.707106781186548));
#3395=DIRECTION('ref_axis',(0.707106781186548,0.,0.707106781186548));
#3396=DIRECTION('',(0.,-1.,0.));
#3397=DIRECTION('center_axis',(0.,1.,0.));
#3398=DIRECTION('ref_axis',(-1.,0.,0.));
#3399=DIRECTION('',(0.,0.,1.));
#3400=DIRECTION('',(-1.,0.,0.));
#3401=DIRECTION('',(0.,0.,-1.));
#3402=DIRECTION('center_axis',(0.,0.,1.));
#3403=DIRECTION('ref_axis',(0.707106781186548,-0.707106781186547,0.));
#3404=DIRECTION('',(0.,0.,-1.));
#3405=DIRECTION('center_axis',(0.,0.,-1.));
#3406=DIRECTION('ref_axis',(0.707106781186548,-0.707106781186547,0.));
#3407=DIRECTION('center_axis',(-1.,0.,0.));
#3408=DIRECTION('ref_axis',(0.,-1.,0.));
#3409=DIRECTION('',(0.,0.,1.));
#3410=DIRECTION('',(0.,-1.,0.));
#3411=DIRECTION('center_axis',(0.,0.,1.));
#3412=DIRECTION('ref_axis',(0.707106781186547,0.707106781186548,0.));
#3413=DIRECTION('',(0.,0.,-1.));
#3414=DIRECTION('center_axis',(0.,0.,-1.));
#3415=DIRECTION('ref_axis',(0.707106781186547,0.707106781186548,0.));
#3416=DIRECTION('center_axis',(0.,-0.707106781186549,0.707106781186546));
#3417=DIRECTION('ref_axis',(1.,0.,0.));
#3418=DIRECTION('',(0.,0.707106781186546,0.707106781186549));
#3419=DIRECTION('',(0.,-0.707106781186546,-0.707106781186549));
#3420=DIRECTION('',(1.,0.,0.));
#3421=DIRECTION('center_axis',(0.,0.,1.));
#3422=DIRECTION('ref_axis',(0.707106781186547,0.707106781186548,0.));
#3423=DIRECTION('center_axis',(0.,0.,-1.));
#3424=DIRECTION('ref_axis',(0.707106781186547,0.707106781186548,0.));
#3425=DIRECTION('',(0.707106781186546,0.,0.707106781186549));
#3426=DIRECTION('center_axis',(-0.707106781186549,0.,0.707106781186546));
#3427=DIRECTION('ref_axis',(0.707106781186546,0.,0.707106781186549));
#3428=DIRECTION('',(0.707106781186546,0.,0.707106781186549));
#3429=DIRECTION('',(0.,-1.,0.));
#3430=DIRECTION('center_axis',(0.,0.,1.));
#3431=DIRECTION('ref_axis',(0.707106781186548,-0.707106781186547,0.));
#3432=DIRECTION('center_axis',(0.,0.,-1.));
#3433=DIRECTION('ref_axis',(0.707106781186548,-0.707106781186547,0.));
#3434=DIRECTION('',(0.,-0.707106781186547,0.707106781186547));
#3435=DIRECTION('center_axis',(0.,0.707106781186548,0.707106781186548));
#3436=DIRECTION('ref_axis',(1.,0.,0.));
#3437=DIRECTION('',(0.,-0.707106781186547,0.707106781186547));
#3438=DIRECTION('',(-1.,0.,0.));
#3439=DIRECTION('center_axis',(0.,0.,1.));
#3440=DIRECTION('ref_axis',(-0.707106781186547,-0.707106781186548,0.));
#3441=DIRECTION('center_axis',(0.,0.,-1.));
#3442=DIRECTION('ref_axis',(-0.707106781186547,-0.707106781186548,0.));
#3443=DIRECTION('',(-0.707106781186547,0.,0.707106781186547));
#3444=DIRECTION('center_axis',(0.707106781186548,0.,0.707106781186548));
#3445=DIRECTION('ref_axis',(0.707106781186548,0.,-0.707106781186548));
#3446=DIRECTION('',(-0.707106781186547,0.,0.707106781186547));
#3447=DIRECTION('',(0.,1.,0.));
#3448=DIRECTION('center_axis',(0.,0.,1.));
#3449=DIRECTION('ref_axis',(-0.707106781186548,0.707106781186547,0.));
#3450=DIRECTION('center_axis',(0.,0.,-1.));
#3451=DIRECTION('ref_axis',(-0.707106781186548,0.707106781186547,0.));
#3452=DIRECTION('center_axis',(0.,0.,1.));
#3453=DIRECTION('ref_axis',(0.707106781186548,-0.707106781186547,0.));
#3454=DIRECTION('',(0.,0.,-1.));
#3455=DIRECTION('center_axis',(0.,0.,-1.));
#3456=DIRECTION('ref_axis',(0.707106781186548,-0.707106781186547,0.));
#3457=DIRECTION('',(0.,0.,1.));
#3458=DIRECTION('center_axis',(-1.,0.,0.));
#3459=DIRECTION('ref_axis',(0.,-1.,0.));
#3460=DIRECTION('',(0.,0.,1.));
#3461=DIRECTION('',(0.,-1.,0.));
#3462=DIRECTION('center_axis',(0.,0.,1.));
#3463=DIRECTION('ref_axis',(0.707106781186547,0.707106781186548,0.));
#3464=DIRECTION('',(0.,0.,-1.));
#3465=DIRECTION('center_axis',(0.,0.,-1.));
#3466=DIRECTION('ref_axis',(0.707106781186547,0.707106781186548,0.));
#3467=DIRECTION('center_axis',(0.,-1.,0.));
#3468=DIRECTION('ref_axis',(1.,0.,0.));
#3469=DIRECTION('',(0.,0.,1.));
#3470=DIRECTION('',(1.,0.,0.));
#3471=DIRECTION('center_axis',(0.,-0.707106781186549,0.707106781186546));
#3472=DIRECTION('ref_axis',(1.,0.,0.));
#3473=DIRECTION('',(0.,0.707106781186546,0.707106781186549));
#3474=DIRECTION('',(-7.85046229341889E-16,-0.707106781186546,-0.707106781186549));
#3475=DIRECTION('',(1.,0.,0.));
#3476=DIRECTION('center_axis',(0.,0.,1.));
#3477=DIRECTION('ref_axis',(0.707106781186548,0.707106781186548,0.));
#3478=DIRECTION('center_axis',(0.,0.,-1.));
#3479=DIRECTION('ref_axis',(0.707106781186548,0.707106781186548,0.));
#3480=DIRECTION('',(0.707106781186546,0.,0.707106781186549));
#3481=DIRECTION('center_axis',(-0.707106781186549,0.,0.707106781186546));
#3482=DIRECTION('ref_axis',(0.707106781186546,0.,0.707106781186549));
#3483=DIRECTION('',(0.707106781186546,0.,0.707106781186549));
#3484=DIRECTION('',(0.,-1.,0.));
#3485=DIRECTION('center_axis',(0.,0.,1.));
#3486=DIRECTION('ref_axis',(0.707106781186548,-0.707106781186548,0.));
#3487=DIRECTION('center_axis',(0.,0.,-1.));
#3488=DIRECTION('ref_axis',(0.707106781186548,-0.707106781186548,0.));
#3489=DIRECTION('',(0.,-0.707106781186546,0.707106781186549));
#3490=DIRECTION('center_axis',(0.,0.707106781186549,0.707106781186546));
#3491=DIRECTION('ref_axis',(1.,0.,0.));
#3492=DIRECTION('',(3.14018491736755E-15,-0.707106781186546,0.707106781186549));
#3493=DIRECTION('',(-1.,0.,0.));
#3494=DIRECTION('center_axis',(0.,0.,1.));
#3495=DIRECTION('ref_axis',(-0.707106781186566,-0.707106781186529,0.));
#3496=DIRECTION('center_axis',(0.,0.,-1.));
#3497=DIRECTION('ref_axis',(-0.707106781186566,-0.707106781186529,0.));
#3498=DIRECTION('',(-0.707106781186547,3.76822190084106E-14,0.707106781186548));
#3499=DIRECTION('center_axis',(0.707106781186548,-3.54499878617889E-14,
0.707106781186547));
#3500=DIRECTION('ref_axis',(0.707106781186547,0.,-0.707106781186548));
#3501=DIRECTION('',(-0.707106781186547,3.76822190084106E-14,0.707106781186548));
#3502=DIRECTION('',(5.01338536201034E-14,1.,0.));
#3503=DIRECTION('center_axis',(0.,0.,1.));
#3504=DIRECTION('ref_axis',(-3.25477509072593E-8,0.999999999999999,0.));
#3505=DIRECTION('center_axis',(0.,0.,-1.));
#3506=DIRECTION('ref_axis',(-3.25477509072593E-8,1.,0.));
#3507=DIRECTION('center_axis',(0.,0.,1.));
#3508=DIRECTION('ref_axis',(0.707106781186548,-0.707106781186548,0.));
#3509=DIRECTION('',(0.,0.,-1.));
#3510=DIRECTION('center_axis',(0.,0.,-1.));
#3511=DIRECTION('ref_axis',(0.707106781186548,-0.707106781186548,0.));
#3512=DIRECTION('',(0.,0.,1.));
#3513=DIRECTION('center_axis',(-1.,0.,0.));
#3514=DIRECTION('ref_axis',(0.,-1.,0.));
#3515=DIRECTION('',(0.,0.,1.));
#3516=DIRECTION('',(0.,-1.,0.));
#3517=DIRECTION('center_axis',(0.,0.,1.));
#3518=DIRECTION('ref_axis',(0.707106781186548,0.707106781186548,0.));
#3519=DIRECTION('',(0.,0.,-1.));
#3520=DIRECTION('center_axis',(0.,0.,-1.));
#3521=DIRECTION('ref_axis',(0.707106781186548,0.707106781186548,0.));
#3522=DIRECTION('center_axis',(0.,-1.,0.));
#3523=DIRECTION('ref_axis',(1.,0.,0.));
#3524=DIRECTION('',(0.,0.,1.));
#3525=DIRECTION('',(1.,0.,0.));
#3526=DIRECTION('center_axis',(1.,0.,0.));
#3527=DIRECTION('ref_axis',(0.,1.,0.));
#3528=DIRECTION('center_axis',(0.,0.,1.));
#3529=DIRECTION('ref_axis',(-1.,0.,0.));
#3530=DIRECTION('center_axis',(0.,0.,-1.));
#3531=DIRECTION('ref_axis',(-0.707106781186548,0.707106781186547,0.));
#3532=DIRECTION('',(0.,1.,0.));
#3533=DIRECTION('center_axis',(0.,0.,-1.));
#3534=DIRECTION('ref_axis',(-0.707106781186547,-0.707106781186548,0.));
#3535=DIRECTION('',(1.,0.,0.));
#3536=DIRECTION('center_axis',(0.,0.,-1.));
#3537=DIRECTION('ref_axis',(-0.707106781186548,0.707106781186547,0.));
#3538=DIRECTION('',(0.,1.,0.));
#3539=DIRECTION('center_axis',(0.,0.,-1.));
#3540=DIRECTION('ref_axis',(-0.707106781186547,-0.707106781186548,0.));
#3541=DIRECTION('',(-1.,0.,0.));
#3542=DIRECTION('',(-1.,0.,0.));
#3543=DIRECTION('center_axis',(0.,0.,-1.));
#3544=DIRECTION('ref_axis',(0.707106781186548,-0.707106781186547,0.));
#3545=DIRECTION('',(0.,-1.,0.));
#3546=DIRECTION('center_axis',(0.,0.,-1.));
#3547=DIRECTION('ref_axis',(0.707106781186547,0.707106781186547,0.));
#3548=DIRECTION('center_axis',(0.,0.,-1.));
#3549=DIRECTION('ref_axis',(-0.707106781186548,0.707106781186548,0.));
#3550=DIRECTION('',(0.,1.,0.));
#3551=DIRECTION('center_axis',(0.,0.,-1.));
#3552=DIRECTION('ref_axis',(-0.707106781186548,-0.707106781186547,0.));
#3553=DIRECTION('',(-1.,0.,0.));
#3554=DIRECTION('center_axis',(0.,0.,-1.));
#3555=DIRECTION('ref_axis',(-0.707106781186548,-0.707106781186547,0.));
#3556=DIRECTION('',(-1.,0.,0.));
#3557=DIRECTION('center_axis',(0.,0.,-1.));
#3558=DIRECTION('ref_axis',(0.707106781186548,-0.707106781186547,0.));
#3559=DIRECTION('',(0.,1.,0.));
#3560=DIRECTION('center_axis',(0.,0.,-1.));
#3561=DIRECTION('ref_axis',(-0.707106781186548,0.707106781186547,0.));
#3562=DIRECTION('',(0.,1.,0.));
#3563=DIRECTION('center_axis',(0.,0.,-1.));
#3564=DIRECTION('ref_axis',(-0.707106781186547,-0.707106781186548,0.));
#3565=DIRECTION('',(-1.,0.,0.));
#3566=DIRECTION('center_axis',(0.,0.,-1.));
#3567=DIRECTION('ref_axis',(-3.25477509072593E-8,1.,0.));
#3568=DIRECTION('',(5.01338536201034E-14,1.,0.));
#3569=DIRECTION('center_axis',(0.,0.,-1.));
#3570=DIRECTION('ref_axis',(-0.707106781186566,-0.707106781186529,0.));
#3571=DIRECTION('',(-1.,0.,0.));
#3572=DIRECTION('center_axis',(0.,0.,1.));
#3573=DIRECTION('ref_axis',(-0.707106781186566,-0.707106781186529,0.));
#3574=DIRECTION('',(0.,0.,-1.));
#3575=DIRECTION('',(0.,0.,1.));
#3576=DIRECTION('center_axis',(1.,-5.01338536201034E-14,0.));
#3577=DIRECTION('ref_axis',(5.01338536201034E-14,1.,0.));
#3578=DIRECTION('',(0.,0.,1.));
#3579=DIRECTION('center_axis',(0.,1.,0.));
#3580=DIRECTION('ref_axis',(-1.,0.,0.));
#3581=DIRECTION('center_axis',(0.,1.,0.));
#3582=DIRECTION('ref_axis',(-1.,0.,0.));
#3583=DIRECTION('',(0.,0.,-1.));
#3584=DIRECTION('center_axis',(0.,0.,1.));
#3585=DIRECTION('ref_axis',(-0.707106781186548,-0.707106781186547,0.));
#3586=DIRECTION('',(0.,0.,1.));
#3587=DIRECTION('center_axis',(1.,0.,0.));
#3588=DIRECTION('ref_axis',(0.,1.,0.));
#3589=DIRECTION('',(0.,0.,-1.));
#3590=DIRECTION('center_axis',(0.,0.,1.));
#3591=DIRECTION('ref_axis',(-0.707106781186548,0.707106781186548,0.));
#3592=DIRECTION('center_axis',(0.,0.,1.));
#3593=DIRECTION('ref_axis',(0.707106781186547,0.707106781186547,0.));
#3594=DIRECTION('',(0.,0.,1.));
#3595=DIRECTION('center_axis',(-1.,0.,0.));
#3596=DIRECTION('ref_axis',(0.,-1.,0.));
#3597=DIRECTION('',(0.,0.,-1.));
#3598=DIRECTION('center_axis',(0.,0.,1.));
#3599=DIRECTION('ref_axis',(0.707106781186548,-0.707106781186547,0.));
#3600=DIRECTION('',(0.,0.,1.));
#3601=DIRECTION('center_axis',(0.,1.,0.));
#3602=DIRECTION('ref_axis',(-1.,0.,0.));
#3603=DIRECTION('center_axis',(0.,0.,1.));
#3604=DIRECTION('ref_axis',(0.707106781186548,-0.707106781186547,0.));
#3605=DIRECTION('',(0.,0.,1.));
#3606=DIRECTION('center_axis',(0.,1.,0.));
#3607=DIRECTION('ref_axis',(-1.,0.,0.));
#3608=DIRECTION('',(0.,0.,-1.));
#3609=DIRECTION('center_axis',(0.,1.,0.));
#3610=DIRECTION('ref_axis',(-1.,0.,0.));
#3611=DIRECTION('',(0.,0.,-1.));
#3612=DIRECTION('center_axis',(0.,0.,1.));
#3613=DIRECTION('ref_axis',(-0.707106781186548,-0.707106781186547,0.));
#3614=DIRECTION('',(0.,0.,1.));
#3615=DIRECTION('center_axis',(1.,0.,0.));
#3616=DIRECTION('ref_axis',(0.,1.,0.));
#3617=DIRECTION('center_axis',(0.,0.,1.));
#3618=DIRECTION('ref_axis',(-0.707106781186547,-0.707106781186548,0.));
#3619=DIRECTION('',(0.,0.,1.));
#3620=DIRECTION('center_axis',(1.,0.,0.));
#3621=DIRECTION('ref_axis',(0.,1.,0.));
#3622=DIRECTION('',(0.,0.,-1.));
#3623=DIRECTION('center_axis',(0.,1.,0.));
#3624=DIRECTION('ref_axis',(-1.,0.,0.));
#3625=DIRECTION('',(0.,0.,-1.));
#3626=DIRECTION('center_axis',(0.,0.,1.));
#3627=DIRECTION('ref_axis',(-0.707106781186548,0.707106781186547,0.));
#3628=DIRECTION('center_axis',(0.,0.,1.));
#3629=DIRECTION('ref_axis',(-0.707106781186547,-0.707106781186548,0.));
#3630=DIRECTION('',(0.,0.,1.));
#3631=DIRECTION('center_axis',(1.,0.,0.));
#3632=DIRECTION('ref_axis',(0.,1.,0.));
#3633=DIRECTION('',(0.,0.,-1.));
#3634=DIRECTION('center_axis',(0.,0.,1.));
#3635=DIRECTION('ref_axis',(-0.707106781186548,0.707106781186547,0.));
#3636=DIRECTION('center_axis',(0.,0.,1.));
#3637=DIRECTION('ref_axis',(-0.707106781186547,-0.707106781186548,0.));
#3638=DIRECTION('',(0.,0.,1.));
#3639=DIRECTION('center_axis',(1.,0.,0.));
#3640=DIRECTION('ref_axis',(0.,1.,0.));
#3641=DIRECTION('',(0.,0.,-1.));
#3642=DIRECTION('center_axis',(0.,0.,1.));
#3643=DIRECTION('ref_axis',(-0.707106781186548,0.707106781186547,0.));
#3644=DIRECTION('',(0.,0.,1.));
#3645=DIRECTION('center_axis',(0.,-1.,0.));
#3646=DIRECTION('ref_axis',(1.,0.,0.));
#3647=DIRECTION('center_axis',(0.,0.,1.));
#3648=DIRECTION('ref_axis',(-3.25477509072593E-8,1.,0.));
#3649=CARTESIAN_POINT('',(0.,0.,0.));
#3650=CARTESIAN_POINT('Origin',(7.14400000000299,59.531,16.5375197136));
#3651=CARTESIAN_POINT('',(7.14400000000299,75.825,17.0375197136));
#3652=CARTESIAN_POINT('',(7.14400000000299,76.825,16.0375197136));
#3653=CARTESIAN_POINT('',(7.14400000000299,75.825,17.0375197136));
#3654=CARTESIAN_POINT('',(-10.149999999997,59.5310000000009,16.0375197136));
#3655=CARTESIAN_POINT('Origin',(7.14400000000299,59.531,16.0375197136));
#3656=CARTESIAN_POINT('',(-9.14999999999702,59.5310000000008,17.0375197136));
#3657=CARTESIAN_POINT('',(-10.149999999997,59.5310000000009,16.0375197136));
#3658=CARTESIAN_POINT('Origin',(7.14400000000299,59.531,17.0375197136));
#3659=CARTESIAN_POINT('Origin',(50.08125,76.325,16.5375197136));
#3660=CARTESIAN_POINT('',(70.007,75.825,17.0375197136));
#3661=CARTESIAN_POINT('',(70.007,76.825,16.0375197136));
#3662=CARTESIAN_POINT('',(70.007,75.825,17.0375197136));
#3663=CARTESIAN_POINT('',(50.08125,76.825,16.0375197136));
#3664=CARTESIAN_POINT('',(50.08125,75.825,17.0375197136));
#3665=CARTESIAN_POINT('Origin',(70.007,70.007,16.5375197136));
#3666=CARTESIAN_POINT('',(75.825,70.007,17.0375197136));
#3667=CARTESIAN_POINT('',(76.825,70.007,16.0375197136));
#3668=CARTESIAN_POINT('',(75.825,70.007,17.0375197136));
#3669=CARTESIAN_POINT('Origin',(70.007,70.007,16.0375197136));
#3670=CARTESIAN_POINT('Origin',(70.007,70.007,17.0375197136));
#3671=CARTESIAN_POINT('Origin',(76.3249999999985,16.59375,16.5375197136));
#3672=CARTESIAN_POINT('',(75.824999999997,-3.332,17.0375197136));
#3673=CARTESIAN_POINT('',(76.825,-3.332,16.0375197136));
#3674=CARTESIAN_POINT('',(75.824999999997,-3.332,17.0375197136));
#3675=CARTESIAN_POINT('',(76.825,16.59375,16.0375197136));
#3676=CARTESIAN_POINT('',(75.824999999997,16.59375,17.0375197136));
#3677=CARTESIAN_POINT('Origin',(70.007,-3.332,16.5375197136));
#3678=CARTESIAN_POINT('',(70.007,-9.15,17.0375197136));
#3679=CARTESIAN_POINT('',(70.007,-10.15,16.0375197136));
#3680=CARTESIAN_POINT('',(70.007,-9.15,17.0375197136));
#3681=CARTESIAN_POINT('Origin',(70.007,-3.332,16.0375197136));
#3682=CARTESIAN_POINT('Origin',(70.007,-3.332,17.0375197136));
#3683=CARTESIAN_POINT('Origin',(16.59375,-9.65,16.5375197136));
#3684=CARTESIAN_POINT('',(-3.33200000000015,-9.15,17.0375197136));
#3685=CARTESIAN_POINT('',(-3.33200000000016,-10.15,16.0375197136));
#3686=CARTESIAN_POINT('',(-3.33200000000015,-9.15,17.0375197136));
#3687=CARTESIAN_POINT('',(16.59375,-10.15,16.0375197136));
#3688=CARTESIAN_POINT('',(16.59375,-9.15,17.0375197136));
#3689=CARTESIAN_POINT('Origin',(-3.33200000000016,-3.332,16.5375197136));
#3690=CARTESIAN_POINT('',(-9.15000000000015,-3.33199999999971,17.0375197136));
#3691=CARTESIAN_POINT('',(-10.1500000000002,-3.33199999999966,16.0375197136));
#3692=CARTESIAN_POINT('',(-9.15000000000015,-3.33199999999971,17.0375197136));
#3693=CARTESIAN_POINT('Origin',(-3.33200000000016,-3.332,16.0375197136));
#3694=CARTESIAN_POINT('Origin',(-3.33200000000016,-3.332,17.0375197136));
#3695=CARTESIAN_POINT('Origin',(-9.64999999999689,46.4343750000011,16.5375197136));
#3696=CARTESIAN_POINT('',(-10.1499999999977,46.4343750000011,16.0375197136));
#3697=CARTESIAN_POINT('',(-9.1499999999961,46.434375000001,17.0375197136));
#3698=CARTESIAN_POINT('Origin',(-0.149999999999997,-10.15,13.));
#3699=CARTESIAN_POINT('',(-3.33200000000016,-10.15,12.9995197136));
#3700=CARTESIAN_POINT('',(-3.33200000000016,-10.15,13.));
#3701=CARTESIAN_POINT('',(70.007,-10.15,12.9995197136));
#3702=CARTESIAN_POINT('',(76.824999999997,-10.15,12.9995197136));
#3703=CARTESIAN_POINT('',(70.007,-10.15,13.));
#3704=CARTESIAN_POINT('Origin',(-3.33200000000016,-3.332,13.));
#3705=CARTESIAN_POINT('',(-10.149999999997,-3.33199999999966,12.9995197136));
#3706=CARTESIAN_POINT('',(-10.1500000000002,-3.33199999999966,13.));
#3707=CARTESIAN_POINT('Origin',(-3.33200000000016,-3.332,12.9995197136));
#3708=CARTESIAN_POINT('Origin',(-10.149999999997,59.53125,13.));
#3709=CARTESIAN_POINT('',(-10.149999999997,59.5310000000009,12.9995197136));
#3710=CARTESIAN_POINT('',(-10.149999999997,59.5310000000009,13.));
#3711=CARTESIAN_POINT('',(-10.149999999997,-10.15,12.9995197136));
#3712=CARTESIAN_POINT('Origin',(7.14400000000299,59.531,13.));
#3713=CARTESIAN_POINT('',(7.14400000000299,76.825,12.9995197136));
#3714=CARTESIAN_POINT('',(7.14400000000299,76.825,13.));
#3715=CARTESIAN_POINT('Origin',(7.14400000000299,59.531,12.9995197136));
#3716=CARTESIAN_POINT('Origin',(33.3375,33.3375,17.0375197136));
#3717=CARTESIAN_POINT('',(44.444163385827,30.830413385827,17.0375197136));
#3718=CARTESIAN_POINT('',(51.944163385827,23.330413385827,17.0375197136));
#3719=CARTESIAN_POINT('Origin',(51.944163385827,30.830413385827,17.0375197136));
#3720=CARTESIAN_POINT('',(44.444163385827,35.830413385827,17.0375197136));
#3721=CARTESIAN_POINT('',(44.444163385827,28.8339566929135,17.0375197136));
#3722=CARTESIAN_POINT('',(51.944163385827,43.330413385827,17.0375197136));
#3723=CARTESIAN_POINT('Origin',(51.944163385827,35.830413385827,17.0375197136));
#3724=CARTESIAN_POINT('',(56.944163385827,43.330413385827,17.0375197136));
#3725=CARTESIAN_POINT('',(39.3908316929135,43.330413385827,17.0375197136));
#3726=CARTESIAN_POINT('',(64.444163385827,35.830413385827,17.0375197136));
#3727=CARTESIAN_POINT('Origin',(56.944163385827,35.830413385827,17.0375197136));
#3728=CARTESIAN_POINT('',(64.444163385827,30.830413385827,17.0375197136));
#3729=CARTESIAN_POINT('',(64.444163385827,37.8339566929135,17.0375197136));
#3730=CARTESIAN_POINT('',(56.944163385827,23.330413385827,17.0375197136));
#3731=CARTESIAN_POINT('Origin',(56.944163385827,30.830413385827,17.0375197136));
#3732=CARTESIAN_POINT('',(48.3908316929135,23.330413385827,17.0375197136));
#3733=CARTESIAN_POINT('',(35.512913385827,21.899163385827,17.0375197136));
#3734=CARTESIAN_POINT('',(30.512913385827,21.899163385827,17.0375197136));
#3735=CARTESIAN_POINT('',(28.6752066929135,21.899163385827,17.0375197136));
#3736=CARTESIAN_POINT('',(43.012913385827,14.399163385827,17.0375197136));
#3737=CARTESIAN_POINT('Origin',(35.512913385827,14.399163385827,17.0375197136));
#3738=CARTESIAN_POINT('',(43.012913385827,9.39916338582701,17.0375197136));
#3739=CARTESIAN_POINT('',(43.012913385827,27.1183316929135,17.0375197136));
#3740=CARTESIAN_POINT('',(35.512913385827,1.89916338582701,17.0375197136));
#3741=CARTESIAN_POINT('Origin',(35.512913385827,9.39916338582701,17.0375197136));
#3742=CARTESIAN_POINT('',(30.512913385827,1.89916338582701,17.0375197136));
#3743=CARTESIAN_POINT('',(37.6752066929135,1.89916338582701,17.0375197136));
#3744=CARTESIAN_POINT('',(23.012913385827,9.39916338582701,17.0375197136));
#3745=CARTESIAN_POINT('Origin',(30.512913385827,9.39916338582701,17.0375197136));
#3746=CARTESIAN_POINT('',(23.012913385827,14.399163385827,17.0375197136));
#3747=CARTESIAN_POINT('',(23.012913385827,18.1183316929135,17.0375197136));
#3748=CARTESIAN_POINT('Origin',(30.512913385827,14.399163385827,17.0375197136));
#3749=CARTESIAN_POINT('',(21.581663385827,35.830413385827,17.0375197136));
#3750=CARTESIAN_POINT('',(14.081663385827,43.330413385827,17.0375197136));
#3751=CARTESIAN_POINT('Origin',(14.081663385827,35.830413385827,17.0375197136));
#3752=CARTESIAN_POINT('',(21.581663385827,30.830413385827,17.0375197136));
#3753=CARTESIAN_POINT('',(21.581663385827,37.8339566929135,17.0375197136));
#3754=CARTESIAN_POINT('',(14.081663385827,23.330413385827,17.0375197136));
#3755=CARTESIAN_POINT('Origin',(14.081663385827,30.830413385827,17.0375197136));
#3756=CARTESIAN_POINT('',(9.08166338582699,23.330413385827,17.0375197136));
#3757=CARTESIAN_POINT('',(26.9595816929135,23.330413385827,17.0375197136));
#3758=CARTESIAN_POINT('',(1.58166338582699,30.830413385827,17.0375197136));
#3759=CARTESIAN_POINT('Origin',(9.08166338582699,30.830413385827,17.0375197136));
#3760=CARTESIAN_POINT('',(1.58166338582699,35.830413385827,17.0375197136));
#3761=CARTESIAN_POINT('',(1.58166338582699,28.8339566929135,17.0375197136));
#3762=CARTESIAN_POINT('',(9.08166338582699,43.330413385827,17.0375197136));
#3763=CARTESIAN_POINT('Origin',(9.08166338582699,35.830413385827,17.0375197136));
#3764=CARTESIAN_POINT('',(17.9595816929135,43.330413385827,17.0375197136));
#3765=CARTESIAN_POINT('',(59.53,67.825,17.0375197136));
#3766=CARTESIAN_POINT('',(7.14374999511784,67.825,17.0375197136));
#3767=CARTESIAN_POINT('',(20.2406249975589,67.825,17.0375197136));
#3768=CARTESIAN_POINT('',(67.825,59.53,17.0375197136));
#3769=CARTESIAN_POINT('Origin',(59.53,59.53,17.0375197136));
#3770=CARTESIAN_POINT('',(67.825,53.056663385827,17.0375197136));
#3771=CARTESIAN_POINT('',(67.825,50.08125,17.0375197136));
#3772=CARTESIAN_POINT('',(59.53,44.761663385827,17.0375197136));
#3773=CARTESIAN_POINT('Origin',(59.53,53.056663385827,17.0375197136));
#3774=CARTESIAN_POINT('',(7.14500000000267,44.761663385827,17.0375197136));
#3775=CARTESIAN_POINT('',(50.08125,44.761663385827,17.0375197136));
#3776=CARTESIAN_POINT('',(-1.14999999999733,53.0566633858274,17.0375197136));
#3777=CARTESIAN_POINT('Origin',(7.14500000000267,53.056663385827,17.0375197136));
#3778=CARTESIAN_POINT('',(-1.149999999997,59.5312500000001,17.0375197136));
#3779=CARTESIAN_POINT('',(-1.14999999999801,39.5495816929144,17.0375197136));
#3780=CARTESIAN_POINT('Origin',(7.14375023251301,59.53124976749,17.0375197136));
#3781=CARTESIAN_POINT('',(35.512913385827,43.330413385827,17.0375197136));
#3782=CARTESIAN_POINT('',(30.512913385827,43.330413385827,17.0375197136));
#3783=CARTESIAN_POINT('',(28.6752066929135,43.330413385827,17.0375197136));
#3784=CARTESIAN_POINT('',(43.012913385827,35.830413385827,17.0375197136));
#3785=CARTESIAN_POINT('Origin',(35.512913385827,35.830413385827,17.0375197136));
#3786=CARTESIAN_POINT('',(43.012913385827,30.830413385827,17.0375197136));
#3787=CARTESIAN_POINT('',(43.012913385827,37.8339566929135,17.0375197136));
#3788=CARTESIAN_POINT('',(35.512913385827,23.330413385827,17.0375197136));
#3789=CARTESIAN_POINT('Origin',(35.512913385827,30.830413385827,17.0375197136));
#3790=CARTESIAN_POINT('',(30.512913385827,23.330413385827,17.0375197136));
#3791=CARTESIAN_POINT('',(37.6752066929135,23.330413385827,17.0375197136));
#3792=CARTESIAN_POINT('',(23.012913385827,30.830413385827,17.0375197136));
#3793=CARTESIAN_POINT('Origin',(30.512913385827,30.830413385827,17.0375197136));
#3794=CARTESIAN_POINT('',(23.012913385827,35.830413385827,17.0375197136));
#3795=CARTESIAN_POINT('',(23.012913385827,28.8339566929135,17.0375197136));
#3796=CARTESIAN_POINT('Origin',(30.512913385827,35.830413385827,17.0375197136));
#3797=CARTESIAN_POINT('',(14.081663385827,21.899163385827,17.0375197136));
#3798=CARTESIAN_POINT('',(9.08166338582699,21.899163385827,17.0375197136));
#3799=CARTESIAN_POINT('',(17.9595816929135,21.899163385827,17.0375197136));
#3800=CARTESIAN_POINT('',(21.581663385827,14.399163385827,17.0375197136));
#3801=CARTESIAN_POINT('Origin',(14.081663385827,14.399163385827,17.0375197136));
#3802=CARTESIAN_POINT('',(21.581663385827,9.39916338582701,17.0375197136));
#3803=CARTESIAN_POINT('',(21.581663385827,27.1183316929135,17.0375197136));
#3804=CARTESIAN_POINT('',(14.081663385827,1.89916338582701,17.0375197136));
#3805=CARTESIAN_POINT('Origin',(14.081663385827,9.39916338582701,17.0375197136));
#3806=CARTESIAN_POINT('',(9.08166338582699,1.89916338582701,17.0375197136));
#3807=CARTESIAN_POINT('',(26.9595816929135,1.89916338582701,17.0375197136));
#3808=CARTESIAN_POINT('',(1.58166338582699,9.39916338582701,17.0375197136));
#3809=CARTESIAN_POINT('Origin',(9.08166338582699,9.39916338582701,17.0375197136));
#3810=CARTESIAN_POINT('',(1.58166338582699,14.399163385827,17.0375197136));
#3811=CARTESIAN_POINT('',(1.58166338582699,18.1183316929135,17.0375197136));
#3812=CARTESIAN_POINT('Origin',(9.08166338582699,14.399163385827,17.0375197136));
#3813=CARTESIAN_POINT('',(51.944163385827,21.899163385827,17.0375197136));
#3814=CARTESIAN_POINT('',(44.444163385827,14.399163385827,17.0375197136));
#3815=CARTESIAN_POINT('Origin',(51.944163385827,14.399163385827,17.0375197136));
#3816=CARTESIAN_POINT('',(56.944163385827,21.899163385827,17.0375197136));
#3817=CARTESIAN_POINT('',(39.3908316929135,21.899163385827,17.0375197136));
#3818=CARTESIAN_POINT('',(64.444163385827,14.399163385827,17.0375197136));
#3819=CARTESIAN_POINT('Origin',(56.944163385827,14.399163385827,17.0375197136));
#3820=CARTESIAN_POINT('',(64.444163385827,9.39916338582701,17.0375197136));
#3821=CARTESIAN_POINT('',(64.444163385827,27.1183316929135,17.0375197136));
#3822=CARTESIAN_POINT('',(56.944163385827,1.89916338582701,17.0375197136));
#3823=CARTESIAN_POINT('Origin',(56.944163385827,9.39916338582701,17.0375197136));
#3824=CARTESIAN_POINT('',(51.944163385827,1.89916338582701,17.0375197136));
#3825=CARTESIAN_POINT('',(48.3908316929135,1.89916338582701,17.0375197136));
#3826=CARTESIAN_POINT('',(44.444163385827,9.39916338582701,17.0375197136));
#3827=CARTESIAN_POINT('Origin',(51.944163385827,9.39916338582701,17.0375197136));
#3828=CARTESIAN_POINT('',(44.444163385827,18.1183316929135,17.0375197136));
#3829=CARTESIAN_POINT('',(73.5069805153395,70.0069805153395,17.0375197136));
#3830=CARTESIAN_POINT('Origin',(70.0069805153395,70.0069805153395,17.0375197136));
#3831=CARTESIAN_POINT('',(0.168019484660541,-3.33198051533946,17.0375197136));
#3832=CARTESIAN_POINT('Origin',(-3.33198051533946,-3.33198051533946,17.0375197136));
#3833=CARTESIAN_POINT('',(73.5069805153395,-3.33198051533946,17.0375197136));
#3834=CARTESIAN_POINT('Origin',(70.0069805153395,-3.33198051533946,17.0375197136));
#3835=CARTESIAN_POINT('Origin',(70.007,70.007,13.));
#3836=CARTESIAN_POINT('',(76.824999999997,70.007,12.9995197136));
#3837=CARTESIAN_POINT('',(76.825,70.007,13.));
#3838=CARTESIAN_POINT('',(70.007,76.825,12.9995197136));
#3839=CARTESIAN_POINT('Origin',(70.007,70.007,12.9995197136));
#3840=CARTESIAN_POINT('',(70.007,76.825,13.));
#3841=CARTESIAN_POINT('Origin',(66.825,76.825,13.));
#3842=CARTESIAN_POINT('',(-10.149999999997,76.825,12.9995197136));
#3843=CARTESIAN_POINT('Origin',(33.3375,33.3375,12.9995197136));
#3844=CARTESIAN_POINT('',(76.824999999997,-3.332,12.9995197136));
#3845=CARTESIAN_POINT('',(76.824999999997,76.825,12.9995197136));
#3846=CARTESIAN_POINT('Origin',(70.007,-3.332,12.9995197136));
#3847=CARTESIAN_POINT('',(75.825,66.825,12.9995197136));
#3848=CARTESIAN_POINT('',(66.825,75.825,12.9995197136));
#3849=CARTESIAN_POINT('Origin',(66.825,66.825,12.9995197136));
#3850=CARTESIAN_POINT('',(7.14374983237909,75.825,12.9995197136));
#3851=CARTESIAN_POINT('',(66.825,75.825,12.9995197136));
#3852=CARTESIAN_POINT('',(-9.14999999999702,59.5312499865553,12.9995197136));
#3853=CARTESIAN_POINT('Origin',(7.14375023251301,59.53124976749,12.9995197136));
#3854=CARTESIAN_POINT('',(-9.15,-0.15000000000005,12.9995197136));
#3855=CARTESIAN_POINT('',(-9.14999999999701,59.5312499865553,12.9995197136));
#3856=CARTESIAN_POINT('',(-0.149999999999997,-9.15000000000001,12.9995197136));
#3857=CARTESIAN_POINT('Origin',(-0.149999999999994,-0.149999999999999,12.9995197136));
#3858=CARTESIAN_POINT('',(66.825,-9.14999999999999,12.9995197136));
#3859=CARTESIAN_POINT('',(-0.149999999999996,-9.15,12.9995197136));
#3860=CARTESIAN_POINT('',(75.825,-0.150000000000006,12.9995197136));
#3861=CARTESIAN_POINT('Origin',(66.825,-0.150000000000006,12.9995197136));
#3862=CARTESIAN_POINT('',(75.825,-0.150000000000005,12.9995197136));
#3863=CARTESIAN_POINT('Origin',(70.007,-3.332,13.));
#3864=CARTESIAN_POINT('',(76.825,-3.332,13.));
#3865=CARTESIAN_POINT('Origin',(-0.149999999999994,-0.149999999999999,17.0375197136));
#3866=CARTESIAN_POINT('',(-9.15,-0.15000000000005,13.));
#3867=CARTESIAN_POINT('',(-0.149999999999997,-9.15,13.));
#3868=CARTESIAN_POINT('Origin',(-0.149999999999998,-0.150000000000002,13.));
#3869=CARTESIAN_POINT('',(-0.149999999999996,-9.15,17.0375197136));
#3870=CARTESIAN_POINT('',(-9.15,-0.15000000000005,17.0375197136));
#3871=CARTESIAN_POINT('Origin',(-0.149999999999996,-9.15,17.0375197136));
#3872=CARTESIAN_POINT('',(66.825,-9.15,13.));
#3873=CARTESIAN_POINT('',(16.59375,-9.15,13.));
#3874=CARTESIAN_POINT('',(66.825,-9.15,17.0375197136));
#3875=CARTESIAN_POINT('Origin',(66.825,-0.150000000000006,17.0375197136));
#3876=CARTESIAN_POINT('',(75.825,-0.150000000000006,13.));
#3877=CARTESIAN_POINT('Origin',(66.825,-0.149999999999999,13.));
#3878=CARTESIAN_POINT('',(75.825,-0.150000000000005,17.0375197136));
#3879=CARTESIAN_POINT('Origin',(75.825,-0.150000000000005,17.0375197136));
#3880=CARTESIAN_POINT('',(75.825,66.825,13.));
#3881=CARTESIAN_POINT('',(75.825,16.59375,13.));
#3882=CARTESIAN_POINT('',(75.825,66.825,17.0375197136));
#3883=CARTESIAN_POINT('Origin',(-9.14999999999701,59.5312499865553,17.0375197136));
#3884=CARTESIAN_POINT('',(-9.14999999999701,59.5312499865553,13.));
#3885=CARTESIAN_POINT('',(-9.14999999999767,46.434375000001,13.));
#3886=CARTESIAN_POINT('',(-9.14999999999701,59.5312499865553,17.0375197136));
#3887=CARTESIAN_POINT('Origin',(7.14375023251301,59.53124976749,17.0375197136));
#3888=CARTESIAN_POINT('',(7.14374983237909,75.825,13.));
#3889=CARTESIAN_POINT('Origin',(7.14375023251301,59.53124976749,13.));
#3890=CARTESIAN_POINT('',(7.14374983237909,75.825,17.0375197136));
#3891=CARTESIAN_POINT('Origin',(66.825,75.825,17.0375197136));
#3892=CARTESIAN_POINT('',(66.825,75.825,13.));
#3893=CARTESIAN_POINT('',(50.08125,75.825,13.));
#3894=CARTESIAN_POINT('',(66.825,75.825,17.0375197136));
#3895=CARTESIAN_POINT('Origin',(66.825,66.825,17.0375197136));
#3896=CARTESIAN_POINT('Origin',(66.825,66.825,13.));
#3897=CARTESIAN_POINT('Origin',(70.0069805153395,70.0069805153395,14.0375197136));
#3898=CARTESIAN_POINT('',(71.3569805153395,70.0069805153395,14.0375197136));
#3899=CARTESIAN_POINT('Origin',(70.0069805153395,70.0069805153395,14.0375197136));
#3900=CARTESIAN_POINT('',(71.3569805153395,70.0069805153395,13.));
#3901=CARTESIAN_POINT('',(71.3569805153395,70.0069805153395,14.0375197136));
#3902=CARTESIAN_POINT('Origin',(70.0069805153395,70.0069805153395,13.));
#3903=CARTESIAN_POINT('Origin',(70.0069805153395,-3.33198051533946,14.0375197136));
#3904=CARTESIAN_POINT('',(71.3569805153395,-3.33198051533946,14.0375197136));
#3905=CARTESIAN_POINT('Origin',(70.0069805153395,-3.33198051533946,14.0375197136));
#3906=CARTESIAN_POINT('',(71.3569805153395,-3.33198051533946,13.));
#3907=CARTESIAN_POINT('',(71.3569805153395,-3.33198051533946,14.0375197136));
#3908=CARTESIAN_POINT('Origin',(70.0069805153395,-3.33198051533946,13.));
#3909=CARTESIAN_POINT('Origin',(-1.19569056538756,67.8706904996459,14.0375197136));
#3910=CARTESIAN_POINT('',(0.154309434612439,67.8706904996459,14.0375197136));
#3911=CARTESIAN_POINT('Origin',(-1.19569056538756,67.8706904996459,14.0375197136));
#3912=CARTESIAN_POINT('',(0.154309434612439,67.8706904996459,13.));
#3913=CARTESIAN_POINT('',(0.154309434612439,67.8706904996459,14.0375197136));
#3914=CARTESIAN_POINT('Origin',(-1.19569056538756,67.8706904996459,13.));
#3915=CARTESIAN_POINT('Origin',(-1.19569056538756,67.8706904996459,14.0375197136));
#3916=CARTESIAN_POINT('Origin',(-3.33198051533946,-3.33198051533946,14.0375197136));
#3917=CARTESIAN_POINT('',(-1.98198051533946,-3.33198051533946,14.0375197136));
#3918=CARTESIAN_POINT('Origin',(-3.33198051533946,-3.33198051533946,14.0375197136));
#3919=CARTESIAN_POINT('',(-1.98198051533946,-3.33198051533946,13.));
#3920=CARTESIAN_POINT('',(-1.98198051533946,-3.33198051533946,14.0375197136));
#3921=CARTESIAN_POINT('Origin',(-3.33198051533946,-3.33198051533946,13.));
#3922=CARTESIAN_POINT('Origin',(70.0069805153395,-3.33198051533946,17.0375197136));
#3923=CARTESIAN_POINT('',(73.5069805153395,-3.33198051533946,14.0375197136));
#3924=CARTESIAN_POINT('',(73.5069805153395,-3.33198051533946,17.0375197136));
#3925=CARTESIAN_POINT('Origin',(70.0069805153395,-3.33198051533946,14.0375197136));
#3926=CARTESIAN_POINT('Origin',(70.0069805153395,-3.33198051533946,14.0375197136));
#3927=CARTESIAN_POINT('Origin',(-3.33198051533946,-3.33198051533946,17.0375197136));
#3928=CARTESIAN_POINT('',(0.168019484660541,-3.33198051533946,14.0375197136));
#3929=CARTESIAN_POINT('',(0.168019484660541,-3.33198051533946,17.0375197136));
#3930=CARTESIAN_POINT('Origin',(-3.33198051533946,-3.33198051533946,14.0375197136));
#3931=CARTESIAN_POINT('Origin',(-3.33198051533946,-3.33198051533946,14.0375197136));
#3932=CARTESIAN_POINT('Origin',(70.0069805153395,70.0069805153395,17.0375197136));
#3933=CARTESIAN_POINT('',(73.5069805153395,70.0069805153395,14.0375197136));
#3934=CARTESIAN_POINT('',(73.5069805153395,70.0069805153395,17.0375197136));
#3935=CARTESIAN_POINT('Origin',(70.0069805153395,70.0069805153395,14.0375197136));
#3936=CARTESIAN_POINT('Origin',(70.0069805153395,70.0069805153395,14.0375197136));
#3937=CARTESIAN_POINT('Origin',(51.944163385827,30.830413385827,16.5375197136));
#3938=CARTESIAN_POINT('',(51.944163385827,24.330413385827,16.0375197136));
#3939=CARTESIAN_POINT('',(51.944163385827,23.330413385827,17.0375197136));
#3940=CARTESIAN_POINT('',(45.444163385827,30.830413385827,16.0375197136));
#3941=CARTESIAN_POINT('Origin',(51.944163385827,30.830413385827,16.0375197136));
#3942=CARTESIAN_POINT('',(45.444163385827,30.830413385827,16.0375197136));
#3943=CARTESIAN_POINT('Origin',(48.3908316929135,23.830413385827,16.5375197136));
#3944=CARTESIAN_POINT('',(56.944163385827,24.330413385827,16.0375197136));
#3945=CARTESIAN_POINT('',(56.944163385827,23.330413385827,17.0375197136));
#3946=CARTESIAN_POINT('',(48.3908316929135,24.330413385827,16.0375197136));
#3947=CARTESIAN_POINT('Origin',(56.944163385827,30.830413385827,16.5375197136));
#3948=CARTESIAN_POINT('',(63.444163385827,30.830413385827,16.0375197136));
#3949=CARTESIAN_POINT('',(64.444163385827,30.830413385827,17.0375197136));
#3950=CARTESIAN_POINT('Origin',(56.944163385827,30.830413385827,16.0375197136));
#3951=CARTESIAN_POINT('Origin',(63.944163385827,37.8339566929135,16.5375197136));
#3952=CARTESIAN_POINT('',(63.444163385827,35.830413385827,16.0375197136));
#3953=CARTESIAN_POINT('',(64.444163385827,35.830413385827,17.0375197136));
#3954=CARTESIAN_POINT('',(63.444163385827,37.8339566929135,16.0375197136));
#3955=CARTESIAN_POINT('Origin',(56.944163385827,35.830413385827,16.5375197136));
#3956=CARTESIAN_POINT('',(56.944163385827,42.330413385827,16.0375197136));
#3957=CARTESIAN_POINT('',(56.944163385827,43.330413385827,17.0375197136));
#3958=CARTESIAN_POINT('Origin',(56.944163385827,35.830413385827,16.0375197136));
#3959=CARTESIAN_POINT('Origin',(39.3908316929135,42.830413385827,16.5375197136));
#3960=CARTESIAN_POINT('',(51.944163385827,42.330413385827,16.0375197136));
#3961=CARTESIAN_POINT('',(51.944163385827,43.330413385827,17.0375197136));
#3962=CARTESIAN_POINT('',(39.3908316929135,42.330413385827,16.0375197136));
#3963=CARTESIAN_POINT('Origin',(51.944163385827,35.830413385827,16.5375197136));
#3964=CARTESIAN_POINT('',(45.444163385827,35.830413385827,16.0375197136));
#3965=CARTESIAN_POINT('',(44.444163385827,35.830413385827,17.0375197136));
#3966=CARTESIAN_POINT('Origin',(51.944163385827,35.830413385827,16.0375197136));
#3967=CARTESIAN_POINT('Origin',(44.944163385827,28.8339566929135,16.5375197136));
#3968=CARTESIAN_POINT('',(45.444163385827,28.8339566929135,16.0375197136));
#3969=CARTESIAN_POINT('Origin',(45.444163385827,42.330413385827,13.));
#3970=CARTESIAN_POINT('',(51.944163385827,42.330413385827,13.));
#3971=CARTESIAN_POINT('',(51.944163385827,42.330413385827,13.));
#3972=CARTESIAN_POINT('',(56.944163385827,42.330413385827,13.));
#3973=CARTESIAN_POINT('',(45.444163385827,42.330413385827,13.));
#3974=CARTESIAN_POINT('',(56.944163385827,42.330413385827,13.));
#3975=CARTESIAN_POINT('Origin',(51.944163385827,35.830413385827,13.));
#3976=CARTESIAN_POINT('',(45.444163385827,35.830413385827,13.));
#3977=CARTESIAN_POINT('',(45.444163385827,35.830413385827,13.));
#3978=CARTESIAN_POINT('Origin',(51.944163385827,35.830413385827,13.));
#3979=CARTESIAN_POINT('Origin',(45.444163385827,24.330413385827,13.));
#3980=CARTESIAN_POINT('',(45.444163385827,30.830413385827,13.));
#3981=CARTESIAN_POINT('',(45.444163385827,30.830413385827,13.));
#3982=CARTESIAN_POINT('',(45.444163385827,24.330413385827,13.));
#3983=CARTESIAN_POINT('Origin',(51.944163385827,30.830413385827,13.));
#3984=CARTESIAN_POINT('',(51.944163385827,24.330413385827,13.));
#3985=CARTESIAN_POINT('',(51.944163385827,24.330413385827,13.));
#3986=CARTESIAN_POINT('Origin',(51.944163385827,30.830413385827,13.));
#3987=CARTESIAN_POINT('Origin',(51.944163385827,14.399163385827,16.5375197136));
#3988=CARTESIAN_POINT('',(45.444163385827,14.399163385827,16.0375197136));
#3989=CARTESIAN_POINT('',(44.444163385827,14.399163385827,17.0375197136));
#3990=CARTESIAN_POINT('',(51.944163385827,20.899163385827,16.0375197136));
#3991=CARTESIAN_POINT('Origin',(51.944163385827,14.399163385827,16.0375197136));
#3992=CARTESIAN_POINT('',(51.944163385827,20.899163385827,16.0375197136));
#3993=CARTESIAN_POINT('Origin',(44.944163385827,18.1183316929135,16.5375197136));
#3994=CARTESIAN_POINT('',(45.444163385827,9.39916338582701,16.0375197136));
#3995=CARTESIAN_POINT('',(44.444163385827,9.39916338582701,17.0375197136));
#3996=CARTESIAN_POINT('',(45.444163385827,18.1183316929135,16.0375197136));
#3997=CARTESIAN_POINT('Origin',(51.944163385827,9.39916338582701,16.5375197136));
#3998=CARTESIAN_POINT('',(51.944163385827,2.89916338582701,16.0375197136));
#3999=CARTESIAN_POINT('',(51.944163385827,1.89916338582701,17.0375197136));
#4000=CARTESIAN_POINT('Origin',(51.944163385827,9.39916338582701,16.0375197136));
#4001=CARTESIAN_POINT('Origin',(48.3908316929135,2.39916338582701,16.5375197136));
#4002=CARTESIAN_POINT('',(56.944163385827,2.89916338582701,16.0375197136));
#4003=CARTESIAN_POINT('',(56.944163385827,1.89916338582701,17.0375197136));
#4004=CARTESIAN_POINT('',(48.3908316929135,2.89916338582701,16.0375197136));
#4005=CARTESIAN_POINT('Origin',(56.944163385827,9.39916338582701,16.5375197136));
#4006=CARTESIAN_POINT('',(63.444163385827,9.39916338582701,16.0375197136));
#4007=CARTESIAN_POINT('',(64.444163385827,9.39916338582701,17.0375197136));
#4008=CARTESIAN_POINT('Origin',(56.944163385827,9.39916338582701,16.0375197136));
#4009=CARTESIAN_POINT('Origin',(63.944163385827,27.1183316929135,16.5375197136));
#4010=CARTESIAN_POINT('',(63.444163385827,14.399163385827,16.0375197136));
#4011=CARTESIAN_POINT('',(64.444163385827,14.399163385827,17.0375197136));
#4012=CARTESIAN_POINT('',(63.444163385827,27.1183316929135,16.0375197136));
#4013=CARTESIAN_POINT('Origin',(56.944163385827,14.399163385827,16.5375197136));
#4014=CARTESIAN_POINT('',(56.944163385827,20.899163385827,16.0375197136));
#4015=CARTESIAN_POINT('',(56.944163385827,21.899163385827,17.0375197136));
#4016=CARTESIAN_POINT('Origin',(56.944163385827,14.399163385827,16.0375197136));
#4017=CARTESIAN_POINT('Origin',(39.3908316929135,21.399163385827,16.5375197136));
#4018=CARTESIAN_POINT('',(39.3908316929135,20.899163385827,16.0375197136));
#4019=CARTESIAN_POINT('Origin',(63.444163385827,20.899163385827,13.));
#4020=CARTESIAN_POINT('',(63.444163385827,14.399163385827,13.));
#4021=CARTESIAN_POINT('',(63.444163385827,14.399163385827,13.));
#4022=CARTESIAN_POINT('',(63.444163385827,9.39916338582701,13.));
#4023=CARTESIAN_POINT('',(63.444163385827,2.89916338582701,13.));
#4024=CARTESIAN_POINT('',(63.444163385827,9.39916338582701,13.));
#4025=CARTESIAN_POINT('Origin',(56.944163385827,14.399163385827,13.));
#4026=CARTESIAN_POINT('',(56.944163385827,20.899163385827,13.));
#4027=CARTESIAN_POINT('',(56.944163385827,20.899163385827,13.));
#4028=CARTESIAN_POINT('Origin',(56.944163385827,14.399163385827,13.));
#4029=CARTESIAN_POINT('Origin',(45.444163385827,20.899163385827,13.));
#4030=CARTESIAN_POINT('',(51.944163385827,20.899163385827,13.));
#4031=CARTESIAN_POINT('',(51.944163385827,20.899163385827,13.));
#4032=CARTESIAN_POINT('',(42.012913385827,20.899163385827,13.));
#4033=CARTESIAN_POINT('Origin',(51.944163385827,14.399163385827,13.));
#4034=CARTESIAN_POINT('',(45.444163385827,14.399163385827,13.));
#4035=CARTESIAN_POINT('',(45.444163385827,14.399163385827,13.));
#4036=CARTESIAN_POINT('Origin',(51.944163385827,14.399163385827,13.));
#4037=CARTESIAN_POINT('Origin',(28.6752066929135,21.399163385827,16.5375197136));
#4038=CARTESIAN_POINT('',(35.512913385827,20.899163385827,16.0375197136));
#4039=CARTESIAN_POINT('',(35.512913385827,20.899163385827,16.0375197136));
#4040=CARTESIAN_POINT('',(30.512913385827,20.899163385827,16.0375197136));
#4041=CARTESIAN_POINT('',(30.512913385827,21.899163385827,17.0375197136));
#4042=CARTESIAN_POINT('',(28.6752066929135,20.899163385827,16.0375197136));
#4043=CARTESIAN_POINT('Origin',(35.512913385827,14.399163385827,16.5375197136));
#4044=CARTESIAN_POINT('',(42.012913385827,14.399163385827,16.0375197136));
#4045=CARTESIAN_POINT('Origin',(35.512913385827,14.399163385827,16.0375197136));
#4046=CARTESIAN_POINT('',(42.012913385827,14.399163385827,16.0375197136));
#4047=CARTESIAN_POINT('Origin',(42.512913385827,27.1183316929135,16.5375197136));
#4048=CARTESIAN_POINT('',(42.012913385827,9.39916338582701,16.0375197136));
#4049=CARTESIAN_POINT('',(42.012913385827,9.39916338582701,16.0375197136));
#4050=CARTESIAN_POINT('',(42.012913385827,27.1183316929135,16.0375197136));
#4051=CARTESIAN_POINT('Origin',(35.512913385827,9.39916338582701,16.5375197136));
#4052=CARTESIAN_POINT('',(35.512913385827,2.89916338582701,16.0375197136));
#4053=CARTESIAN_POINT('Origin',(35.512913385827,9.39916338582701,16.0375197136));
#4054=CARTESIAN_POINT('',(35.512913385827,2.89916338582701,16.0375197136));
#4055=CARTESIAN_POINT('Origin',(37.6752066929135,2.39916338582701,16.5375197136));
#4056=CARTESIAN_POINT('',(30.512913385827,2.89916338582701,16.0375197136));
#4057=CARTESIAN_POINT('',(30.512913385827,2.89916338582701,16.0375197136));
#4058=CARTESIAN_POINT('',(37.6752066929135,2.89916338582701,16.0375197136));
#4059=CARTESIAN_POINT('Origin',(30.512913385827,9.39916338582701,16.5375197136));
#4060=CARTESIAN_POINT('',(24.012913385827,9.39916338582701,16.0375197136));
#4061=CARTESIAN_POINT('Origin',(30.512913385827,9.39916338582701,16.0375197136));
#4062=CARTESIAN_POINT('',(24.012913385827,9.39916338582701,16.0375197136));
#4063=CARTESIAN_POINT('Origin',(23.512913385827,18.1183316929135,16.5375197136));
#4064=CARTESIAN_POINT('',(24.012913385827,14.399163385827,16.0375197136));
#4065=CARTESIAN_POINT('',(24.012913385827,14.399163385827,16.0375197136));
#4066=CARTESIAN_POINT('',(24.012913385827,18.1183316929135,16.0375197136));
#4067=CARTESIAN_POINT('Origin',(30.512913385827,14.399163385827,16.5375197136));
#4068=CARTESIAN_POINT('Origin',(30.512913385827,14.399163385827,16.0375197136));
#4069=CARTESIAN_POINT('Origin',(35.512913385827,9.39916338582701,13.));
#4070=CARTESIAN_POINT('',(42.012913385827,9.39916338582701,13.));
#4071=CARTESIAN_POINT('',(42.012913385827,9.39916338582701,13.));
#4072=CARTESIAN_POINT('',(35.512913385827,2.89916338582701,13.));
#4073=CARTESIAN_POINT('Origin',(35.512913385827,9.39916338582701,13.));
#4074=CARTESIAN_POINT('',(35.512913385827,2.89916338582701,13.));
#4075=CARTESIAN_POINT('Origin',(42.012913385827,20.899163385827,13.));
#4076=CARTESIAN_POINT('',(42.012913385827,14.399163385827,13.));
#4077=CARTESIAN_POINT('',(42.012913385827,14.399163385827,13.));
#4078=CARTESIAN_POINT('',(42.012913385827,20.899163385827,13.));
#4079=CARTESIAN_POINT('Origin',(35.512913385827,14.399163385827,13.));
#4080=CARTESIAN_POINT('',(35.512913385827,20.899163385827,13.));
#4081=CARTESIAN_POINT('',(35.512913385827,20.899163385827,13.));
#4082=CARTESIAN_POINT('Origin',(35.512913385827,14.399163385827,13.));
#4083=CARTESIAN_POINT('Origin',(24.012913385827,20.899163385827,13.));
#4084=CARTESIAN_POINT('',(30.512913385827,20.899163385827,13.));
#4085=CARTESIAN_POINT('',(30.512913385827,20.899163385827,13.));
#4086=CARTESIAN_POINT('',(24.012913385827,20.899163385827,13.));
#4087=CARTESIAN_POINT('Origin',(17.9595816929135,21.399163385827,16.5375197136));
#4088=CARTESIAN_POINT('',(14.081663385827,20.899163385827,16.0375197136));
#4089=CARTESIAN_POINT('',(14.081663385827,20.899163385827,16.0375197136));
#4090=CARTESIAN_POINT('',(9.08166338582699,20.899163385827,16.0375197136));
#4091=CARTESIAN_POINT('',(9.08166338582699,21.899163385827,17.0375197136));
#4092=CARTESIAN_POINT('',(17.9595816929135,20.899163385827,16.0375197136));
#4093=CARTESIAN_POINT('Origin',(14.081663385827,14.399163385827,16.5375197136));
#4094=CARTESIAN_POINT('',(20.581663385827,14.399163385827,16.0375197136));
#4095=CARTESIAN_POINT('Origin',(14.081663385827,14.399163385827,16.0375197136));
#4096=CARTESIAN_POINT('',(20.581663385827,14.399163385827,16.0375197136));
#4097=CARTESIAN_POINT('Origin',(21.081663385827,27.1183316929135,16.5375197136));
#4098=CARTESIAN_POINT('',(20.581663385827,9.39916338582701,16.0375197136));
#4099=CARTESIAN_POINT('',(20.581663385827,9.39916338582701,16.0375197136));
#4100=CARTESIAN_POINT('',(20.581663385827,27.1183316929135,16.0375197136));
#4101=CARTESIAN_POINT('Origin',(14.081663385827,9.39916338582701,16.5375197136));
#4102=CARTESIAN_POINT('',(14.081663385827,2.89916338582701,16.0375197136));
#4103=CARTESIAN_POINT('Origin',(14.081663385827,9.39916338582701,16.0375197136));
#4104=CARTESIAN_POINT('',(14.081663385827,2.89916338582701,16.0375197136));
#4105=CARTESIAN_POINT('Origin',(26.9595816929135,2.39916338582701,16.5375197136));
#4106=CARTESIAN_POINT('',(9.08166338582699,2.89916338582701,16.0375197136));
#4107=CARTESIAN_POINT('',(9.08166338582699,2.89916338582701,16.0375197136));
#4108=CARTESIAN_POINT('',(26.9595816929135,2.89916338582701,16.0375197136));
#4109=CARTESIAN_POINT('Origin',(9.08166338582699,9.39916338582701,16.5375197136));
#4110=CARTESIAN_POINT('',(2.58166338582699,9.39916338582701,16.0375197136));
#4111=CARTESIAN_POINT('Origin',(9.08166338582699,9.39916338582701,16.0375197136));
#4112=CARTESIAN_POINT('',(2.58166338582699,9.39916338582701,16.0375197136));
#4113=CARTESIAN_POINT('Origin',(2.08166338582699,18.1183316929135,16.5375197136));
#4114=CARTESIAN_POINT('',(2.58166338582699,14.399163385827,16.0375197136));
#4115=CARTESIAN_POINT('',(2.58166338582699,14.399163385827,16.0375197136));
#4116=CARTESIAN_POINT('',(2.58166338582699,18.1183316929135,16.0375197136));
#4117=CARTESIAN_POINT('Origin',(9.08166338582699,14.399163385827,16.5375197136));
#4118=CARTESIAN_POINT('Origin',(9.08166338582699,14.399163385827,16.0375197136));
#4119=CARTESIAN_POINT('Origin',(14.081663385827,9.39916338582701,13.));
#4120=CARTESIAN_POINT('',(20.581663385827,9.39916338582701,13.));
#4121=CARTESIAN_POINT('',(20.581663385827,9.39916338582701,13.));
#4122=CARTESIAN_POINT('',(14.081663385827,2.89916338582701,13.));
#4123=CARTESIAN_POINT('Origin',(14.081663385827,9.39916338582701,13.));
#4124=CARTESIAN_POINT('',(14.081663385827,2.89916338582701,13.));
#4125=CARTESIAN_POINT('Origin',(20.581663385827,20.899163385827,13.));
#4126=CARTESIAN_POINT('',(20.581663385827,14.399163385827,13.));
#4127=CARTESIAN_POINT('',(20.581663385827,14.399163385827,13.));
#4128=CARTESIAN_POINT('',(20.581663385827,20.899163385827,13.));
#4129=CARTESIAN_POINT('Origin',(14.081663385827,14.399163385827,13.));
#4130=CARTESIAN_POINT('',(14.081663385827,20.899163385827,13.));
#4131=CARTESIAN_POINT('',(14.081663385827,20.899163385827,13.));
#4132=CARTESIAN_POINT('Origin',(14.081663385827,14.399163385827,13.));
#4133=CARTESIAN_POINT('Origin',(2.58166338582699,20.899163385827,13.));
#4134=CARTESIAN_POINT('',(9.08166338582699,20.899163385827,13.));
#4135=CARTESIAN_POINT('',(9.08166338582699,20.899163385827,13.));
#4136=CARTESIAN_POINT('',(2.58166338582699,20.899163385827,13.));
#4137=CARTESIAN_POINT('Origin',(14.081663385827,35.830413385827,16.5375197136));
#4138=CARTESIAN_POINT('',(14.081663385827,42.330413385827,16.0375197136));
#4139=CARTESIAN_POINT('',(14.081663385827,43.330413385827,17.0375197136));
#4140=CARTESIAN_POINT('',(20.581663385827,35.830413385827,16.0375197136));
#4141=CARTESIAN_POINT('Origin',(14.081663385827,35.830413385827,16.0375197136));
#4142=CARTESIAN_POINT('',(20.581663385827,35.830413385827,16.0375197136));
#4143=CARTESIAN_POINT('Origin',(17.9595816929135,42.830413385827,16.5375197136));
#4144=CARTESIAN_POINT('',(9.08166338582699,42.330413385827,16.0375197136));
#4145=CARTESIAN_POINT('',(9.08166338582699,43.330413385827,17.0375197136));
#4146=CARTESIAN_POINT('',(17.9595816929135,42.330413385827,16.0375197136));
#4147=CARTESIAN_POINT('Origin',(9.08166338582699,35.830413385827,16.5375197136));
#4148=CARTESIAN_POINT('',(2.58166338582699,35.830413385827,16.0375197136));
#4149=CARTESIAN_POINT('',(1.58166338582699,35.830413385827,17.0375197136));
#4150=CARTESIAN_POINT('Origin',(9.08166338582699,35.830413385827,16.0375197136));
#4151=CARTESIAN_POINT('Origin',(2.08166338582699,28.8339566929135,16.5375197136));
#4152=CARTESIAN_POINT('',(2.58166338582699,30.830413385827,16.0375197136));
#4153=CARTESIAN_POINT('',(1.58166338582699,30.830413385827,17.0375197136));
#4154=CARTESIAN_POINT('',(2.58166338582699,28.8339566929135,16.0375197136));
#4155=CARTESIAN_POINT('Origin',(9.08166338582699,30.830413385827,16.5375197136));
#4156=CARTESIAN_POINT('',(9.08166338582699,24.330413385827,16.0375197136));
#4157=CARTESIAN_POINT('',(9.08166338582699,23.330413385827,17.0375197136));
#4158=CARTESIAN_POINT('Origin',(9.08166338582699,30.830413385827,16.0375197136));
#4159=CARTESIAN_POINT('Origin',(26.9595816929135,23.830413385827,16.5375197136));
#4160=CARTESIAN_POINT('',(14.081663385827,24.330413385827,16.0375197136));
#4161=CARTESIAN_POINT('',(14.081663385827,23.330413385827,17.0375197136));
#4162=CARTESIAN_POINT('',(26.9595816929135,24.330413385827,16.0375197136));
#4163=CARTESIAN_POINT('Origin',(14.081663385827,30.830413385827,16.5375197136));
#4164=CARTESIAN_POINT('',(20.581663385827,30.830413385827,16.0375197136));
#4165=CARTESIAN_POINT('',(21.581663385827,30.830413385827,17.0375197136));
#4166=CARTESIAN_POINT('Origin',(14.081663385827,30.830413385827,16.0375197136));
#4167=CARTESIAN_POINT('Origin',(21.081663385827,37.8339566929135,16.5375197136));
#4168=CARTESIAN_POINT('',(20.581663385827,37.8339566929135,16.0375197136));
#4169=CARTESIAN_POINT('Origin',(20.581663385827,24.330413385827,13.));
#4170=CARTESIAN_POINT('',(14.081663385827,24.330413385827,13.));
#4171=CARTESIAN_POINT('',(14.081663385827,24.330413385827,13.));
#4172=CARTESIAN_POINT('',(9.08166338582699,24.330413385827,13.));
#4173=CARTESIAN_POINT('',(20.581663385827,24.330413385827,13.));
#4174=CARTESIAN_POINT('',(9.08166338582699,24.330413385827,13.));
#4175=CARTESIAN_POINT('Origin',(14.081663385827,30.830413385827,13.));
#4176=CARTESIAN_POINT('',(20.581663385827,30.830413385827,13.));
#4177=CARTESIAN_POINT('',(20.581663385827,30.830413385827,13.));
#4178=CARTESIAN_POINT('Origin',(14.081663385827,30.830413385827,13.));
#4179=CARTESIAN_POINT('Origin',(20.581663385827,42.330413385827,13.));
#4180=CARTESIAN_POINT('',(20.581663385827,35.830413385827,13.));
#4181=CARTESIAN_POINT('',(20.581663385827,35.830413385827,13.));
#4182=CARTESIAN_POINT('',(20.581663385827,42.330413385827,13.));
#4183=CARTESIAN_POINT('Origin',(14.081663385827,35.830413385827,13.));
#4184=CARTESIAN_POINT('',(14.081663385827,42.330413385827,13.));
#4185=CARTESIAN_POINT('',(14.081663385827,42.330413385827,13.));
#4186=CARTESIAN_POINT('Origin',(14.081663385827,35.830413385827,13.));
#4187=CARTESIAN_POINT('Origin',(28.6752066929135,42.830413385827,16.5375197136));
#4188=CARTESIAN_POINT('',(35.512913385827,42.330413385827,16.0375197136));
#4189=CARTESIAN_POINT('',(35.512913385827,42.330413385827,16.0375197136));
#4190=CARTESIAN_POINT('',(30.512913385827,42.330413385827,16.0375197136));
#4191=CARTESIAN_POINT('',(30.512913385827,43.330413385827,17.0375197136));
#4192=CARTESIAN_POINT('',(28.6752066929135,42.330413385827,16.0375197136));
#4193=CARTESIAN_POINT('Origin',(35.512913385827,35.830413385827,16.5375197136));
#4194=CARTESIAN_POINT('',(42.012913385827,35.830413385827,16.0375197136));
#4195=CARTESIAN_POINT('Origin',(35.512913385827,35.830413385827,16.0375197136));
#4196=CARTESIAN_POINT('',(42.012913385827,35.830413385827,16.0375197136));
#4197=CARTESIAN_POINT('Origin',(42.512913385827,37.8339566929135,16.5375197136));
#4198=CARTESIAN_POINT('',(42.012913385827,30.830413385827,16.0375197136));
#4199=CARTESIAN_POINT('',(42.012913385827,30.830413385827,16.0375197136));
#4200=CARTESIAN_POINT('',(42.012913385827,37.8339566929135,16.0375197136));
#4201=CARTESIAN_POINT('Origin',(35.512913385827,30.830413385827,16.5375197136));
#4202=CARTESIAN_POINT('',(35.512913385827,24.330413385827,16.0375197136));
#4203=CARTESIAN_POINT('Origin',(35.512913385827,30.830413385827,16.0375197136));
#4204=CARTESIAN_POINT('',(35.512913385827,24.330413385827,16.0375197136));
#4205=CARTESIAN_POINT('Origin',(37.6752066929135,23.830413385827,16.5375197136));
#4206=CARTESIAN_POINT('',(30.512913385827,24.330413385827,16.0375197136));
#4207=CARTESIAN_POINT('',(30.512913385827,24.330413385827,16.0375197136));
#4208=CARTESIAN_POINT('',(37.6752066929135,24.330413385827,16.0375197136));
#4209=CARTESIAN_POINT('Origin',(30.512913385827,30.830413385827,16.5375197136));
#4210=CARTESIAN_POINT('',(24.012913385827,30.830413385827,16.0375197136));
#4211=CARTESIAN_POINT('Origin',(30.512913385827,30.830413385827,16.0375197136));
#4212=CARTESIAN_POINT('',(24.012913385827,30.830413385827,16.0375197136));
#4213=CARTESIAN_POINT('Origin',(23.512913385827,28.8339566929135,16.5375197136));
#4214=CARTESIAN_POINT('',(24.012913385827,35.830413385827,16.0375197136));
#4215=CARTESIAN_POINT('',(24.012913385827,35.830413385827,16.0375197136));
#4216=CARTESIAN_POINT('',(24.012913385827,28.8339566929135,16.0375197136));
#4217=CARTESIAN_POINT('Origin',(30.512913385827,35.830413385827,16.5375197136));
#4218=CARTESIAN_POINT('Origin',(30.512913385827,35.830413385827,16.0375197136));
#4219=CARTESIAN_POINT('Origin',(35.512913385827,30.830413385827,13.));
#4220=CARTESIAN_POINT('',(42.012913385827,30.830413385827,13.));
#4221=CARTESIAN_POINT('',(42.012913385827,30.830413385827,13.));
#4222=CARTESIAN_POINT('',(35.512913385827,24.330413385827,13.));
#4223=CARTESIAN_POINT('Origin',(35.512913385827,30.830413385827,13.));
#4224=CARTESIAN_POINT('',(35.512913385827,24.330413385827,13.));
#4225=CARTESIAN_POINT('Origin',(42.012913385827,42.330413385827,13.));
#4226=CARTESIAN_POINT('',(42.012913385827,35.830413385827,13.));
#4227=CARTESIAN_POINT('',(42.012913385827,35.830413385827,13.));
#4228=CARTESIAN_POINT('',(42.012913385827,42.330413385827,13.));
#4229=CARTESIAN_POINT('Origin',(35.512913385827,35.830413385827,13.));
#4230=CARTESIAN_POINT('',(35.512913385827,42.330413385827,13.));
#4231=CARTESIAN_POINT('',(35.512913385827,42.330413385827,13.));
#4232=CARTESIAN_POINT('Origin',(35.512913385827,35.830413385827,13.));
#4233=CARTESIAN_POINT('Origin',(24.012913385827,42.330413385827,13.));
#4234=CARTESIAN_POINT('',(30.512913385827,42.330413385827,13.));
#4235=CARTESIAN_POINT('',(30.512913385827,42.330413385827,13.));
#4236=CARTESIAN_POINT('',(24.012913385827,42.330413385827,13.));
#4237=CARTESIAN_POINT('Origin',(20.2406249975589,67.325,16.5375197136));
#4238=CARTESIAN_POINT('',(59.53,66.825,16.0375197136));
#4239=CARTESIAN_POINT('',(59.53,66.825,16.0375197136));
#4240=CARTESIAN_POINT('',(7.14374999511784,66.825,16.0375197136));
#4241=CARTESIAN_POINT('',(7.14374999511784,67.825,17.0375197136));
#4242=CARTESIAN_POINT('',(20.2406249975589,66.825,16.0375197136));
#4243=CARTESIAN_POINT('Origin',(59.53,59.53,16.5375197136));
#4244=CARTESIAN_POINT('',(66.825,59.53,16.0375197136));
#4245=CARTESIAN_POINT('Origin',(59.53,59.53,16.0375197136));
#4246=CARTESIAN_POINT('',(66.825,59.53,16.0375197136));
#4247=CARTESIAN_POINT('Origin',(67.325,50.08125,16.5375197136));
#4248=CARTESIAN_POINT('',(66.825,53.056663385827,16.0375197136));
#4249=CARTESIAN_POINT('',(66.825,53.056663385827,16.0375197136));
#4250=CARTESIAN_POINT('',(66.825,50.08125,16.0375197136));
#4251=CARTESIAN_POINT('Origin',(59.53,53.056663385827,16.5375197136));
#4252=CARTESIAN_POINT('',(59.53,45.761663385827,16.0375197136));
#4253=CARTESIAN_POINT('Origin',(59.53,53.056663385827,16.0375197136));
#4254=CARTESIAN_POINT('',(59.53,45.761663385827,16.0375197136));
#4255=CARTESIAN_POINT('Origin',(50.08125,45.261663385827,16.5375197136));
#4256=CARTESIAN_POINT('',(7.14500000000267,45.761663385827,16.0375197136));
#4257=CARTESIAN_POINT('',(7.14500000000267,45.761663385827,16.0375197136));
#4258=CARTESIAN_POINT('',(50.08125,45.761663385827,16.0375197136));
#4259=CARTESIAN_POINT('Origin',(7.14500000000267,53.056663385827,16.5375197136));
#4260=CARTESIAN_POINT('',(-0.14999999999733,53.0566633858274,16.0375197136));
#4261=CARTESIAN_POINT('Origin',(7.14500000000267,53.056663385827,16.0375197136));
#4262=CARTESIAN_POINT('',(-0.14999999999733,53.0566633858274,16.0375197136));
#4263=CARTESIAN_POINT('Origin',(-0.649999999998006,39.5495816929144,16.5375197136));
#4264=CARTESIAN_POINT('',(-0.149999999997005,59.53125,16.0375197136));
#4265=CARTESIAN_POINT('',(-0.149999999997005,59.53125,16.0375197136));
#4266=CARTESIAN_POINT('',(-0.149999999998006,39.5495816929143,16.0375197136));
#4267=CARTESIAN_POINT('Origin',(7.14375023251301,59.53124976749,16.5375197136));
#4268=CARTESIAN_POINT('Origin',(7.14375023251301,59.53124976749,16.0375197136));
#4269=CARTESIAN_POINT('Origin',(59.53,53.056663385827,13.));
#4270=CARTESIAN_POINT('',(66.825,53.056663385827,13.));
#4271=CARTESIAN_POINT('',(66.825,53.056663385827,13.));
#4272=CARTESIAN_POINT('',(59.53,45.761663385827,13.));
#4273=CARTESIAN_POINT('Origin',(59.53,53.056663385827,13.));
#4274=CARTESIAN_POINT('',(59.53,45.761663385827,13.));
#4275=CARTESIAN_POINT('Origin',(66.825,66.825,13.));
#4276=CARTESIAN_POINT('',(66.825,59.53,13.));
#4277=CARTESIAN_POINT('',(66.825,59.53,13.));
#4278=CARTESIAN_POINT('',(66.825,66.825,13.));
#4279=CARTESIAN_POINT('Origin',(59.53,59.53,13.));
#4280=CARTESIAN_POINT('',(59.53,66.825,13.));
#4281=CARTESIAN_POINT('',(59.53,66.825,13.));
#4282=CARTESIAN_POINT('Origin',(59.53,59.53,13.));
#4283=CARTESIAN_POINT('Origin',(7.14374999511784,66.825,13.));
#4284=CARTESIAN_POINT('',(7.14374999511784,66.825,13.));
#4285=CARTESIAN_POINT('',(7.14374999511784,66.825,13.));
#4286=CARTESIAN_POINT('',(7.14374999511784,66.825,13.));
#4287=CARTESIAN_POINT('Origin',(76.825,-0.150000000000006,13.));
#4288=CARTESIAN_POINT('Origin',(33.3375,33.3375,13.));
#4289=CARTESIAN_POINT('',(2.58166338582699,35.830413385827,13.));
#4290=CARTESIAN_POINT('',(9.08166338582699,42.330413385827,13.));
#4291=CARTESIAN_POINT('Origin',(9.08166338582699,35.830413385827,13.));
#4292=CARTESIAN_POINT('',(2.58166338582699,30.830413385827,13.));
#4293=CARTESIAN_POINT('',(2.58166338582699,24.330413385827,13.));
#4294=CARTESIAN_POINT('Origin',(9.08166338582699,30.830413385827,13.));
#4295=CARTESIAN_POINT('',(2.58166338582699,42.330413385827,13.));
#4296=CARTESIAN_POINT('',(24.012913385827,35.830413385827,13.));
#4297=CARTESIAN_POINT('Origin',(30.512913385827,35.830413385827,13.));
#4298=CARTESIAN_POINT('',(24.012913385827,30.830413385827,13.));
#4299=CARTESIAN_POINT('',(24.012913385827,24.330413385827,13.));
#4300=CARTESIAN_POINT('',(30.512913385827,24.330413385827,13.));
#4301=CARTESIAN_POINT('Origin',(30.512913385827,30.830413385827,13.));
#4302=CARTESIAN_POINT('',(42.012913385827,24.330413385827,13.));
#4303=CARTESIAN_POINT('',(56.944163385827,24.330413385827,13.));
#4304=CARTESIAN_POINT('',(63.444163385827,24.330413385827,13.));
#4305=CARTESIAN_POINT('',(63.444163385827,30.830413385827,13.));
#4306=CARTESIAN_POINT('Origin',(56.944163385827,30.830413385827,13.));
#4307=CARTESIAN_POINT('',(63.444163385827,35.830413385827,13.));
#4308=CARTESIAN_POINT('',(63.444163385827,42.330413385827,13.));
#4309=CARTESIAN_POINT('Origin',(56.944163385827,35.830413385827,13.));
#4310=CARTESIAN_POINT('',(2.58166338582699,14.399163385827,13.));
#4311=CARTESIAN_POINT('Origin',(9.08166338582699,14.399163385827,13.));
#4312=CARTESIAN_POINT('',(2.58166338582699,9.39916338582701,13.));
#4313=CARTESIAN_POINT('',(2.58166338582699,2.89916338582701,13.));
#4314=CARTESIAN_POINT('',(9.08166338582699,2.89916338582701,13.));
#4315=CARTESIAN_POINT('Origin',(9.08166338582699,9.39916338582701,13.));
#4316=CARTESIAN_POINT('',(20.581663385827,2.89916338582701,13.));
#4317=CARTESIAN_POINT('',(51.944163385827,2.89916338582701,13.));
#4318=CARTESIAN_POINT('',(45.444163385827,9.39916338582701,13.));
#4319=CARTESIAN_POINT('Origin',(51.944163385827,9.39916338582701,13.));
#4320=CARTESIAN_POINT('',(56.944163385827,2.89916338582701,13.));
#4321=CARTESIAN_POINT('',(42.012913385827,2.89916338582701,13.));
#4322=CARTESIAN_POINT('Origin',(56.944163385827,9.39916338582701,13.));
#4323=CARTESIAN_POINT('',(45.444163385827,24.330413385827,13.));
#4324=CARTESIAN_POINT('',(24.012913385827,14.399163385827,13.));
#4325=CARTESIAN_POINT('Origin',(30.512913385827,14.399163385827,13.));
#4326=CARTESIAN_POINT('',(24.012913385827,9.39916338582701,13.));
#4327=CARTESIAN_POINT('',(24.012913385827,2.89916338582701,13.));
#4328=CARTESIAN_POINT('',(30.512913385827,2.89916338582701,13.));
#4329=CARTESIAN_POINT('Origin',(30.512913385827,9.39916338582701,13.));
#4330=CARTESIAN_POINT('',(42.012913385827,2.89916338582701,13.));
#4331=CARTESIAN_POINT('',(-0.149999999997005,59.53125,13.));
#4332=CARTESIAN_POINT('Origin',(7.14375023251301,59.53124976749,13.));
#4333=CARTESIAN_POINT('',(-0.149999999997329,53.0566633858274,13.));
#4334=CARTESIAN_POINT('',(-0.149999999999997,-0.149999999999997,13.));
#4335=CARTESIAN_POINT('',(7.14500000000267,45.761663385827,13.));
#4336=CARTESIAN_POINT('Origin',(7.14500000000267,53.056663385827,13.));
#4337=CARTESIAN_POINT('',(-0.149999999997695,45.761663385827,13.));
#4338=CARTESIAN_POINT('Origin',(7.14500000000267,53.056663385827,13.));
#4339=CARTESIAN_POINT('',(7.14500000000267,45.761663385827,13.));
#4340=CARTESIAN_POINT('',(-0.14999999999733,53.0566633858274,13.));
#4341=CARTESIAN_POINT('Origin',(-0.149999999997695,45.761663385827,13.));
#4342=CARTESIAN_POINT('',(-0.149999999997005,59.53125,13.));
#4343=CARTESIAN_POINT('Origin',(66.825,45.761663385827,13.));
#4344=CARTESIAN_POINT('Origin',(20.581663385827,2.89916338582701,13.));
#4345=CARTESIAN_POINT('',(9.08166338582699,2.89916338582701,13.));
#4346=CARTESIAN_POINT('Origin',(9.08166338582699,9.39916338582701,13.));
#4347=CARTESIAN_POINT('',(2.58166338582699,9.39916338582701,13.));
#4348=CARTESIAN_POINT('Origin',(2.58166338582699,2.89916338582701,13.));
#4349=CARTESIAN_POINT('',(2.58166338582699,14.399163385827,13.));
#4350=CARTESIAN_POINT('Origin',(9.08166338582699,14.399163385827,13.));
#4351=CARTESIAN_POINT('Origin',(56.944163385827,35.830413385827,13.));
#4352=CARTESIAN_POINT('',(63.444163385827,35.830413385827,13.));
#4353=CARTESIAN_POINT('Origin',(63.444163385827,42.330413385827,13.));
#4354=CARTESIAN_POINT('',(63.444163385827,30.830413385827,13.));
#4355=CARTESIAN_POINT('Origin',(56.944163385827,30.830413385827,13.));
#4356=CARTESIAN_POINT('',(56.944163385827,24.330413385827,13.));
#4357=CARTESIAN_POINT('Origin',(63.444163385827,24.330413385827,13.));
#4358=CARTESIAN_POINT('Origin',(56.944163385827,9.39916338582701,13.));
#4359=CARTESIAN_POINT('',(56.944163385827,2.89916338582701,13.));
#4360=CARTESIAN_POINT('Origin',(63.444163385827,2.89916338582701,13.));
#4361=CARTESIAN_POINT('',(51.944163385827,2.89916338582701,13.));
#4362=CARTESIAN_POINT('Origin',(42.012913385827,2.89916338582701,13.));
#4363=CARTESIAN_POINT('',(30.512913385827,2.89916338582701,13.));
#4364=CARTESIAN_POINT('Origin',(51.944163385827,9.39916338582701,13.));
#4365=CARTESIAN_POINT('',(45.444163385827,9.39916338582701,13.));
#4366=CARTESIAN_POINT('Origin',(45.444163385827,2.89916338582701,13.));
#4367=CARTESIAN_POINT('Origin',(30.512913385827,9.39916338582701,13.));
#4368=CARTESIAN_POINT('',(24.012913385827,9.39916338582701,13.));
#4369=CARTESIAN_POINT('Origin',(24.012913385827,2.89916338582701,13.));
#4370=CARTESIAN_POINT('',(24.012913385827,14.399163385827,13.));
#4371=CARTESIAN_POINT('Origin',(42.012913385827,24.330413385827,13.));
#4372=CARTESIAN_POINT('',(30.512913385827,24.330413385827,13.));
#4373=CARTESIAN_POINT('Origin',(30.512913385827,14.399163385827,13.));
#4374=CARTESIAN_POINT('Origin',(30.512913385827,30.830413385827,13.));
#4375=CARTESIAN_POINT('',(24.012913385827,30.830413385827,13.));
#4376=CARTESIAN_POINT('Origin',(24.012913385827,24.330413385827,13.));
#4377=CARTESIAN_POINT('',(24.012913385827,35.830413385827,13.));
#4378=CARTESIAN_POINT('Origin',(30.512913385827,35.830413385827,13.));
#4379=CARTESIAN_POINT('Origin',(9.08166338582699,30.830413385827,13.));
#4380=CARTESIAN_POINT('',(2.58166338582699,30.830413385827,13.));
#4381=CARTESIAN_POINT('Origin',(2.58166338582699,24.330413385827,13.));
#4382=CARTESIAN_POINT('',(2.58166338582699,35.830413385827,13.));
#4383=CARTESIAN_POINT('Origin',(9.08166338582699,35.830413385827,13.));
#4384=CARTESIAN_POINT('',(9.08166338582699,42.330413385827,13.));
#4385=CARTESIAN_POINT('Origin',(2.58166338582699,42.330413385827,13.));
#4386=CARTESIAN_POINT('Origin',(7.14375023251301,59.53124976749,13.));
#4387=UNCERTAINTY_MEASURE_WITH_UNIT(LENGTH_MEASURE(0.01),#4391,
'DISTANCE_ACCURACY_VALUE',
'Maximum model space distance between geometric entities at asserted c
onnectivities');
#4388=UNCERTAINTY_MEASURE_WITH_UNIT(LENGTH_MEASURE(0.01),#4391,
'DISTANCE_ACCURACY_VALUE',
'Maximum model space distance between geometric entities at asserted c
onnectivities');
#4389=(
GEOMETRIC_REPRESENTATION_CONTEXT(3)
GLOBAL_UNCERTAINTY_ASSIGNED_CONTEXT((#4387))
GLOBAL_UNIT_ASSIGNED_CONTEXT((#4391,#4392,#4393))
REPRESENTATION_CONTEXT('','3D')
);
#4390=(
GEOMETRIC_REPRESENTATION_CONTEXT(3)
GLOBAL_UNCERTAINTY_ASSIGNED_CONTEXT((#4388))
GLOBAL_UNIT_ASSIGNED_CONTEXT((#4391,#4392,#4393))
REPRESENTATION_CONTEXT('','3D')
);
#4391=(
LENGTH_UNIT()
NAMED_UNIT(*)
SI_UNIT(.MILLI.,.METRE.)
);
#4392=(
NAMED_UNIT(*)
PLANE_ANGLE_UNIT()
SI_UNIT($,.RADIAN.)
);
#4393=(
NAMED_UNIT(*)
SI_UNIT($,.STERADIAN.)
SOLID_ANGLE_UNIT()
);
#4394=SHAPE_DEFINITION_REPRESENTATION(#4395,#4396);
#4395=PRODUCT_DEFINITION_SHAPE('',$,#4398);
#4396=SHAPE_REPRESENTATION('',(#2595),#4389);
#4397=PRODUCT_DEFINITION_CONTEXT('part definition',#4402,'design');
#4398=PRODUCT_DEFINITION('AnishPad 1','AnishPad v16',#4399,#4397);
#4399=PRODUCT_DEFINITION_FORMATION('',$,#4404);
#4400=PRODUCT_RELATED_PRODUCT_CATEGORY('AnishPad v16','AnishPad v16',(#4404));
#4401=APPLICATION_PROTOCOL_DEFINITION('international standard',
'automotive_design',2009,#4402);
#4402=APPLICATION_CONTEXT(
'Core Data for Automotive Mechanical Design Process');
#4403=PRODUCT_CONTEXT('part definition',#4402,'mechanical');
#4404=PRODUCT('AnishPad 1','AnishPad v16','KiCad electronic assembly',(#4403));
#4405=PRESENTATION_STYLE_ASSIGNMENT((#4436));
#4406=PRESENTATION_STYLE_ASSIGNMENT((#4437));
#4407=PRESENTATION_STYLE_ASSIGNMENT((#4438));
#4408=PRESENTATION_STYLE_ASSIGNMENT((#4439));
#4409=PRESENTATION_STYLE_ASSIGNMENT((#4440));
#4410=PRESENTATION_STYLE_ASSIGNMENT((#4441));
#4411=PRESENTATION_STYLE_ASSIGNMENT((#4442));
#4412=PRESENTATION_STYLE_ASSIGNMENT((#4443));
#4413=PRESENTATION_STYLE_ASSIGNMENT((#4444));
#4414=PRESENTATION_STYLE_ASSIGNMENT((#4445));
#4415=PRESENTATION_STYLE_ASSIGNMENT((#4446));
#4416=PRESENTATION_STYLE_ASSIGNMENT((#4447));
#4417=PRESENTATION_STYLE_ASSIGNMENT((#4448));
#4418=PRESENTATION_STYLE_ASSIGNMENT((#4449));
#4419=PRESENTATION_STYLE_ASSIGNMENT((#4450));
#4420=PRESENTATION_STYLE_ASSIGNMENT((#4451));
#4421=PRESENTATION_STYLE_ASSIGNMENT((#4452));
#4422=PRESENTATION_STYLE_ASSIGNMENT((#4453));
#4423=PRESENTATION_STYLE_ASSIGNMENT((#4454));
#4424=PRESENTATION_STYLE_ASSIGNMENT((#4455));
#4425=PRESENTATION_STYLE_ASSIGNMENT((#4456));
#4426=PRESENTATION_STYLE_ASSIGNMENT((#4457));
#4427=PRESENTATION_STYLE_ASSIGNMENT((#4458));
#4428=PRESENTATION_STYLE_ASSIGNMENT((#4459));
#4429=PRESENTATION_STYLE_ASSIGNMENT((#4460));
#4430=PRESENTATION_STYLE_ASSIGNMENT((#4461));
#4431=PRESENTATION_STYLE_ASSIGNMENT((#4462));
#4432=PRESENTATION_STYLE_ASSIGNMENT((#4463));
#4433=PRESENTATION_STYLE_ASSIGNMENT((#4464));
#4434=PRESENTATION_STYLE_ASSIGNMENT((#4465));
#4435=PRESENTATION_STYLE_ASSIGNMENT((#4466));
#4436=SURFACE_STYLE_USAGE(.BOTH.,#4467);
#4437=SURFACE_STYLE_USAGE(.BOTH.,#4468);
#4438=SURFACE_STYLE_USAGE(.BOTH.,#4469);
#4439=SURFACE_STYLE_USAGE(.BOTH.,#4470);
#4440=SURFACE_STYLE_USAGE(.BOTH.,#4471);
#4441=SURFACE_STYLE_USAGE(.BOTH.,#4472);
#4442=SURFACE_STYLE_USAGE(.BOTH.,#4473);
#4443=SURFACE_STYLE_USAGE(.BOTH.,#4474);
#4444=SURFACE_STYLE_USAGE(.BOTH.,#4475);
#4445=SURFACE_STYLE_USAGE(.BOTH.,#4476);
#4446=SURFACE_STYLE_USAGE(.BOTH.,#4477);
#4447=SURFACE_STYLE_USAGE(.BOTH.,#4478);
#4448=SURFACE_STYLE_USAGE(.BOTH.,#4479);
#4449=SURFACE_STYLE_USAGE(.BOTH.,#4480);
#4450=SURFACE_STYLE_USAGE(.BOTH.,#4481);
#4451=SURFACE_STYLE_USAGE(.BOTH.,#4482);
#4452=SURFACE_STYLE_USAGE(.BOTH.,#4483);
#4453=SURFACE_STYLE_USAGE(.BOTH.,#4484);
#4454=SURFACE_STYLE_USAGE(.BOTH.,#4485);
#4455=SURFACE_STYLE_USAGE(.BOTH.,#4486);
#4456=SURFACE_STYLE_USAGE(.BOTH.,#4487);
#4457=SURFACE_STYLE_USAGE(.BOTH.,#4488);
#4458=SURFACE_STYLE_USAGE(.BOTH.,#4489);
#4459=SURFACE_STYLE_USAGE(.BOTH.,#4490);
#4460=SURFACE_STYLE_USAGE(.BOTH.,#4491);
#4461=SURFACE_STYLE_USAGE(.BOTH.,#4492);
#4462=SURFACE_STYLE_USAGE(.BOTH.,#4493);
#4463=SURFACE_STYLE_USAGE(.BOTH.,#4494);
#4464=SURFACE_STYLE_USAGE(.BOTH.,#4495);
#4465=SURFACE_STYLE_USAGE(.BOTH.,#4496);
#4466=SURFACE_STYLE_USAGE(.BOTH.,#4497);
#4467=SURFACE_SIDE_STYLE('',(#4498));
#4468=SURFACE_SIDE_STYLE('',(#4499));
#4469=SURFACE_SIDE_STYLE('',(#4500));
#4470=SURFACE_SIDE_STYLE('',(#4501));
#4471=SURFACE_SIDE_STYLE('',(#4502));
#4472=SURFACE_SIDE_STYLE('',(#4503));
#4473=SURFACE_SIDE_STYLE('',(#4504));
#4474=SURFACE_SIDE_STYLE('',(#4505));
#4475=SURFACE_SIDE_STYLE('',(#4506));
#4476=SURFACE_SIDE_STYLE('',(#4507));
#4477=SURFACE_SIDE_STYLE('',(#4508));
#4478=SURFACE_SIDE_STYLE('',(#4509));
#4479=SURFACE_SIDE_STYLE('',(#4510));
#4480=SURFACE_SIDE_STYLE('',(#4511));
#4481=SURFACE_SIDE_STYLE('',(#4512));
#4482=SURFACE_SIDE_STYLE('',(#4513));
#4483=SURFACE_SIDE_STYLE('',(#4514));
#4484=SURFACE_SIDE_STYLE('',(#4515));
#4485=SURFACE_SIDE_STYLE('',(#4516));
#4486=SURFACE_SIDE_STYLE('',(#4517));
#4487=SURFACE_SIDE_STYLE('',(#4518));
#4488=SURFACE_SIDE_STYLE('',(#4519));
#4489=SURFACE_SIDE_STYLE('',(#4520));
#4490=SURFACE_SIDE_STYLE('',(#4521));
#4491=SURFACE_SIDE_STYLE('',(#4522));
#4492=SURFACE_SIDE_STYLE('',(#4523));
#4493=SURFACE_SIDE_STYLE('',(#4524));
#4494=SURFACE_SIDE_STYLE('',(#4525));
#4495=SURFACE_SIDE_STYLE('',(#4526));
#4496=SURFACE_SIDE_STYLE('',(#4527));
#4497=SURFACE_SIDE_STYLE('',(#4528));
#4498=SURFACE_STYLE_FILL_AREA(#4529);
#4499=SURFACE_STYLE_FILL_AREA(#4530);
#4500=SURFACE_STYLE_FILL_AREA(#4531);
#4501=SURFACE_STYLE_FILL_AREA(#4532);
#4502=SURFACE_STYLE_FILL_AREA(#4533);
#4503=SURFACE_STYLE_FILL_AREA(#4534);
#4504=SURFACE_STYLE_FILL_AREA(#4535);
#4505=SURFACE_STYLE_FILL_AREA(#4536);
#4506=SURFACE_STYLE_FILL_AREA(#4537);
#4507=SURFACE_STYLE_FILL_AREA(#4538);
#4508=SURFACE_STYLE_FILL_AREA(#4539);
#4509=SURFACE_STYLE_FILL_AREA(#4540);
#4510=SURFACE_STYLE_FILL_AREA(#4541);
#4511=SURFACE_STYLE_FILL_AREA(#4542);
#4512=SURFACE_STYLE_FILL_AREA(#4543);
#4513=SURFACE_STYLE_FILL_AREA(#4544);
#4514=SURFACE_STYLE_FILL_AREA(#4545);
#4515=SURFACE_STYLE_FILL_AREA(#4546);
#4516=SURFACE_STYLE_FILL_AREA(#4547);
#4517=SURFACE_STYLE_FILL_AREA(#4548);
#4518=SURFACE_STYLE_FILL_AREA(#4549);
#4519=SURFACE_STYLE_FILL_AREA(#4550);
#4520=SURFACE_STYLE_FILL_AREA(#4551);
#4521=SURFACE_STYLE_FILL_AREA(#4552);
#4522=SURFACE_STYLE_FILL_AREA(#4553);
#4523=SURFACE_STYLE_FILL_AREA(#4554);
#4524=SURFACE_STYLE_FILL_AREA(#4555);
#4525=SURFACE_STYLE_FILL_AREA(#4556);
#4526=SURFACE_STYLE_FILL_AREA(#4557);
#4527=SURFACE_STYLE_FILL_AREA(#4558);
#4528=SURFACE_STYLE_FILL_AREA(#4559);
#4529=FILL_AREA_STYLE('Steel - Satin',(#4560));
#4530=FILL_AREA_STYLE('Paint - Enamel Glossy (White)',(#4561));
#4531=FILL_AREA_STYLE('ABS (White)',(#4562));
#4532=FILL_AREA_STYLE('ABS (White)',(#4563));
#4533=FILL_AREA_STYLE('Opaque(25,25,25)',(#4564));
#4534=FILL_AREA_STYLE('Opaque(255,255,255)',(#4565));
#4535=FILL_AREA_STYLE('Opaque(136,60,0)',(#4566));
#4536=FILL_AREA_STYLE('Opaque(219,188,126)',(#4567));
#4537=FILL_AREA_STYLE('Opaque(210,209,199)',(#4568));
#4538=FILL_AREA_STYLE('Opaque(192,192,192)',(#4569));
#4539=FILL_AREA_STYLE('Opaque(191,191,191)',(#4570));
#4540=FILL_AREA_STYLE('Opaque(0,0,255)',(#4571));
#4541=FILL_AREA_STYLE('Opaque(72,71,61)',(#4572));
#4542=FILL_AREA_STYLE('Opaque(69,80,94)',(#4573));
#4543=FILL_AREA_STYLE('Opaque(244,244,244)',(#4574));
#4544=FILL_AREA_STYLE('Opaque(242,242,255)',(#4575));
#4545=FILL_AREA_STYLE('Opaque(10,74,171)',(#4576));
#4546=FILL_AREA_STYLE('Opaque(5,5,5)',(#4577));
#4547=FILL_AREA_STYLE('Opaque(204,204,204)',(#4578));
#4548=FILL_AREA_STYLE('Opaque(10,10,10)',(#4579));
#4549=FILL_AREA_STYLE('Opaque(152,170,175)',(#4580));
#4550=FILL_AREA_STYLE('Opaque(63,63,63)',(#4581));
#4551=FILL_AREA_STYLE('Opaque(242,242,242)',(#4582));
#4552=FILL_AREA_STYLE('Opaque(211,212,213)',(#4583));
#4553=FILL_AREA_STYLE('Opaque(30,30,30)',(#4584));
#4554=FILL_AREA_STYLE('Opaque(176,173,173)',(#4585));
#4555=FILL_AREA_STYLE('Opaque(80,124,105)',(#4586));
#4556=FILL_AREA_STYLE('ABS (White)',(#4587));
#4557=FILL_AREA_STYLE('ABS (White)',(#4588));
#4558=FILL_AREA_STYLE('Opaque(44,44,44)',(#4589));
#4559=FILL_AREA_STYLE('Opaque(245,245,246)',(#4590));
#4560=FILL_AREA_STYLE_COLOUR('Steel - Satin',#4591);
#4561=FILL_AREA_STYLE_COLOUR('Paint - Enamel Glossy (White)',#4592);
#4562=FILL_AREA_STYLE_COLOUR('ABS (White)',#4593);
#4563=FILL_AREA_STYLE_COLOUR('ABS (White)',#4594);
#4564=FILL_AREA_STYLE_COLOUR('Opaque(25,25,25)',#4595);
#4565=FILL_AREA_STYLE_COLOUR('Opaque(255,255,255)',#4596);
#4566=FILL_AREA_STYLE_COLOUR('Opaque(136,60,0)',#4597);
#4567=FILL_AREA_STYLE_COLOUR('Opaque(219,188,126)',#4598);
#4568=FILL_AREA_STYLE_COLOUR('Opaque(210,209,199)',#4599);
#4569=FILL_AREA_STYLE_COLOUR('Opaque(192,192,192)',#4600);
#4570=FILL_AREA_STYLE_COLOUR('Opaque(191,191,191)',#4601);
#4571=FILL_AREA_STYLE_COLOUR('Opaque(0,0,255)',#4602);
#4572=FILL_AREA_STYLE_COLOUR('Opaque(72,71,61)',#4603);
#4573=FILL_AREA_STYLE_COLOUR('Opaque(69,80,94)',#4604);
#4574=FILL_AREA_STYLE_COLOUR('Opaque(244,244,244)',#4605);
#4575=FILL_AREA_STYLE_COLOUR('Opaque(242,242,255)',#4606);
#4576=FILL_AREA_STYLE_COLOUR('Opaque(10,74,171)',#4607);
#4577=FILL_AREA_STYLE_COLOUR('Opaque(5,5,5)',#4608);
#4578=FILL_AREA_STYLE_COLOUR('Opaque(204,204,204)',#4609);
#4579=FILL_AREA_STYLE_COLOUR('Opaque(10,10,10)',#4610);
#4580=FILL_AREA_STYLE_COLOUR('Opaque(152,170,175)',#4611);
#4581=FILL_AREA_STYLE_COLOUR('Opaque(63,63,63)',#4612);
#4582=FILL_AREA_STYLE_COLOUR('Opaque(242,242,242)',#4613);
#4583=FILL_AREA_STYLE_COLOUR('Opaque(211,212,213)',#4614);
#4584=FILL_AREA_STYLE_COLOUR('Opaque(30,30,30)',#4615);
#4585=FILL_AREA_STYLE_COLOUR('Opaque(176,173,173)',#4616);
#4586=FILL_AREA_STYLE_COLOUR('Opaque(80,124,105)',#4617);
#4587=FILL_AREA_STYLE_COLOUR('ABS (White)',#4618);
#4588=FILL_AREA_STYLE_COLOUR('ABS (White)',#4619);
#4589=FILL_AREA_STYLE_COLOUR('Opaque(44,44,44)',#4620);
#4590=FILL_AREA_STYLE_COLOUR('Opaque(245,245,246)',#4621);
#4591=COLOUR_RGB('Steel - Satin',0.627450980392157,0.627450980392157,0.627450980392157);
#4592=COLOUR_RGB('Paint - Enamel Glossy (White)',0.964705882352941,0.964705882352941,
0.952941176470588);
#4593=COLOUR_RGB('ABS (White)',0.741176470588235,0.447058823529412,0.172549019607843);
#4594=COLOUR_RGB('ABS (White)',0.741176470588235,0.643137254901961,0.196078431372549);
#4595=COLOUR_RGB('Opaque(25,25,25)',0.0980392156862745,0.0980392156862745,
0.0980392156862745);
#4596=COLOUR_RGB('Opaque(255,255,255)',1.,1.,1.);
#4597=COLOUR_RGB('Opaque(136,60,0)',0.533333333333333,0.235294117647059,
0.);
#4598=COLOUR_RGB('Opaque(219,188,126)',0.858823529411765,0.737254901960784,
0.494117647058824);
#4599=COLOUR_RGB('Opaque(210,209,199)',0.823529411764706,0.819607843137255,
0.780392156862745);
#4600=COLOUR_RGB('Opaque(192,192,192)',0.752941176470588,0.752941176470588,
0.752941176470588);
#4601=COLOUR_RGB('Opaque(191,191,191)',0.749019607843137,0.749019607843137,
0.749019607843137);
#4602=COLOUR_RGB('Opaque(0,0,255)',0.,0.,1.);
#4603=COLOUR_RGB('Opaque(72,71,61)',0.282352941176471,0.27843137254902,
0.23921568627451);
#4604=COLOUR_RGB('Opaque(69,80,94)',0.270588235294118,0.313725490196078,
0.368627450980392);
#4605=COLOUR_RGB('Opaque(244,244,244)',0.956862745098039,0.956862745098039,
0.956862745098039);
#4606=COLOUR_RGB('Opaque(242,242,255)',0.949019607843137,0.949019607843137,
1.);
#4607=COLOUR_RGB('Opaque(10,74,171)',0.0392156862745098,0.290196078431373,
0.670588235294118);
#4608=COLOUR_RGB('Opaque(5,5,5)',0.0196078431372549,0.0196078431372549,
0.0196078431372549);
#4609=COLOUR_RGB('Opaque(204,204,204)',0.8,0.8,0.8);
#4610=COLOUR_RGB('Opaque(10,10,10)',0.0392156862745098,0.0392156862745098,
0.0392156862745098);
#4611=COLOUR_RGB('Opaque(152,170,175)',0.596078431372549,0.666666666666667,
0.686274509803922);
#4612=COLOUR_RGB('Opaque(63,63,63)',0.250980392156863,0.250980392156863,
0.250980392156863);
#4613=COLOUR_RGB('Opaque(242,242,242)',0.949019607843137,0.949019607843137,
0.949019607843137);
#4614=COLOUR_RGB('Opaque(211,212,213)',0.827450980392157,0.831372549019608,
0.835294117647059);
#4615=COLOUR_RGB('Opaque(30,30,30)',0.117647058823529,0.117647058823529,
0.117647058823529);
#4616=COLOUR_RGB('Opaque(176,173,173)',0.690196078431373,0.67843137254902,
0.67843137254902);
#4617=COLOUR_RGB('Opaque(80,124,105)',0.313725490196078,0.486274509803922,
0.411764705882353);
#4618=COLOUR_RGB('ABS (White)',0.494117647058824,0.494117647058824,0.494117647058824);
#4619=COLOUR_RGB('ABS (White)',0.72156862745098,0.0980392156862745,0.);
#4620=COLOUR_RGB('Opaque(44,44,44)',0.172549019607843,0.172549019607843,
0.172549019607843);
#4621=COLOUR_RGB('Opaque(245,245,246)',0.96078431372549,0.96078431372549,
0.964705882352941);
ENDSEC;
END-ISO-10303-21;
